Order Number,CITY,Billing Address Province,Customer Id,Invoice Date,Product Type,Quantity,Subtotal Price,Total Price Usd,Total Tax
1681,HOUSTON,Texas,2865,2025-03-19 17:27:00,Climbing Shoes,1,535.13,588.643,53.513
6972,MONROE,Louisiana,4987,2025-03-24 15:42:00,Climbing Shoes,1,578.33,636.163,57.833
4994,HOUSTON,Texas,5472,2025-03-22 18:32:00,Climbing Shoes,1,594.33,653.763,59.433
206,EL PASO,Texas,3227,2025-03-18 10:51:00,Climbing Shoes,1,487.13,535.843,48.713
4346,PANAMA CITY,Florida,1874,2025-03-22 09:55:00,Climbing Shoes,1,535.13,588.643,53.513
5656,SPRINGFIELD,Illinois,607,2025-03-23 13:47:00,Climbing Shoes,1,741.13,815.243,74.113
6507,GREEN BAY,Wisconsin,5134,2025-03-24 10:18:00,Climbing Shoes,1,1036.73,1140.403,103.673
6890,LAFAYETTE,Indiana,4689,2025-03-24 14:26:00,Climbing Shoes,1,1038.33,1142.163,103.833
6284,CHICAGO,Illinois,5613,2025-03-24 07:19:00,Running Shoes,1,508.13,558.943,50.813
6285,BURBANK,California,4038,2025-03-24 07:19:00,Climbing Shoes,1,713.13,784.443,71.313
5629,LONG BEACH,California,673,2025-03-23 13:22:00,Climbing Shoes,1,595.93,655.523,59.593
5133,SHREVEPORT,Louisiana,3413,2025-03-22 20:31:00,Climbing Shoes,1,634.33,697.763,63.433
6937,ORANGE,California,1719,2025-03-24 15:13:00,Walking Shoes,1,547.13,601.843,54.713
2560,ATLANTA,Georgia,4531,2025-03-20 15:03:00,Walking Shoes,1,944.13,1038.543,94.413
4090,SCOTTSDALE,Arizona,3534,2025-03-21 22:46:00,Walking Shoes,1,562.13,618.343,56.213
5927,SANTA CLARA,California,2665,2025-03-23 18:19:00,Walking Shoes,1,727.13,799.843,72.713
4113,WASHINGTON,District of Columbia,5184,2025-03-21 23:17:00,Walking Shoes,1,529.53,582.483,52.953
7159,JACKSONVILLE,Florida,697,2025-03-24 18:29:00,Walking Shoes,1,821.53,903.683,82.153
7402,COLUMBIA,South Carolina,1574,2025-03-24 23:14:00,Walking Shoes,1,686.33,754.963,68.633
433,NEW YORK CITY,New York,5606,2025-03-18 13:45:00,Walking Shoes,1,474.13,521.543,47.413
4104,MIAMI,Florida,3640,2025-03-21 23:00:00,Walking Shoes,1,595.13,654.643,59.513
2985,ALBUQUERQUE,New Mexico,2361,2025-03-20 20:33:00,Walking Shoes,1,595.13,654.643,59.513
1817,SPRING,Texas,3701,2025-03-19 19:07:00,Tennis Shoes,1,527.13,579.843,52.713
2190,BRADENTON,Florida,757,2025-03-20 10:07:00,Tennis Shoes,1,527.13,579.843,52.713
2457,MEMPHIS,Tennessee,5602,2025-03-20 13:46:00,Tennis Shoes,1,509.53,560.483,50.953
3524,GARY,Indiana,2796,2025-03-21 13:20:00,Tennis Shoes,1,509.53,560.483,50.953
6892,BROOKLYN,New York,5467,2025-03-24 14:27:00,Tennis Shoes,1,587.93,646.723,58.793
6494,STOCKTON,California,5044,2025-03-24 10:11:00,Tennis Shoes,1,527.13,579.843,52.713
173,NEW ORLEANS,Louisiana,3353,2025-03-18 10:26:00,Tennis Shoes,1,736.73,810.403,73.673
5285,PITTSBURGH,Pennsylvania,1005,2025-03-23 00:04:00,Tennis Shoes,1,527.13,579.843,52.713
1134,KATY,Texas,1652,2025-03-19 10:39:00,Tennis Shoes,1,579.93,637.923,57.993
2377,TEXARKANA,Texas,2011,2025-03-20 12:35:00,Tennis Shoes,1,509.53,560.483,50.953
4959,MIAMI,Florida,956,2025-03-22 17:54:00,Tennis Shoes,1,782.63,860.893,78.263
1069,TAMPA,Florida,5711,2025-03-19 09:48:00,Tennis Shoes,1,527.13,579.843,52.713
5011,HUNTSVILLE,Alabama,2210,2025-03-22 18:48:00,Tennis Shoes,1,625.13,687.643,62.513
1871,CHATTANOOGA,Tennessee,1244,2025-03-19 20:00:00,Tennis Shoes,1,658.33,724.163,65.833
5769,LAS VEGAS,Nevada,4885,2025-03-23 15:38:00,Tennis Shoes,1,587.93,646.723,58.793
5916,READING,Pennsylvania,6335,2025-03-23 18:05:00,Tennis Shoes,1,509.53,560.483,50.953
6570,ANNISTON,Alabama,6162,2025-03-24 10:58:00,Tennis Shoes,1,610.33,671.363,61.033
1671,LONG BEACH,California,4057,2025-03-19 17:11:00,Tennis Shoes,1,569.13,626.043,56.913
7104,CORPUS CHRISTI,Texas,3910,2025-03-24 17:37:00,Tennis Shoes,1,1064.73,1171.203,106.473
1155,WASHINGTON,District of Columbia,2121,2025-03-19 10:56:00,Tennis Shoes,1,658.33,724.163,65.833
2832,RICHMOND,Virginia,1948,2025-03-20 18:24:00,Tennis Shoes,1,509.53,560.483,50.953
3705,HOUSTON,Texas,2376,2025-03-21 16:00:00,Tennis Shoes,1,579.93,637.923,57.993
4406,PITTSBURGH,Pennsylvania,5658,2025-03-22 10:30:00,Tennis Shoes,1,648.73,713.603,64.873
5289,BALTIMORE,Maryland,4797,2025-03-23 00:12:00,Tennis Shoes,1,652.13,717.343,65.213
7235,DES MOINES,Iowa,5552,2025-03-24 19:38:00,Tennis Shoes,1,625.13,687.643,62.513
937,BALTIMORE,Maryland,4153,2025-03-18 23:49:00,Tennis Shoes,1,527.13,579.843,52.713
1538,HOUSTON,Texas,1698,2025-03-19 15:46:00,Tennis Shoes,1,527.13,579.843,52.713
1584,SANTA CRUZ,California,3637,2025-03-19 16:18:00,Tennis Shoes,1,585.13,643.643,58.513
1837,PORTLAND,Oregon,1294,2025-03-19 19:23:00,Tennis Shoes,1,674.13,741.543,67.413
2603,MADISON,Wisconsin,1842,2025-03-20 15:28:00,Tennis Shoes,1,615.13,676.643,61.513
3914,GRAND RAPIDS,Michigan,6441,2025-03-21 19:19:00,Tennis Shoes,1,909.13,1000.043,90.913
5809,KANSAS CITY,Missouri,1911,2025-03-23 16:18:00,Cycling Shoes,1,527.13,579.843,52.713
580,TORRANCE,California,6313,2025-03-18 15:57:00,Cycling Shoes,1,579.93,637.923,57.993
2380,WASHINGTON,District of Columbia,3297,2025-03-20 12:38:00,Cycling Shoes,1,509.53,560.483,50.953
4379,LAFAYETTE,Louisiana,170,2025-03-22 10:14:00,Cycling Shoes,1,509.53,560.483,50.953
892,TOPEKA,Kansas,1457,2025-03-18 22:16:00,Cycling Shoes,1,509.53,560.483,50.953
5007,BIRMINGHAM,Alabama,3970,2025-03-22 18:44:00,Cycling Shoes,1,509.53,560.483,50.953
7343,SCRANTON,Pennsylvania,4456,2025-03-24 21:48:00,Cycling Shoes,1,504.13,554.543,50.413
4074,LINCOLN,Nebraska,5257,2025-03-21 22:25:00,Cycling Shoes,1,527.13,579.843,52.713
6432,DALLAS,Texas,4481,2025-03-24 09:36:00,Cycling Shoes,1,615.13,676.643,61.513
6532,VANCOUVER,Washington,5114,2025-03-24 10:34:00,Cycling Shoes,1,615.13,676.643,61.513
958,SAN FRANCISCO,California,1627,2025-03-19 00:49:00,Cycling Shoes,1,509.53,560.483,50.953
3647,NEW ORLEANS,Louisiana,6034,2025-03-21 15:09:00,Cycling Shoes,1,439.13,483.043,43.913
88,ALBANY,Georgia,2772,2025-03-18 09:00:00,Cycling Shoes,1,509.53,560.483,50.953
101,AKRON,Ohio,4345,2025-03-18 09:11:00,Cycling Shoes,1,509.53,560.483,50.953
2741,NASHVILLE,Tennessee,4552,2025-03-20 17:22:00,Walking Shoes,1,509.53,560.483,50.953
921,BOSTON,Massachusetts,176,2025-03-18 23:12:00,Walking Shoes,1,869.13,956.043,86.913
4562,STOCKTON,California,4270,2025-03-22 12:17:00,Walking Shoes,1,439.13,483.043,43.913
5076,SAVANNAH,Georgia,1192,2025-03-22 19:41:00,Walking Shoes,1,484.13,532.543,48.413
1239,WINSTON SALEM,North Carolina,3587,2025-03-19 11:54:00,Walking Shoes,1,613.13,674.443,61.313
6485,HOUSTON,Texas,4592,2025-03-24 10:08:00,Walking Shoes,1,485.53,534.083,48.553
5760,SAN JOSE,California,406,2025-03-23 15:30:00,Walking Shoes,1,537.13,590.843,53.713
3003,COLUMBUS,Ohio,3037,2025-03-20 20:51:00,Walking Shoes,1,490.13,539.143,49.013
4588,AURORA,Colorado,997,2025-03-22 12:36:00,Walking Shoes,1,497.13,546.843,49.713
6710,TOPEKA,Kansas,4485,2025-03-24 12:22:00,Walking Shoes,1,497.13,546.843,49.713
6498,SCHENECTADY,New York,3528,2025-03-24 10:13:00,Walking Shoes,1,915.93,1007.523,91.593
6857,SAGINAW,Michigan,4378,2025-03-24 14:06:00,Walking Shoes,1,541.13,595.243,54.113
7096,WASHINGTON,District of Columbia,2967,2025-03-24 17:30:00,Walking Shoes,1,482.63,530.893,48.263
1201,PORTLAND,Oregon,4441,2025-03-19 11:31:00,Walking Shoes,1,497.13,546.843,49.713
3793,KINGSPORT,Tennessee,5640,2025-03-21 17:17:00,Walking Shoes,1,497.13,546.843,49.713
5278,DES MOINES,Iowa,2254,2025-03-22 23:48:00,Walking Shoes,1,497.13,546.843,49.713
5432,SAN DIEGO,California,577,2025-03-23 10:01:00,Walking Shoes,1,497.13,546.843,49.713
6034,DENVER,Colorado,4310,2025-03-23 20:23:00,Walking Shoes,1,555.13,610.643,55.513
6502,SEATTLE,Washington,4381,2025-03-24 10:14:00,Walking Shoes,1,497.13,546.843,49.713
6813,NEW YORK CITY,New York,5122,2025-03-24 13:42:00,Walking Shoes,1,613.13,674.443,61.313
1122,BATTLE CREEK,Michigan,2860,2025-03-19 10:29:00,Walking Shoes,1,664.73,731.203,66.473
1805,RICHMOND,Virginia,3008,2025-03-19 19:00:00,Walking Shoes,1,671.13,738.243,67.113
5153,CLEVELAND,Ohio,5934,2025-03-22 20:49:00,Walking Shoes,1,485.53,534.083,48.553
5787,CHARLESTON,West Virginia,4409,2025-03-23 16:00:00,Walking Shoes,1,526.13,578.743,52.613
5906,HOUSTON,Texas,5816,2025-03-23 17:51:00,Walking Shoes,1,548.63,603.493,54.863
5694,FRESNO,California,4432,2025-03-23 14:34:00,Walking Shoes,1,490.13,539.143,49.013
5597,MUSKEGON,Michigan,1854,2025-03-23 12:56:00,Walking Shoes,1,1041.13,1145.243,104.113
6883,ATLANTA,Georgia,3924,2025-03-24 14:23:00,Walking Shoes,1,531.93,585.123,53.193
7144,MINNEAPOLIS,Minnesota,4327,2025-03-24 18:14:00,Walking Shoes,1,497.13,546.843,49.713
7233,LUBBOCK,Texas,499,2025-03-24 19:37:00,Walking Shoes,1,613.13,674.443,61.313
7346,TERRE HAUTE,Indiana,435,2025-03-24 21:50:00,Walking Shoes,1,613.13,674.443,61.313
5023,SYRACUSE,New York,4133,2025-03-22 19:00:00,Walking Shoes,1,717.53,789.283,71.753
1342,OMAHA,Nebraska,1627,2025-03-19 13:06:00,Walking Shoes,1,729.13,802.043,72.913
2524,MIAMI,Florida,5435,2025-03-20 14:38:00,Walking Shoes,1,497.13,546.843,49.713
5444,SEATTLE,Washington,3367,2025-03-23 10:09:00,Walking Shoes,1,485.53,534.083,48.553
6439,MAPLE PLAIN,Minnesota,2529,2025-03-24 09:40:00,Walking Shoes,1,547.93,602.723,54.793
7218,SAN DIEGO,California,2242,2025-03-24 19:26:00,Walking Shoes,1,671.13,738.243,67.113
7350,FORT LAUDERDALE,Florida,4763,2025-03-24 21:55:00,Cycling Shoes,1,497.13,546.843,49.713
4481,SACRAMENTO,California,2564,2025-03-22 11:19:00,Walking Shoes,1,624.73,687.203,62.473
5763,NEW YORK CITY,New York,5392,2025-03-23 15:32:00,Walking Shoes,1,531.93,585.123,53.193
648,NEW YORK CITY,New York,1871,2025-03-18 16:51:00,Walking Shoes,1,490.13,539.143,49.013
2466,NAPLES,Florida,6224,2025-03-20 13:50:00,Walking Shoes,1,485.53,534.083,48.553
1559,TRENTON,New Jersey,1063,2025-03-19 16:01:00,Walking Shoes,1,497.13,546.843,49.713
5440,WEST HARTFORD,Connecticut,4500,2025-03-23 10:06:00,Walking Shoes,1,497.13,546.843,49.713
1042,JACKSONVILLE,Florida,1913,2025-03-19 09:17:00,Walking Shoes,1,490.13,539.143,49.013
6935,AUSTIN,Texas,462,2025-03-24 15:11:00,Walking Shoes,1,671.13,738.243,67.113
2050,DALLAS,Texas,4901,2025-03-20 01:07:00,Walking Shoes,1,565.13,621.643,56.513
2946,FORT LAUDERDALE,Florida,1934,2025-03-20 19:55:00,Walking Shoes,1,497.13,546.843,49.713
5779,CHICAGO,Illinois,1220,2025-03-23 15:57:00,Walking Shoes,1,595.13,654.643,59.513
2311,TORRANCE,California,3788,2025-03-20 11:43:00,Walking Shoes,1,485.53,534.083,48.553
2399,SEATTLE,Washington,2591,2025-03-20 12:57:00,Walking Shoes,1,539.93,593.923,53.993
5857,ALPHARETTA,Georgia,5913,2025-03-23 17:06:00,Walking Shoes,1,505.53,556.083,50.553
4666,HUNTINGTON,West Virginia,6141,2025-03-22 13:35:00,Walking Shoes,1,749.53,824.483,74.953
3443,WASHINGTON,District of Columbia,257,2025-03-21 12:07:00,Walking Shoes,1,493.53,542.883,49.353
6162,ALBUQUERQUE,New Mexico,1761,2025-03-23 22:14:00,Walking Shoes,1,635.13,698.643,63.513
6547,RIVERSIDE,California,2318,2025-03-24 10:42:00,Cycling Shoes,1,723.13,795.443,72.313
6023,OMAHA,Nebraska,3127,2025-03-23 20:12:00,Cycling Shoes,1,517.53,569.283,51.753
6278,HOUSTON,Texas,5140,2025-03-24 06:54:00,Cycling Shoes,1,517.53,569.283,51.753
7004,PORTLAND,Oregon,3631,2025-03-24 16:09:00,Cycling Shoes,1,595.93,655.523,59.593
5759,STERLING,Virginia,2768,2025-03-23 15:28:00,Cycling Shoes,1,537.13,590.843,53.713
5899,PHOENIX,Arizona,4212,2025-03-23 17:45:00,Cycling Shoes,1,537.13,590.843,53.713
6143,PHOENIX,Arizona,2026,2025-03-23 21:57:00,Cycling Shoes,1,635.13,698.643,63.513
7318,TRENTON,New Jersey,5725,2025-03-24 21:06:00,Cycling Shoes,1,537.13,590.843,53.713
6916,WINSTON SALEM,North Carolina,3045,2025-03-24 14:54:00,Cycling Shoes,1,642.33,706.563,64.233
7363,MOBILE,Alabama,4189,2025-03-24 22:12:00,Cycling Shoes,1,650.33,715.363,65.033
2493,DETROIT,Michigan,33,2025-03-20 14:14:00,Cycling Shoes,1,498.13,547.943,49.813
6002,SOUTH BEND,Indiana,5837,2025-03-23 19:49:00,Cycling Shoes,1,527.13,579.843,52.713
5244,MOBILE,Alabama,808,2025-03-22 22:46:00,Cycling Shoes,1,498.13,547.943,49.813
3654,DETROIT,Michigan,1589,2025-03-21 15:16:00,Cycling Shoes,1,556.73,612.403,55.673
5449,WILKES BARRE,Pennsylvania,82,2025-03-23 10:17:00,Cycling Shoes,1,571.13,628.243,57.113
957,EL PASO,Texas,99,2025-03-19 00:43:00,Cycling Shoes,1,630.38,693.418,63.038
6742,SPRINGFIELD,Missouri,2386,2025-03-24 12:48:00,Cycling Shoes,1,527.13,579.843,52.713
6211,CEDAR RAPIDS,Iowa,3007,2025-03-23 23:30:00,Cycling Shoes,1,666.33,732.963,66.633
7258,KATY,Texas,5661,2025-03-24 20:07:00,Cycling Shoes,1,470.33,517.363,47.033
7382,PHILADELPHIA,Pennsylvania,1792,2025-03-24 22:35:00,Cycling Shoes,1,478.13,525.943,47.813
2124,SAN ANTONIO,Texas,1410,2025-03-20 09:09:00,Cycling Shoes,1,576.13,633.743,57.613
1627,YOUNG AMERICA,Minnesota,6126,2025-03-19 16:44:00,Cycling Shoes,2,557.13,612.843,55.713
5540,TRENTON,New Jersey,6343,2025-03-23 12:11:00,Cycling Shoes,1,596.13,655.743,59.613
6108,FRESNO,California,4708,2025-03-23 21:24:00,Cycling Shoes,1,654.13,719.543,65.413
6327,ROCHESTER,New York,6382,2025-03-24 08:21:00,Cycling Shoes,1,537.13,590.843,53.713
3849,FRESNO,California,1763,2025-03-21 18:26:00,Cycling Shoes,1,498.13,547.943,49.813
6730,JACKSONVILLE,Florida,5465,2025-03-24 12:39:00,Cycling Shoes,1,486.33,534.963,48.633
6924,GARDEN GROVE,California,448,2025-03-24 15:04:00,Cycling Shoes,1,594.13,653.543,59.413
2813,CLEARWATER,Florida,2005,2025-03-20 18:11:00,Cycling Shoes,1,702.13,772.343,70.213
243,HOUSTON,Texas,5248,2025-03-18 11:20:00,Cycling Shoes,1,566.13,622.743,56.613
748,SCOTTSDALE,Arizona,5187,2025-03-18 19:11:00,Cycling Shoes,1,547.13,601.843,54.713
2489,CLEARWATER,Florida,2529,2025-03-20 14:11:00,Cycling Shoes,1,498.13,547.943,49.813
2614,FRESNO,California,1903,2025-03-20 15:35:00,Cycling Shoes,1,576.13,633.743,57.613
4936,SACRAMENTO,California,225,2025-03-22 17:23:00,Cycling Shoes,1,586.13,644.743,58.613
2011,ROANOKE,Virginia,2484,2025-03-19 23:18:00,Cycling Shoes,1,703.13,773.443,70.313
2189,AKRON,Ohio,4122,2025-03-20 10:07:00,Cycling Shoes,1,625.13,687.643,62.513
2621,AMARILLO,Texas,946,2025-03-20 15:41:00,Cycling Shoes,1,674.13,741.543,67.413
2841,JACKSONVILLE,Florida,3,2025-03-20 18:32:00,Cycling Shoes,1,635.13,698.643,63.513
3122,FRESNO,California,1527,2025-03-20 22:40:00,Cycling Shoes,1,498.13,547.943,49.813
3251,SAN RAFAEL,California,1494,2025-03-21 08:43:00,Cycling Shoes,1,562.13,618.343,56.213
5603,TACOMA,Washington,2499,2025-03-23 13:03:00,Cycling Shoes,1,498.13,547.943,49.813
728,TULSA,Oklahoma,1761,2025-03-18 18:39:00,Cycling Shoes,1,603.13,663.443,60.313
929,ALBUQUERQUE,New Mexico,6218,2025-03-18 23:25:00,Cycling Shoes,1,540.73,594.803,54.073
3119,HOUSTON,Texas,1296,2025-03-20 22:36:00,Cycling Shoes,1,542.33,596.563,54.233
3772,TORRANCE,California,5724,2025-03-21 16:57:00,Cycling Shoes,1,486.33,534.963,48.633
4698,HAMILTON,Ohio,1126,2025-03-22 14:05:00,Cycling Shoes,1,704.73,775.203,70.473
219,SHREVEPORT,Louisiana,3642,2025-03-18 11:00:00,Cycling Shoes,1,526.13,578.743,52.613
6978,HIALEAH,Florida,626,2025-03-24 15:47:00,Cycling Shoes,1,525.53,578.083,52.553
7423,CARSON CITY,Nevada,4355,2025-03-24 23:43:00,Cycling Shoes,1,486.33,534.963,48.633
141,SACRAMENTO,California,5765,2025-03-18 10:05:00,Cycling Shoes,1,653.13,718.443,65.313
526,ALBANY,Georgia,3450,2025-03-18 15:03:00,Cycling Shoes,1,498.13,547.943,49.813
1261,CHICAGO,Illinois,3653,2025-03-19 12:09:00,Cycling Shoes,1,762.13,838.343,76.213
2867,LONG BEACH,California,2864,2025-03-20 18:50:00,Cycling Shoes,1,576.13,633.743,57.613
5717,STAMFORD,Connecticut,4960,2025-03-23 14:46:00,Cycling Shoes,1,498.13,547.943,49.813
1754,WASHINGTON,District of Columbia,135,2025-03-19 18:24:00,Cycling Shoes,1,439.13,483.043,43.913
72,ARLINGTON,Virginia,5491,2025-03-18 08:17:00,Cycling Shoes,1,748.13,822.943,74.813
7139,KANSAS CITY,Missouri,2738,2025-03-24 18:10:00,Cycling Shoes,1,525.53,578.083,52.553
7299,SAN JOSE,California,5579,2025-03-24 20:44:00,Cycling Shoes,1,799.93,879.923,79.993
7317,NEWTON,Massachusetts,5688,2025-03-24 21:05:00,Cycling Shoes,1,498.13,547.943,49.813
1316,JERSEY CITY,New Jersey,4884,2025-03-19 12:52:00,Cycling Shoes,1,486.33,534.963,48.633
3432,JACKSONVILLE,Florida,2236,2025-03-21 11:52:00,Cycling Shoes,1,495.13,544.643,49.513
3588,LANSING,Michigan,68,2025-03-21 14:08:00,Cycling Shoes,1,633.13,696.443,63.313
4103,SALT LAKE CITY,Utah,4920,2025-03-21 23:00:00,Cycling Shoes,1,467.13,513.843,46.713
5568,PORTLAND,Oregon,6350,2025-03-23 12:30:00,Cycling Shoes,1,593.13,652.443,59.313
6015,LAS VEGAS,Nevada,1071,2025-03-23 20:07:00,Cycling Shoes,1,467.13,513.843,46.713
6027,HOUSTON,Texas,2352,2025-03-23 20:17:00,Cycling Shoes,1,545.13,599.643,54.513
486,DALLAS,Texas,2556,2025-03-18 14:27:00,Cycling Shoes,1,679.13,747.043,67.913
4096,HUNTINGTON,West Virginia,5371,2025-03-21 22:54:00,Cycling Shoes,1,538.33,592.163,53.833
904,OKLAHOMA CITY,Oklahoma,2921,2025-03-18 22:44:00,Cycling Shoes,1,467.13,513.843,46.713
1672,FORT LAUDERDALE,Florida,5518,2025-03-19 17:13:00,Cycling Shoes,1,495.13,544.643,49.513
3763,ORANGE,California,4648,2025-03-21 16:50:00,Cycling Shoes,1,467.13,513.843,46.713
1305,MIAMI,Florida,502,2025-03-19 12:39:00,Cycling Shoes,1,551.93,607.123,55.193
3450,GRAND RAPIDS,Michigan,3368,2025-03-21 12:13:00,Cycling Shoes,1,547.13,601.843,54.713
245,WASHINGTON,District of Columbia,3012,2025-03-18 11:21:00,Cycling Shoes,1,495.13,544.643,49.513
1298,CHARLESTON,West Virginia,802,2025-03-19 12:36:00,Cycling Shoes,1,643.13,707.443,64.313
5140,DAVENPORT,Iowa,5289,2025-03-22 20:37:00,Cycling Shoes,1,643.13,707.443,64.313
5279,CHARLOTTE,North Carolina,660,2025-03-22 23:53:00,Cycling Shoes,1,481.53,529.683,48.153
5534,TRENTON,New Jersey,944,2025-03-23 12:08:00,Cycling Shoes,1,523.93,576.323,52.393
4271,HARTFORD,Connecticut,732,2025-03-22 09:02:00,Cycling Shoes,1,467.13,513.843,46.713
6196,OMAHA,Nebraska,3213,2025-03-23 23:04:00,Cycling Shoes,2,937.13,1030.843,93.713
548,EL PASO,Texas,3934,2025-03-18 15:23:00,Cycling Shoes,1,495.13,544.643,49.513
5175,GAINESVILLE,Florida,5486,2025-03-22 21:15:00,Cycling Shoes,1,525.13,577.643,52.513
5955,RICHMOND,Virginia,4932,2025-03-23 18:58:00,Cycling Shoes,1,515.13,566.643,51.513
2344,PITTSBURGH,Pennsylvania,3588,2025-03-20 12:09:00,Cycling Shoes,1,483.93,532.323,48.393
4683,HAGERSTOWN,Maryland,6282,2025-03-22 13:46:00,Cycling Shoes,1,687.93,756.723,68.793
121,GARLAND,Texas,988,2025-03-18 09:38:00,Cycling Shoes,1,492.73,542.003,49.273
4229,ARLINGTON,Texas,4758,2025-03-22 08:32:00,Cycling Shoes,1,515.13,566.643,51.513
1150,SHREVEPORT,Louisiana,5648,2025-03-19 10:53:00,Cycling Shoes,1,633.13,696.443,63.313
1474,PASADENA,California,3719,2025-03-19 14:54:00,Cycling Shoes,1,467.13,513.843,46.713
693,SIOUX FALLS,South Dakota,1161,2025-03-18 17:41:00,Walking Shoes,1,467.13,513.843,46.713
857,FRESNO,California,5231,2025-03-18 21:22:00,Walking Shoes,1,467.13,513.843,46.713
5594,BIRMINGHAM,Alabama,6082,2025-03-23 12:50:00,Walking Shoes,1,583.13,641.443,58.313
3545,NEW YORK CITY,New York,3126,2025-03-21 13:38:00,Walking Shoes,1,663.13,729.443,66.313
6986,TAMPA,Florida,5717,2025-03-24 15:52:00,Walking Shoes,1,467.13,513.843,46.713
93,WASHINGTON,District of Columbia,149,2025-03-18 09:03:00,Walking Shoes,1,565.13,621.643,56.513
4165,OKLAHOMA CITY,Oklahoma,1473,2025-03-22 03:52:00,Walking Shoes,1,467.13,513.843,46.713
5097,CHARLESTON,West Virginia,3699,2025-03-22 20:01:00,Walking Shoes,1,525.13,577.643,52.513
5194,HAMILTON,Ohio,5808,2025-03-22 21:35:00,Walking Shoes,1,467.13,513.843,46.713
2775,BROOKSVILLE,Florida,6012,2025-03-20 17:45:00,Walking Shoes,1,570.33,627.363,57.033
5422,BRYAN,Texas,3672,2025-03-23 09:53:00,Walking Shoes,1,490.73,539.803,49.073
5009,WASHINGTON,District of Columbia,1687,2025-03-22 18:45:00,Walking Shoes,1,467.13,513.843,46.713
2637,WASHINGTON,District of Columbia,519,2025-03-20 15:53:00,Walking Shoes,1,503.63,553.993,50.363
19,COLUMBUS,Ohio,2033,2025-03-18 01:09:00,Walking Shoes,1,731.13,804.243,73.113
875,MIGRATE,Kentucky,4140,2025-03-18 21:50:00,Walking Shoes,1,515.93,567.523,51.593
6070,INDEPENDENCE,Missouri,5781,2025-03-23 20:55:00,Walking Shoes,1,467.13,513.843,46.713
6153,JACKSONVILLE,Florida,3143,2025-03-23 22:02:00,Walking Shoes,1,467.13,513.843,46.713
6182,ROCHESTER,New York,2432,2025-03-23 22:45:00,Walking Shoes,1,467.13,513.843,46.713
5951,MEMPHIS,Tennessee,1857,2025-03-23 18:48:00,Walking Shoes,1,464.33,510.763,46.433
660,MONTGOMERY,Alabama,2793,2025-03-18 17:06:00,Walking Shoes,1,461.53,507.683,46.153
1556,JACKSON,Mississippi,389,2025-03-19 16:00:00,Walking Shoes,1,564.13,620.543,56.413
5641,SPRINGFIELD,Massachusetts,377,2025-03-23 13:32:00,Walking Shoes,1,545.13,599.643,54.513
1309,BUFFALO,New York,6106,2025-03-19 12:40:00,Walking Shoes,1,555.13,610.643,55.513
5293,MONTICELLO,Minnesota,5594,2025-03-23 00:25:00,Walking Shoes,1,663.13,729.443,66.313
6533,HERNDON,Virginia,4040,2025-03-24 10:35:00,Jackets,1,833.13,916.443,83.313
379,EUGENE,Oregon,5246,2025-03-18 13:10:00,Jackets,1,597.53,657.283,59.753
2909,LAREDO,Texas,962,2025-03-20 19:23:00,Jackets,1,893.13,982.443,89.313
1873,HAMILTON,Ohio,1355,2025-03-19 20:01:00,Jackets,1,816.73,898.403,81.673
1352,FORT WAYNE,Indiana,5489,2025-03-19 13:16:00,Gift Card,1,464.13,510.543,46.413
103,MINNEAPOLIS,Minnesota,60,2025-03-18 09:14:00,Gift Card,1,464.13,510.543,46.413
2345,BOSTON,Massachusetts,4423,2025-03-20 12:09:00,Gift Card,1,464.13,510.543,46.413
1954,DALLAS,Texas,159,2025-03-19 21:45:00,Gift Card,1,464.13,510.543,46.413
6679,CHARLESTON,West Virginia,4145,2025-03-24 12:03:00,Gift Card,1,489.13,538.043,48.913
4734,SAN ANTONIO,Texas,323,2025-03-22 14:28:00,Gift Card,1,489.13,538.043,48.913
5866,LONG BEACH,California,1180,2025-03-23 17:13:00,Gift Card,1,489.13,538.043,48.913
3069,OKLAHOMA CITY,Oklahoma,5443,2025-03-20 21:38:00,Gift Card,1,489.13,538.043,48.913
6172,JEFFERSON CITY,Missouri,3812,2025-03-23 22:23:00,Gift Card,1,489.13,538.043,48.913
449,DAYTON,Ohio,5430,2025-03-18 13:58:00,Gift Card,1,489.13,538.043,48.913
812,AUSTIN,Texas,5468,2025-03-18 20:34:00,Gift Card,1,489.13,538.043,48.913
5553,PLANO,Texas,3592,2025-03-23 12:24:00,Gift Card,1,489.13,538.043,48.913
6135,LOS ANGELES,California,1339,2025-03-23 21:47:00,Gift Card,1,489.13,538.043,48.913
6186,FORT LAUDERDALE,Florida,2398,2025-03-23 22:52:00,Gift Card,1,489.13,538.043,48.913
3589,SAN LUIS OBISPO,California,2067,2025-03-21 14:08:00,Gift Card,1,489.13,538.043,48.913
679,DETROIT,Michigan,3249,2025-03-18 17:27:00,Gift Card,1,489.13,538.043,48.913
42,AUSTIN,Texas,1187,2025-03-18 07:03:00,Gift Card,1,489.13,538.043,48.913
5453,PALM BAY,Florida,4130,2025-03-23 10:19:00,Gift Card,1,489.13,538.043,48.913
4727,RALEIGH,North Carolina,2688,2025-03-22 14:23:00,Gift Card,1,489.13,538.043,48.913
1232,WASHINGTON,District of Columbia,6445,2025-03-19 11:48:00,Gift Card,1,489.13,538.043,48.913
1362,ALBUQUERQUE,New Mexico,3244,2025-03-19 13:22:00,Gift Card,1,489.13,538.043,48.913
7081,ALBANY,New York,2821,2025-03-24 17:10:00,Gift Card,1,489.13,538.043,48.913
7176,SAINT PAUL,Minnesota,4118,2025-03-24 18:47:00,Gift Card,1,489.13,538.043,48.913
833,BROOKLYN,New York,1369,2025-03-18 21:01:00,Gift Card,1,514.13,565.543,51.413
6484,NORFOLK,Virginia,5478,2025-03-24 10:07:00,Gift Card,1,814.13,895.543,81.413
1022,ATLANTA,Georgia,1492,2025-03-19 08:56:00,Gift Card,1,664.13,730.543,66.413
1980,CHICAGO,Illinois,1542,2025-03-19 22:14:00,Gift Card,1,514.13,565.543,51.413
3740,MEMPHIS,Tennessee,642,2025-03-21 16:30:00,Gift Card,1,514.13,565.543,51.413
5383,CHARLOTTE,North Carolina,452,2025-03-23 09:13:00,Gift Card,1,514.13,565.543,51.413
5962,OKLAHOMA CITY,Oklahoma,587,2025-03-23 19:04:00,Gift Card,1,514.13,565.543,51.413
6509,AKRON,Ohio,2771,2025-03-24 10:18:00,Gift Card,1,514.13,565.543,51.413
6476,HARTFORD,Connecticut,5559,2025-03-24 10:02:00,Gift Card,1,662.93,729.223,66.293
5468,ABILENE,Texas,389,2025-03-23 10:46:00,Gift Card,1,514.13,565.543,51.413
283,OAKLAND,California,1602,2025-03-18 11:49:00,Gift Card,1,514.13,565.543,51.413
1221,LOS ANGELES,California,4268,2025-03-19 11:42:00,Gift Card,1,514.13,565.543,51.413
4922,SAN FRANCISCO,California,2292,2025-03-22 17:13:00,Gift Card,1,514.13,565.543,51.413
5637,NEWARK,New Jersey,1968,2025-03-23 13:30:00,Gift Card,1,514.13,565.543,51.413
613,ORANGE,California,141,2025-03-18 16:22:00,Gift Card,1,514.13,565.543,51.413
3948,AKRON,Ohio,206,2025-03-21 19:56:00,Gift Card,1,514.13,565.543,51.413
5612,MORGANTOWN,West Virginia,509,2025-03-23 13:10:00,Gift Card,1,514.13,565.543,51.413
6996,ERIE,Pennsylvania,576,2025-03-24 16:03:00,Gift Card,1,514.13,565.543,51.413
7213,HOUSTON,Texas,3834,2025-03-24 19:23:00,Gift Card,1,514.13,565.543,51.413
7236,SAN FRANCISCO,California,957,2025-03-24 19:39:00,Gift Card,1,514.13,565.543,51.413
3522,ANNISTON,Alabama,3812,2025-03-21 13:17:00,Gift Card,1,539.13,593.043,53.913
350,FORT COLLINS,Colorado,3292,2025-03-18 12:51:00,Gift Card,1,539.13,593.043,53.913
4033,POCATELLO,Idaho,2032,2025-03-21 21:31:00,Gift Card,1,539.13,593.043,53.913
739,LAS VEGAS,Nevada,888,2025-03-18 18:59:00,Gift Card,1,539.13,593.043,53.913
3983,GLENDALE,California,6317,2025-03-21 20:33:00,Gift Card,1,539.13,593.043,53.913
4973,HOUSTON,Texas,277,2025-03-22 18:11:00,Gift Card,1,539.13,593.043,53.913
3441,RICHMOND,Virginia,5239,2025-03-21 12:02:00,Gift Card,1,539.13,593.043,53.913
6621,ALBANY,New York,4235,2025-03-24 11:32:00,Gift Card,1,539.13,593.043,53.913
3296,BAKERSFIELD,California,1734,2025-03-21 09:52:00,Gift Card,1,539.13,593.043,53.913
5643,SAINT PETERSBURG,Florida,5860,2025-03-23 13:36:00,Gift Card,1,539.13,593.043,53.913
4253,DAYTONA BEACH,Florida,3145,2025-03-22 08:47:00,Gift Card,1,539.13,593.043,53.913
1733,COLUMBUS,Ohio,6138,2025-03-19 18:07:00,Gift Card,1,539.13,593.043,53.913
2839,NEW YORK CITY,New York,2473,2025-03-20 18:32:00,Gift Card,1,539.13,593.043,53.913
773,TUCSON,Arizona,135,2025-03-18 19:43:00,Gift Card,1,539.13,593.043,53.913
6148,ROANOKE,Virginia,763,2025-03-23 21:59:00,Gift Card,1,539.13,593.043,53.913
2232,BOISE,Idaho,3926,2025-03-20 10:44:00,Gift Card,1,539.13,593.043,53.913
3459,ALBANY,New York,6355,2025-03-21 12:19:00,Gift Card,1,539.13,593.043,53.913
2768,SCOTTSDALE,Arizona,6109,2025-03-20 17:40:00,Gift Card,1,539.13,593.043,53.913
687,TALLAHASSEE,Florida,842,2025-03-18 17:33:00,Gift Card,1,539.13,593.043,53.913
2513,BOSTON,Massachusetts,625,2025-03-20 14:31:00,Gift Card,1,539.13,593.043,53.913
5375,SEATTLE,Washington,6094,2025-03-23 09:02:00,Gift Card,1,539.13,593.043,53.913
3401,PORTLAND,Oregon,5318,2025-03-21 11:23:00,Gift Card,1,539.13,593.043,53.913
2611,OMAHA,Nebraska,4460,2025-03-20 15:33:00,Gift Card,1,539.13,593.043,53.913
4794,KENT,Washington,4796,2025-03-22 15:26:00,Gift Card,1,539.13,593.043,53.913
2192,GARDEN GROVE,California,280,2025-03-20 10:07:00,Gift Card,1,539.13,593.043,53.913
4317,LORETTO,Minnesota,806,2025-03-22 09:39:00,Gift Card,1,539.13,593.043,53.913
5417,MONTGOMERY,Alabama,2347,2025-03-23 09:48:00,Gift Card,1,539.13,593.043,53.913
5090,HOUSTON,Texas,1255,2025-03-22 19:52:00,Gift Card,1,539.13,593.043,53.913
4401,EL PASO,Texas,2107,2025-03-22 10:26:00,Gift Card,1,539.13,593.043,53.913
6687,HARTFORD,Connecticut,4702,2025-03-24 12:08:00,Gift Card,1,539.13,593.043,53.913
3861,LANCASTER,California,2831,2025-03-21 18:34:00,Gift Card,1,539.13,593.043,53.913
2643,PHILADELPHIA,Pennsylvania,330,2025-03-20 15:55:00,Gift Card,1,539.13,593.043,53.913
741,MEMPHIS,Tennessee,5515,2025-03-18 19:05:00,Gift Card,1,539.13,593.043,53.913
2630,TUSCALOOSA,Alabama,3556,2025-03-20 15:46:00,Gift Card,1,539.13,593.043,53.913
6459,CHICAGO,Illinois,4318,2025-03-24 09:50:00,Gift Card,1,539.13,593.043,53.913
3486,JACKSONVILLE,Florida,2779,2025-03-21 12:38:00,Gift Card,1,539.13,593.043,53.913
2687,TULSA,Oklahoma,410,2025-03-20 16:40:00,Gift Card,1,539.13,593.043,53.913
4764,WASHINGTON,District of Columbia,4992,2025-03-22 14:59:00,Gift Card,1,539.13,593.043,53.913
1077,EVANSVILLE,Indiana,1327,2025-03-19 09:58:00,Gift Card,1,539.13,593.043,53.913
4678,NAPLES,Florida,2758,2025-03-22 13:44:00,Gift Card,1,539.13,593.043,53.913
2693,CHICAGO,Illinois,295,2025-03-20 16:47:00,Gift Card,1,539.13,593.043,53.913
6800,SHREVEPORT,Louisiana,4674,2025-03-24 13:29:00,Gift Card,1,539.13,593.043,53.913
7070,KANSAS CITY,Missouri,1609,2025-03-24 16:55:00,Gift Card,1,539.13,593.043,53.913
7116,GATESVILLE,Texas,4102,2025-03-24 17:53:00,Gift Card,1,539.13,593.043,53.913
7127,CHARLOTTE,North Carolina,2371,2025-03-24 17:59:00,Gift Card,1,539.13,593.043,53.913
7164,WASHINGTON,District of Columbia,2919,2025-03-24 18:37:00,Gift Card,1,539.13,593.043,53.913
7196,NEW YORK CITY,New York,376,2025-03-24 19:12:00,Gift Card,1,539.13,593.043,53.913
7260,SAN FRANCISCO,California,2881,2025-03-24 20:11:00,Gift Card,1,539.13,593.043,53.913
7307,JACKSONVILLE,Florida,5039,2025-03-24 20:52:00,Gift Card,1,539.13,593.043,53.913
7399,HARRISBURG,Pennsylvania,2678,2025-03-24 23:11:00,Gift Card,1,539.13,593.043,53.913
3826,COLORADO SPRINGS,Colorado,4953,2025-03-21 18:01:00,Gift Card,1,589.13,648.043,58.913
2587,SALEM,Oregon,5896,2025-03-20 15:17:00,Gift Card,1,589.13,648.043,58.913
6095,HOUSTON,Texas,6134,2025-03-23 21:16:00,Gift Card,1,589.13,648.043,58.913
6665,MILWAUKEE,Wisconsin,3493,2025-03-24 11:56:00,Gift Card,1,589.13,648.043,58.913
5434,MEMPHIS,Tennessee,959,2025-03-23 10:02:00,Gift Card,1,589.13,648.043,58.913
850,SAINT LOUIS,Missouri,141,2025-03-18 21:17:00,Gift Card,1,589.13,648.043,58.913
324,TOPEKA,Kansas,2043,2025-03-18 12:21:00,Gift Card,1,589.13,648.043,58.913
475,COLUMBUS,Ohio,1157,2025-03-18 14:17:00,Gift Card,1,589.13,648.043,58.913
3567,MIAMI,Florida,18,2025-03-21 13:48:00,Gift Card,1,589.13,648.043,58.913
7130,GRAND FORKS,North Dakota,2971,2025-03-24 18:03:00,Gift Card,1,589.13,648.043,58.913
7293,WEST PALM BEACH,Florida,1482,2025-03-24 20:34:00,Gift Card,1,589.13,648.043,58.913
2509,LEXINGTON,Kentucky,772,2025-03-20 14:28:00,Gift Card,1,639.13,703.043,63.913
1994,TAMPA,Florida,6378,2025-03-19 22:29:00,Gift Card,1,639.13,703.043,63.913
1843,AUSTIN,Texas,5449,2025-03-19 19:30:00,Gift Card,1,639.13,703.043,63.913
2166,DALLAS,Texas,3574,2025-03-20 09:47:00,Gift Card,1,639.13,703.043,63.913
5240,SAN DIEGO,California,3129,2025-03-22 22:40:00,Gift Card,1,639.13,703.043,63.913
706,NEW YORK CITY,New York,3897,2025-03-18 17:55:00,Gift Card,1,639.13,703.043,63.913
2037,TULSA,Oklahoma,4617,2025-03-20 00:03:00,Gift Card,1,639.13,703.043,63.913
2356,IRVINE,California,1557,2025-03-20 12:18:00,Gift Card,1,639.13,703.043,63.913
5364,SPRINGFIELD,Missouri,2412,2025-03-23 08:41:00,Gift Card,1,639.13,703.043,63.913
818,WASHINGTON,District of Columbia,5143,2025-03-18 20:41:00,Gift Card,1,639.13,703.043,63.913
5424,RICHMOND,Virginia,4823,2025-03-23 09:54:00,Gift Card,1,639.13,703.043,63.913
135,STOCKTON,California,239,2025-03-18 09:58:00,Gift Card,1,639.13,703.043,63.913
6203,ROANOKE,Virginia,6160,2025-03-23 23:20:00,Gift Card,1,639.13,703.043,63.913
7031,BOCA RATON,Florida,5803,2025-03-24 16:31:00,Gift Card,1,639.13,703.043,63.913
6754,LOS ANGELES,California,863,2025-03-24 12:53:00,Gift Card,1,739.13,813.043,73.913
2615,JACKSON,Mississippi,3492,2025-03-20 15:36:00,Gift Card,1,739.13,813.043,73.913
2280,SALT LAKE CITY,Utah,3811,2025-03-20 11:27:00,Gift Card,1,464.13,510.543,46.413
6043,BATON ROUGE,Louisiana,4221,2025-03-23 20:30:00,Gift Card,1,562.13,618.343,56.213
3423,SPRINGFIELD,Massachusetts,6098,2025-03-21 11:44:00,Gift Card,1,464.13,510.543,46.413
516,DENTON,Texas,1085,2025-03-18 14:53:00,Gift Card,1,489.13,538.043,48.913
3557,NEW ORLEANS,Louisiana,4810,2025-03-21 13:44:00,Gift Card,1,489.13,538.043,48.913
889,WASHINGTON,District of Columbia,3955,2025-03-18 22:13:00,Gift Card,1,489.13,538.043,48.913
5764,TUCSON,Arizona,4856,2025-03-23 15:34:00,Gift Card,1,489.13,538.043,48.913
3468,SAINT PETERSBURG,Florida,2743,2025-03-21 12:25:00,Gift Card,1,489.13,538.043,48.913
3213,MUNCIE,Indiana,3306,2025-03-21 06:40:00,Gift Card,1,489.13,538.043,48.913
1097,DES MOINES,Iowa,1476,2025-03-19 10:11:00,Gift Card,1,514.13,565.543,51.413
1121,DULUTH,Minnesota,1509,2025-03-19 10:27:00,Gift Card,1,514.13,565.543,51.413
2579,AUSTIN,Texas,1921,2025-03-20 15:12:00,Gift Card,1,514.13,565.543,51.413
211,SILVER SPRING,Maryland,6341,2025-03-18 10:56:00,Gift Card,1,514.13,565.543,51.413
7153,HUNTINGTON,West Virginia,4699,2025-03-24 18:20:00,Gift Card,1,514.13,565.543,51.413
837,JACKSONVILLE,Florida,2464,2025-03-18 21:04:00,Gift Card,1,539.13,593.043,53.913
5765,SAN JOSE,California,3928,2025-03-23 15:34:00,Gift Card,1,539.13,593.043,53.913
3571,COLUMBUS,Georgia,4352,2025-03-21 13:53:00,Gift Card,1,539.13,593.043,53.913
322,MILWAUKEE,Wisconsin,2782,2025-03-18 12:21:00,Gift Card,1,539.13,593.043,53.913
2904,COLORADO SPRINGS,Colorado,4067,2025-03-20 19:18:00,Gift Card,1,539.13,593.043,53.913
4575,RENO,Nevada,3278,2025-03-22 12:27:00,Gift Card,1,539.13,593.043,53.913
3233,JACKSONVILLE,Florida,5041,2025-03-21 08:00:00,Gift Card,1,539.13,593.043,53.913
515,WASHINGTON,District of Columbia,5406,2025-03-18 14:52:00,Gift Card,1,539.13,593.043,53.913
2564,TYLER,Texas,3799,2025-03-20 15:05:00,Gift Card,1,539.13,593.043,53.913
2203,TULSA,Oklahoma,5342,2025-03-20 10:17:00,Gift Card,1,539.13,593.043,53.913
3034,STERLING,Virginia,5444,2025-03-20 21:12:00,Gift Card,1,539.13,593.043,53.913
4858,ROANOKE,Virginia,6019,2025-03-22 16:23:00,Gift Card,1,539.13,593.043,53.913
3919,SARASOTA,Florida,59,2025-03-21 19:27:00,Gift Card,1,539.13,593.043,53.913
862,SAINT PETERSBURG,Florida,4662,2025-03-18 21:34:00,Gift Card,1,539.13,593.043,53.913
5496,TOPEKA,Kansas,607,2025-03-23 11:24:00,Gift Card,1,539.13,593.043,53.913
4719,MESA,Arizona,627,2025-03-22 14:18:00,Gift Card,1,539.13,593.043,53.913
762,YOUNGSTOWN,Ohio,2900,2025-03-18 19:26:00,Gift Card,1,539.13,593.043,53.913
4551,VIENNA,Virginia,3772,2025-03-22 12:07:00,Gift Card,1,539.13,593.043,53.913
4593,LOS ANGELES,California,2218,2025-03-22 12:38:00,Gift Card,1,539.13,593.043,53.913
7254,SAN FRANCISCO,California,2675,2025-03-24 20:04:00,Gift Card,1,539.13,593.043,53.913
3876,ATLANTA,Georgia,1183,2025-03-21 18:48:00,Gift Card,1,639.13,703.043,63.913
478,OKLAHOMA CITY,Oklahoma,1040,2025-03-18 14:18:00,Gift Card,1,639.13,703.043,63.913
2531,NASHVILLE,Tennessee,4734,2025-03-20 14:43:00,Gift Card,1,639.13,703.043,63.913
594,WASHINGTON,District of Columbia,572,2025-03-18 16:10:00,Gift Card,1,639.13,703.043,63.913
492,CANTON,Ohio,6097,2025-03-18 14:33:00,Gift Card,1,639.13,703.043,63.913
4748,SAINT PAUL,Minnesota,5438,2025-03-22 14:45:00,Gift Card,2,1039.13,1143.043,103.913
3953,CORPUS CHRISTI,Texas,149,2025-03-21 20:01:00,Gift Card,1,739.13,813.043,73.913
274,LEXINGTON,Kentucky,283,2025-03-18 11:42:00,Accessories,1,453.63,498.993,45.363
5397,COLUMBUS,Ohio,940,2025-03-23 09:29:00,Accessories,1,840.13,924.143,84.013
3814,BAKERSFIELD,California,6157,2025-03-21 17:51:00,Accessories,1,591.53,650.683,59.153
5325,ODESSA,Texas,314,2025-03-23 06:45:00,Accessories,2,511.63,562.793,51.163
455,PANAMA CITY,Florida,3056,2025-03-18 14:02:00,Accessories,1,453.63,498.993,45.363
2093,COLUMBIA,South Carolina,6243,2025-03-20 08:32:00,Accessories,1,482.63,530.893,48.263
2906,BIRMINGHAM,Alabama,350,2025-03-20 19:19:00,Accessories,1,884.63,973.093,88.463
4879,HUNTSVILLE,Alabama,3257,2025-03-22 16:42:00,Accessories,1,551.63,606.793,55.163
5659,MINNEAPOLIS,Minnesota,3130,2025-03-23 13:50:00,Accessories,1,561.13,617.243,56.113
5165,RIDGELY,Maryland,3766,2025-03-22 21:04:00,Accessories,1,439.13,483.043,43.913
637,FORT WORTH,Texas,5906,2025-03-18 16:38:00,Accessories,1,439.13,483.043,43.913
2840,FLINT,Michigan,6131,2025-03-20 18:32:00,Accessories,1,453.63,498.993,45.363
2698,SAINT LOUIS,Missouri,280,2025-03-20 16:49:00,Accessories,1,524.73,577.203,52.473
3059,KALAMAZOO,Michigan,377,2025-03-20 21:31:00,Accessories,1,529.13,582.043,52.913
2158,LOUISVILLE,Kentucky,876,2025-03-20 09:41:00,Cycling Shoes,1,535.13,588.643,53.513
1882,CORONA,California,1544,2025-03-19 20:09:00,Cycling Shoes,1,821.13,903.243,82.113
3884,OKLAHOMA CITY,Oklahoma,141,2025-03-21 18:55:00,Cycling Shoes,1,631.13,694.243,63.113
3514,SAINT LOUIS,Missouri,772,2025-03-21 13:06:00,Cycling Shoes,1,567.13,623.843,56.713
3963,VIRGINIA BEACH,Virginia,438,2025-03-21 20:07:00,Walking Shoes,1,455.13,500.643,45.513
1494,AUSTIN,Texas,2882,2025-03-19 15:06:00,Walking Shoes,1,595.93,655.523,59.593
566,AUSTIN,Texas,5308,2025-03-18 15:42:00,Walking Shoes,1,610.33,671.363,61.033
7393,FULLERTON,California,6158,2025-03-24 22:54:00,Walking Shoes,1,517.53,569.283,51.753
6854,ORLANDO,Florida,4968,2025-03-24 14:04:00,Walking Shoes,2,655.13,720.643,65.513
6537,ORLANDO,Florida,10,2025-03-24 10:37:00,Walking Shoes,2,1464.63,1611.093,146.463
1308,SAN ANTONIO,Texas,5450,2025-03-19 12:40:00,Cycling Shoes,1,693.13,762.443,69.313
4298,SACRAMENTO,California,1264,2025-03-22 09:26:00,Cycling Shoes,1,517.13,568.843,51.713
5854,WHITE PLAINS,New York,5088,2025-03-23 17:03:00,Cycling Shoes,3,556.13,611.743,55.613
158,LINCOLN,Nebraska,6416,2025-03-18 10:17:00,Cycling Shoes,1,702.13,772.343,70.213
1299,GREENVILLE,South Carolina,706,2025-03-19 12:36:00,Cycling Shoes,1,556.13,611.743,55.613
2447,NEWARK,Delaware,1545,2025-03-20 13:35:00,Cycling Shoes,1,615.13,676.643,61.513
2555,ROCHESTER,New York,4142,2025-03-20 14:59:00,Cycling Shoes,1,478.13,525.943,47.813
2699,DENVER,Colorado,5217,2025-03-20 16:49:00,Cycling Shoes,1,546.13,600.743,54.613
4446,MIAMI,Florida,4716,2025-03-22 10:58:00,Cycling Shoes,1,703.13,773.443,70.313
4664,ZEPHYRHILLS,Florida,926,2025-03-22 13:33:00,Cycling Shoes,1,937.13,1030.843,93.713
6119,BATTLE CREEK,Michigan,6238,2025-03-23 21:36:00,Cycling Shoes,1,683.13,751.443,68.313
4085,WINSTON SALEM,North Carolina,2015,2025-03-21 22:40:00,Cycling Shoes,1,743.93,818.323,74.393
6464,FORT LAUDERDALE,Florida,1177,2025-03-24 09:53:00,Cycling Shoes,1,544.33,598.763,54.433
122,SHREVEPORT,Louisiana,549,2025-03-18 09:38:00,Cycling Shoes,1,703.13,773.443,70.313
6877,SYRACUSE,New York,1416,2025-03-24 14:19:00,Cycling Shoes,1,478.13,525.943,47.813
7106,WILMINGTON,Delaware,1877,2025-03-24 17:40:00,Cycling Shoes,1,563.93,620.323,56.393
7321,WASHINGTON,District of Columbia,6039,2025-03-24 21:15:00,Cycling Shoes,1,703.13,773.443,70.313
5190,SAVANNAH,Georgia,1663,2025-03-22 21:29:00,Cycling Shoes,2,732.13,805.343,73.213
1141,FLORENCE,South Carolina,112,2025-03-19 10:48:00,Cycling Shoes,1,566.13,622.743,56.613
4633,WASHINGTON,District of Columbia,2012,2025-03-22 13:06:00,Cycling Shoes,1,517.13,568.843,51.713
4714,PITTSBURGH,Pennsylvania,4437,2025-03-22 14:15:00,Cycling Shoes,1,643.13,707.443,64.313
6325,MANSFIELD,Ohio,1022,2025-03-24 08:18:00,Cycling Shoes,1,478.13,525.943,47.813
6841,WICHITA,Kansas,3927,2025-03-24 13:57:00,Cycling Shoes,1,855.13,940.643,85.513
6970,FRESNO,California,1883,2025-03-24 15:41:00,Cycling Shoes,1,556.13,611.743,55.613
1377,LAS VEGAS,Nevada,1686,2025-03-19 13:33:00,Cycling Shoes,2,517.13,568.843,51.713
6176,MIAMI BEACH,Florida,3427,2025-03-23 22:30:00,Cycling Shoes,1,583.93,642.323,58.393
6973,SAN ANTONIO,Texas,4468,2025-03-24 15:43:00,Cycling Shoes,1,556.13,611.743,55.613
4349,DES MOINES,Iowa,3775,2025-03-22 09:56:00,Cycling Shoes,1,810.13,891.143,81.013
5609,BOSTON,Massachusetts,5369,2025-03-23 13:07:00,Cycling Shoes,1,546.13,600.743,54.613
3254,NAPLES,Florida,4844,2025-03-21 08:55:00,Cycling Shoes,1,605.13,665.643,60.513
507,ATHENS,Georgia,99,2025-03-18 14:44:00,Cycling Shoes,1,673.53,740.883,67.353
6826,WASHINGTON,District of Columbia,2461,2025-03-24 13:51:00,Cycling Shoes,1,439.13,483.043,43.913
705,YOUNG AMERICA,Minnesota,5941,2025-03-18 17:54:00,Cycling Shoes,1,601.13,661.243,60.113
2149,GREENSBORO,North Carolina,5890,2025-03-20 09:36:00,Cycling Shoes,1,546.13,600.743,54.613
3469,VIRGINIA BEACH,Virginia,880,2025-03-21 12:25:00,Cycling Shoes,1,532.73,586.003,53.273
4342,AUSTIN,Texas,2942,2025-03-22 09:51:00,Cycling Shoes,1,501.53,551.683,50.153
7368,PITTSBURGH,Pennsylvania,1340,2025-03-24 22:16:00,Cycling Shoes,1,478.13,525.943,47.813
3711,PENSACOLA,Florida,2065,2025-03-21 16:06:00,Cycling Shoes,1,556.13,611.743,55.613
1240,BIRMINGHAM,Alabama,4409,2025-03-19 11:55:00,Cycling Shoes,1,751.13,826.243,75.113
2176,DALLAS,Texas,5018,2025-03-20 09:56:00,Cycling Shoes,1,615.13,676.643,61.513
2449,RENO,Nevada,5797,2025-03-20 13:36:00,Cycling Shoes,1,517.13,568.843,51.713
5495,FRESNO,California,6295,2025-03-23 11:24:00,Cycling Shoes,1,439.13,483.043,43.913
261,BOSTON,Massachusetts,2796,2025-03-18 11:30:00,Cycling Shoes,1,556.13,611.743,55.613
1026,HOUSTON,Texas,6301,2025-03-19 09:00:00,Cycling Shoes,1,517.13,568.843,51.713
1368,LOUISVILLE,Kentucky,1996,2025-03-19 13:28:00,Cycling Shoes,1,908.13,998.943,90.813
2212,SPRING HILL,Florida,963,2025-03-20 10:23:00,Cycling Shoes,1,478.13,525.943,47.813
2676,SAINT LOUIS,Missouri,3736,2025-03-20 16:27:00,Cycling Shoes,1,478.13,525.943,47.813
6505,HOUSTON,Texas,1312,2025-03-24 10:17:00,Cycling Shoes,1,576.13,633.743,57.613
1891,MILWAUKEE,Wisconsin,3546,2025-03-19 20:20:00,Cycling Shoes,1,627.13,689.843,62.713
4965,SPOKANE,Washington,3510,2025-03-22 17:58:00,Cycling Shoes,1,439.13,483.043,43.913
4326,LAS VEGAS,Nevada,5895,2025-03-22 09:44:00,Cycling Shoes,1,595.13,654.643,59.513
7002,SAINT AUGUSTINE,Florida,5139,2025-03-24 16:09:00,Cycling Shoes,2,634.13,697.543,63.413
3364,GREELEY,Colorado,1360,2025-03-21 10:49:00,Cycling Shoes,2,615.13,676.643,61.513
2577,CHARLESTON,West Virginia,5087,2025-03-20 15:11:00,Cycling Shoes,1,528.13,580.943,52.813
3316,DALLAS,Texas,4122,2025-03-21 10:10:00,Cycling Shoes,1,684.13,752.543,68.413
3915,OKLAHOMA CITY,Oklahoma,5925,2025-03-21 19:20:00,Cycling Shoes,1,689.53,758.483,68.953
5385,WASHINGTON,District of Columbia,3557,2025-03-23 09:18:00,Cycling Shoes,1,728.13,800.943,72.813
6879,SAN ANTONIO,Texas,4915,2025-03-24 14:21:00,Cycling Shoes,1,517.13,568.843,51.713
1135,SACRAMENTO,California,281,2025-03-19 10:40:00,Cycling Shoes,1,595.13,654.643,59.513
4173,JOHNSTOWN,Pennsylvania,389,2025-03-22 06:36:00,Cycling Shoes,1,1025.13,1127.643,102.513
6080,BALTIMORE,Maryland,1451,2025-03-23 21:02:00,Cycling Shoes,2,439.13,483.043,43.913
4218,WATERBURY,Connecticut,6138,2025-03-22 08:23:00,Cycling Shoes,1,674.13,741.543,67.413
4228,KNOXVILLE,Tennessee,4235,2025-03-22 08:31:00,Cycling Shoes,1,605.13,665.643,60.513
6362,TALLAHASSEE,Florida,2429,2025-03-24 08:46:00,Cycling Shoes,1,556.13,611.743,55.613
4249,SACRAMENTO,California,1567,2025-03-22 08:44:00,Cycling Shoes,1,537.13,590.843,53.713
342,HARTFORD,Connecticut,657,2025-03-18 12:42:00,Cycling Shoes,1,556.13,611.743,55.613
1363,VANCOUVER,Washington,1387,2025-03-19 13:23:00,Cycling Shoes,3,556.13,611.743,55.613
905,SACRAMENTO,California,6346,2025-03-18 22:46:00,Cycling Shoes,1,517.13,568.843,51.713
7169,SHAWNEE MISSION,Kansas,5405,2025-03-24 18:42:00,Cycling Shoes,1,562.33,618.563,56.233
4354,AMARILLO,Texas,2527,2025-03-22 10:01:00,Cycling Shoes,2,846.33,930.963,84.633
6215,LEXINGTON,Kentucky,1233,2025-03-23 23:37:00,Cycling Shoes,2,501.53,551.683,50.153
2077,DALLAS,Texas,615,2025-03-20 08:04:00,Cycling Shoes,1,470.33,517.363,47.033
3150,MONTGOMERY,Alabama,1907,2025-03-20 23:13:00,Cycling Shoes,1,532.73,586.003,53.273
1287,AUSTIN,Texas,5721,2025-03-19 12:25:00,Cycling Shoes,1,576.13,633.743,57.613
2737,GREENVILLE,South Carolina,3359,2025-03-20 17:21:00,Cycling Shoes,1,683.13,751.443,68.313
5409,JOLIET,Illinois,5539,2025-03-23 09:41:00,Cycling Shoes,1,556.13,611.743,55.613
468,BOSTON,Massachusetts,1533,2025-03-18 14:11:00,Cycling Shoes,1,810.13,891.143,81.013
4668,NEW ORLEANS,Louisiana,1598,2025-03-22 13:37:00,Cycling Shoes,1,1458.13,1603.943,145.813
6301,SCHAUMBURG,Illinois,355,2025-03-24 07:48:00,Cycling Shoes,1,556.13,611.743,55.613
171,CLEARWATER,Florida,2889,2025-03-18 10:26:00,Cycling Shoes,1,439.13,483.043,43.913
1840,NORFOLK,Virginia,2843,2025-03-19 19:25:00,Cycling Shoes,2,634.13,697.543,63.413
2300,FRESNO,California,1594,2025-03-20 11:38:00,Cycling Shoes,1,714.13,785.543,71.413
5214,SYRACUSE,New York,5207,2025-03-22 22:03:00,Cycling Shoes,1,529.13,582.043,52.913
972,TACOMA,Washington,2645,2025-03-19 02:27:00,Cycling Shoes,1,689.53,758.483,68.953
4860,SAN ANTONIO,Texas,527,2025-03-22 16:24:00,Cycling Shoes,1,642.33,706.563,64.233
5174,GREENSBORO,North Carolina,1313,2025-03-22 21:13:00,Cycling Shoes,1,627.13,689.843,62.713
2933,GAINESVILLE,Florida,2582,2025-03-20 19:39:00,Cycling Shoes,2,501.53,551.683,50.153
3812,ANN ARBOR,Michigan,1455,2025-03-21 17:49:00,Cycling Shoes,2,1253.53,1378.883,125.353
1948,PASADENA,Texas,5140,2025-03-19 21:36:00,Cycling Shoes,1,517.13,568.843,51.713
3005,OKLAHOMA CITY,Oklahoma,1356,2025-03-20 20:53:00,Cycling Shoes,1,595.13,654.643,59.513
4303,LONG BEACH,California,4559,2025-03-22 09:30:00,Cycling Shoes,1,517.13,568.843,51.713
4442,MANCHESTER,New Hampshire,25,2025-03-22 10:55:00,Cycling Shoes,2,517.13,568.843,51.713
651,EL PASO,Texas,5186,2025-03-18 16:57:00,Cycling Shoes,1,478.13,525.943,47.813
5132,PORTLAND,Oregon,5516,2025-03-22 20:30:00,Cycling Shoes,1,682.13,750.343,68.213
6653,PORTSMOUTH,Virginia,4629,2025-03-24 11:47:00,Cycling Shoes,1,702.13,772.343,70.213
6779,BALTIMORE,Maryland,1808,2025-03-24 13:16:00,Cycling Shoes,1,556.13,611.743,55.613
908,WASHINGTON,District of Columbia,5643,2025-03-18 22:50:00,Cycling Shoes,1,556.13,611.743,55.613
4674,LAWRENCEVILLE,Georgia,2664,2025-03-22 13:43:00,Cycling Shoes,1,501.53,551.683,50.153
3157,NASHVILLE,Tennessee,3966,2025-03-20 23:28:00,Cycling Shoes,1,566.13,622.743,56.613
4398,GREENVILLE,South Carolina,2495,2025-03-22 10:23:00,Cycling Shoes,1,529.53,582.483,52.953
5287,SAN RAFAEL,California,5922,2025-03-23 00:10:00,Cycling Shoes,1,511.88,563.068,51.188
721,TOLEDO,Ohio,1510,2025-03-18 18:24:00,Cycling Shoes,1,532.73,586.003,53.273
1317,GADSDEN,Alabama,5478,2025-03-19 12:52:00,Cycling Shoes,1,470.33,517.363,47.033
2382,ARLINGTON,Virginia,4080,2025-03-20 12:38:00,Cycling Shoes,2,566.13,622.743,56.613
3081,SEATTLE,Washington,4501,2025-03-20 21:48:00,Cycling Shoes,1,967.13,1063.843,96.713
4265,BUFFALO,New York,1419,2025-03-22 08:58:00,Cycling Shoes,1,497.13,546.843,49.713
3601,CUMMING,Georgia,1520,2025-03-21 14:17:00,Cycling Shoes,1,615.13,676.643,61.513
774,MILWAUKEE,Wisconsin,3428,2025-03-18 19:44:00,Cycling Shoes,1,501.53,551.683,50.153
2054,COLORADO SPRINGS,Colorado,6172,2025-03-20 01:12:00,Cycling Shoes,1,501.53,551.683,50.153
2281,SAN DIEGO,California,1626,2025-03-20 11:27:00,Cycling Shoes,1,555.13,610.643,55.513
4951,ATLANTA,Georgia,586,2025-03-22 17:40:00,Cycling Shoes,1,526.13,578.743,52.613
6118,HOUSTON,Texas,1014,2025-03-23 21:35:00,Cycling Shoes,1,555.13,610.643,55.513
285,ALPHARETTA,Georgia,5844,2025-03-18 11:50:00,Cycling Shoes,1,517.13,568.843,51.713
1998,RICHMOND,Virginia,1548,2025-03-19 22:38:00,Cycling Shoes,1,517.13,568.843,51.713
2131,JOHNSTOWN,Pennsylvania,594,2025-03-20 09:17:00,Cycling Shoes,1,615.13,676.643,61.513
2412,CHICAGO,Illinois,5495,2025-03-20 13:07:00,Cycling Shoes,1,849.13,934.043,84.913
4972,MINNEAPOLIS,Minnesota,2014,2025-03-22 18:09:00,Cycling Shoes,1,663.13,729.443,66.313
863,RALEIGH,North Carolina,2976,2025-03-18 21:35:00,Cycling Shoes,1,501.53,551.683,50.153
970,HOUSTON,Texas,2866,2025-03-19 02:11:00,Cycling Shoes,1,712.73,784.003,71.273
1613,LOUISVILLE,Kentucky,1962,2025-03-19 16:38:00,Cycling Shoes,1,634.33,697.763,63.433
2538,SACRAMENTO,California,3853,2025-03-20 14:48:00,Cycling Shoes,1,501.53,551.683,50.153
3615,TUCSON,Arizona,5444,2025-03-21 14:31:00,Cycling Shoes,1,658.33,724.163,65.833
1835,ARLINGTON,Texas,4424,2025-03-19 19:22:00,Cycling Shoes,1,671.13,738.243,67.113
2776,DENVER,Colorado,5966,2025-03-20 17:45:00,Cycling Shoes,1,497.13,546.843,49.713
5817,TOLEDO,Ohio,5978,2025-03-23 16:26:00,Cycling Shoes,1,555.13,610.643,55.513
2761,WILMINGTON,North Carolina,1600,2025-03-20 17:33:00,Cycling Shoes,1,555.93,611.523,55.593
6468,ENGLEWOOD,Colorado,1593,2025-03-24 09:56:00,Cycling Shoes,1,485.53,534.083,48.553
3575,HOUSTON,Texas,2081,2025-03-21 13:56:00,Cycling Shoes,1,537.13,590.843,53.713
1371,SHAWNEE MISSION,Kansas,3332,2025-03-19 13:31:00,Cycling Shoes,1,439.13,483.043,43.913
3994,SAN JOSE,California,3802,2025-03-21 20:41:00,Cycling Shoes,1,595.13,654.643,59.513
4053,SPRINGFIELD,Illinois,1209,2025-03-21 21:55:00,Cycling Shoes,1,633.13,696.443,63.313
5832,WASHINGTON,District of Columbia,6141,2025-03-23 16:40:00,Cycling Shoes,1,613.13,674.443,61.313
5981,AUSTIN,Texas,2249,2025-03-23 19:26:00,Cycling Shoes,1,565.13,621.643,56.513
442,SALT LAKE CITY,Utah,6439,2025-03-18 13:53:00,Cycling Shoes,1,485.53,534.083,48.553
918,SAN FRANCISCO,California,5512,2025-03-18 23:04:00,Cycling Shoes,1,531.93,585.123,53.193
6147,ALBANY,New York,1508,2025-03-23 21:58:00,Cycling Shoes,1,485.53,534.083,48.553
6669,GREENVILLE,South Carolina,3469,2025-03-24 11:57:00,Cycling Shoes,1,485.53,534.083,48.553
1902,FORT WORTH,Texas,2499,2025-03-19 20:33:00,Cycling Shoes,1,599.63,659.593,59.963
614,INDIANAPOLIS,Indiana,2026,2025-03-18 16:23:00,Cycling Shoes,1,517.13,568.843,51.713
1031,PITTSBURGH,Pennsylvania,5825,2025-03-19 09:03:00,Cycling Shoes,1,517.13,568.843,51.713
1405,OKLAHOMA CITY,Oklahoma,4026,2025-03-19 13:50:00,Cycling Shoes,1,605.13,665.643,60.513
1851,GRAND FORKS,North Dakota,150,2025-03-19 19:34:00,Cycling Shoes,1,585.13,643.643,58.513
3103,NEW YORK CITY,New York,2984,2025-03-20 22:17:00,Cycling Shoes,1,517.13,568.843,51.713
5043,NEW ORLEANS,Louisiana,5689,2025-03-22 19:20:00,Cycling Shoes,1,831.13,914.243,83.113
1229,CHARLOTTE,North Carolina,2608,2025-03-19 11:47:00,Cycling Shoes,1,501.53,551.683,50.153
3083,SAN BERNARDINO,California,5130,2025-03-20 21:49:00,Cycling Shoes,1,634.33,697.763,63.433
5078,OMAHA,Nebraska,1584,2025-03-22 19:43:00,Cycling Shoes,1,439.13,483.043,43.913
916,HARRISBURG,Pennsylvania,2783,2025-03-18 23:01:00,Cycling Shoes,1,565.13,621.643,56.513
1182,ATLANTA,Georgia,6248,2025-03-19 11:19:00,Cycling Shoes,1,497.13,546.843,49.713
1512,MONROE,Louisiana,6345,2025-03-19 15:18:00,Cycling Shoes,1,555.13,610.643,55.513
5371,SAINT LOUIS,Missouri,76,2025-03-23 08:53:00,Cycling Shoes,1,613.13,674.443,61.313
5826,CORPUS CHRISTI,Texas,1919,2025-03-23 16:32:00,Cycling Shoes,1,555.13,610.643,55.513
1351,CLEARWATER,Florida,3011,2025-03-19 13:15:00,Cycling Shoes,1,485.53,534.083,48.553
5306,BILOXI,Mississippi,2071,2025-03-23 01:27:00,Cycling Shoes,1,946.33,1040.963,94.633
5662,FREDERICKSBURG,Virginia,4458,2025-03-23 13:53:00,Cycling Shoes,1,578.33,636.163,57.833
6044,FULLERTON,California,4854,2025-03-23 20:34:00,Cycling Shoes,1,485.53,534.083,48.553
6642,MODESTO,California,6259,2025-03-24 11:43:00,Cycling Shoes,1,624.73,687.203,62.473
6824,ROCHESTER,New York,3674,2025-03-24 13:49:00,Cycling Shoes,1,539.93,593.923,53.993
1254,BROOKLYN,New York,1030,2025-03-19 12:04:00,Cycling Shoes,1,517.53,569.283,51.753
1845,SCOTTSDALE,Arizona,2089,2025-03-19 19:31:00,Cycling Shoes,1,569.13,626.043,56.913
974,LEES SUMMIT,Missouri,181,2025-03-19 03:32:00,Cycling Shoes,1,497.13,546.843,49.713
1028,TAMPA,Florida,3191,2025-03-19 09:00:00,Walking Shoes,1,633.13,696.443,63.313
3829,NEW YORK CITY,New York,2250,2025-03-21 18:03:00,Walking Shoes,1,497.13,546.843,49.713
4065,LOUISVILLE,Kentucky,2283,2025-03-21 22:19:00,Walking Shoes,1,653.13,718.443,65.313
4070,ORLANDO,Florida,3894,2025-03-21 22:22:00,Walking Shoes,1,653.13,718.443,65.313
5283,DALLAS,Texas,497,2025-03-23 00:00:00,Walking Shoes,1,497.13,546.843,49.713
6001,ROANOKE,Virginia,279,2025-03-23 19:48:00,Walking Shoes,1,613.13,674.443,61.313
6786,INDIANAPOLIS,Indiana,5953,2025-03-24 13:22:00,Walking Shoes,1,613.13,674.443,61.313
3362,WASHINGTON,District of Columbia,5253,2025-03-21 10:48:00,Walking Shoes,1,485.53,534.083,48.553
5719,IDAHO FALLS,Idaho,3739,2025-03-23 14:46:00,Walking Shoes,1,485.53,534.083,48.553
5357,MOBILE,Alabama,1333,2025-03-23 08:28:00,Walking Shoes,1,490.13,539.143,49.013
7304,SEATTLE,Washington,3365,2025-03-24 20:46:00,Walking Shoes,1,584.63,643.093,58.463
2679,MADISON,Wisconsin,3327,2025-03-20 16:28:00,Walking Shoes,1,603.13,663.443,60.313
1209,PASADENA,California,4297,2025-03-19 11:35:00,Walking Shoes,1,578.33,636.163,57.833
4644,PORTSMOUTH,Virginia,6145,2025-03-22 13:15:00,Walking Shoes,1,531.93,585.123,53.193
1392,MINNEAPOLIS,Minnesota,1761,2025-03-19 13:40:00,Walking Shoes,1,555.13,610.643,55.513
5778,WASHINGTON,District of Columbia,1142,2025-03-23 15:54:00,Walking Shoes,1,497.13,546.843,49.713
1660,PASADENA,California,6413,2025-03-19 17:05:00,Walking Shoes,1,586.33,644.963,58.633
6252,BROOKLYN,New York,2035,2025-03-24 02:21:00,Walking Shoes,1,620.63,682.693,62.063
284,MONTICELLO,Minnesota,6421,2025-03-18 11:49:00,Walking Shoes,1,605.13,665.643,60.513
890,DETROIT,Michigan,82,2025-03-18 22:13:00,Walking Shoes,1,605.13,665.643,60.513
2017,JAMAICA,New York,5059,2025-03-19 23:28:00,Walking Shoes,1,517.13,568.843,51.713
3336,KALAMAZOO,Michigan,6472,2025-03-21 10:33:00,Walking Shoes,1,653.13,718.443,65.313
4540,CHICO,California,4704,2025-03-22 11:59:00,Walking Shoes,1,585.13,643.643,58.513
3479,MADISON,Wisconsin,2873,2025-03-21 12:34:00,Walking Shoes,1,759.13,835.043,75.913
5919,MEMPHIS,Tennessee,5601,2025-03-23 18:11:00,Walking Shoes,1,555.13,610.643,55.513
4877,IDAHO FALLS,Idaho,6131,2025-03-22 16:41:00,Walking Shoes,1,531.93,585.123,53.193
657,NORMAN,Oklahoma,4879,2025-03-18 17:03:00,Walking Shoes,1,687.13,755.843,68.713
6853,WASHINGTON,District of Columbia,4168,2025-03-24 14:04:00,Walking Shoes,1,555.13,610.643,55.513
118,OKLAHOMA CITY,Oklahoma,6362,2025-03-18 09:37:00,Walking Shoes,1,497.13,546.843,49.713
280,NORTH LAS VEGAS,Nevada,1579,2025-03-18 11:47:00,Walking Shoes,1,497.13,546.843,49.713
2044,BROOKLYN,New York,5263,2025-03-20 00:48:00,Walking Shoes,1,575.13,632.643,57.513
2848,SEATTLE,Washington,4024,2025-03-20 18:39:00,Walking Shoes,1,497.13,546.843,49.713
4838,AUSTIN,Texas,6075,2025-03-22 16:05:00,Walking Shoes,1,497.13,546.843,49.713
5465,NEW HAVEN,Connecticut,1137,2025-03-23 10:43:00,Walking Shoes,1,729.13,802.043,72.913
6282,BALTIMORE,Maryland,496,2025-03-24 07:01:00,Walking Shoes,1,497.13,546.843,49.713
144,IDAHO FALLS,Idaho,3628,2025-03-18 10:07:00,Walking Shoes,1,555.93,611.523,55.593
1185,DECATUR,Illinois,4242,2025-03-19 11:20:00,Walking Shoes,1,635.13,698.643,63.513
4653,EL PASO,Texas,5596,2025-03-22 13:24:00,Walking Shoes,1,555.13,610.643,55.513
6423,NEWPORT BEACH,California,289,2025-03-24 09:29:00,Walking Shoes,1,497.13,546.843,49.713
7192,SHREVEPORT,Louisiana,4579,2025-03-24 19:06:00,Walking Shoes,1,497.13,546.843,49.713
2428,KANSAS CITY,Missouri,4568,2025-03-20 13:17:00,Walking Shoes,1,485.53,534.083,48.553
6041,RESTON,Virginia,6044,2025-03-23 20:28:00,Walking Shoes,1,531.93,585.123,53.193
7371,ROCHESTER,New York,2215,2025-03-24 22:19:00,Walking Shoes,1,555.13,610.643,55.513
1011,ATLANTA,Georgia,323,2025-03-19 08:35:00,Walking Shoes,1,517.13,568.843,51.713
5758,PASADENA,Texas,6109,2025-03-23 15:27:00,Walking Shoes,1,575.13,632.643,57.513
483,SACRAMENTO,California,3237,2025-03-18 14:25:00,Walking Shoes,1,613.13,674.443,61.313
3611,ORANGE,California,3297,2025-03-21 14:26:00,Walking Shoes,1,595.13,654.643,59.513
5031,NEW HAVEN,Connecticut,2793,2025-03-22 19:06:00,Walking Shoes,1,497.13,546.843,49.713
917,BOISE,Idaho,6419,2025-03-18 23:02:00,Walking Shoes,1,485.53,534.083,48.553
4022,JACKSONVILLE,Florida,4341,2025-03-21 21:14:00,Walking Shoes,1,716.63,788.293,71.663
4590,CHICAGO,Illinois,990,2025-03-22 12:37:00,Walking Shoes,1,517.53,569.283,51.753
10,SAN ANTONIO,Texas,487,2025-03-18 00:35:00,Walking Shoes,1,650.53,715.583,65.053
3183,CINCINNATI,Ohio,2766,2025-03-21 00:40:00,Walking Shoes,2,555.13,610.643,55.513
3390,HOUSTON,Texas,5760,2025-03-21 11:17:00,Walking Shoes,2,555.13,610.643,55.513
165,WICHITA,Kansas,2305,2025-03-18 10:23:00,Walking Shoes,1,711.13,782.243,71.113
1024,BALTIMORE,Maryland,4126,2025-03-19 08:59:00,Walking Shoes,1,497.13,546.843,49.713
1852,NEWARK,New Jersey,1551,2025-03-19 19:35:00,Walking Shoes,1,555.13,610.643,55.513
1992,TALLAHASSEE,Florida,1993,2025-03-19 22:28:00,Walking Shoes,1,497.13,546.843,49.713
2000,ARVADA,Colorado,5395,2025-03-19 22:44:00,Walking Shoes,1,555.13,610.643,55.513
3841,SAGINAW,Michigan,6011,2025-03-21 18:20:00,Walking Shoes,1,497.13,546.843,49.713
5521,COLUMBIA,South Carolina,1387,2025-03-23 11:48:00,Walking Shoes,1,575.13,632.643,57.513
63,WEST PALM BEACH,Florida,6190,2025-03-18 08:07:00,Walking Shoes,1,578.33,636.163,57.833
1712,NEW YORK CITY,New York,754,2025-03-19 17:49:00,Walking Shoes,1,531.93,585.123,53.193
2650,NEW YORK CITY,New York,4567,2025-03-20 16:01:00,Walking Shoes,1,439.13,483.043,43.913
3677,SALT LAKE CITY,Utah,6044,2025-03-21 15:38:00,Walking Shoes,1,569.13,626.043,56.913
3402,YOUNGSTOWN,Ohio,1188,2025-03-21 11:23:00,Walking Shoes,1,614.63,676.093,61.463
5288,GARY,Indiana,295,2025-03-23 00:12:00,Walking Shoes,1,985.13,1083.643,98.513
1696,SALT LAKE CITY,Utah,411,2025-03-19 17:37:00,Walking Shoes,1,610.33,671.363,61.033
522,SAINT PAUL,Minnesota,212,2025-03-18 14:58:00,Walking Shoes,1,497.63,547.393,49.763
82,RICHMOND,Virginia,2664,2025-03-18 08:40:00,Walking Shoes,1,497.13,546.843,49.713
3383,SHREVEPORT,Louisiana,1998,2025-03-21 11:09:00,Walking Shoes,1,624.73,687.203,62.473
3437,COLORADO SPRINGS,Colorado,1627,2025-03-21 11:57:00,Walking Shoes,1,485.53,534.083,48.553
1808,RICHMOND,Virginia,1750,2025-03-19 19:01:00,Walking Shoes,1,809.13,890.043,80.913
2240,IRVINE,California,2929,2025-03-20 10:54:00,Walking Shoes,1,497.13,546.843,49.713
3987,SALT LAKE CITY,Utah,2269,2025-03-21 20:36:00,Walking Shoes,1,555.13,610.643,55.513
4099,SIMI VALLEY,California,5161,2025-03-21 22:56:00,Walking Shoes,1,497.13,546.843,49.713
6984,SALT LAKE CITY,Utah,1271,2025-03-24 15:51:00,Walking Shoes,1,656.63,722.293,65.663
3745,PRESCOTT,Arizona,830,2025-03-21 16:36:00,Walking Shoes,1,671.13,738.243,67.113
5708,NEW HAVEN,Connecticut,6212,2025-03-23 14:41:00,Walking Shoes,1,497.13,546.843,49.713
498,CARLSBAD,California,1630,2025-03-18 14:38:00,Walking Shoes,1,613.13,674.443,61.313
5314,PANAMA CITY,Florida,5007,2025-03-23 03:05:00,Walking Shoes,1,531.93,585.123,53.193
6806,CHICAGO,Illinois,872,2025-03-24 13:37:00,Walking Shoes,1,485.53,534.083,48.553
754,SAINT CLOUD,Minnesota,652,2025-03-18 19:15:00,Walking Shoes,1,563.93,620.323,56.393
1931,SPRINGFIELD,Massachusetts,3338,2025-03-19 21:11:00,Walking Shoes,1,501.53,551.683,50.153
6962,NEW YORK CITY,New York,205,2025-03-24 15:38:00,Walking Shoes,1,623.13,685.443,62.313
938,PENSACOLA,Florida,6207,2025-03-18 23:51:00,Walking Shoes,1,497.13,546.843,49.713
3052,OAKLAND,California,2032,2025-03-20 21:26:00,Walking Shoes,1,641.53,705.683,64.153
35,WILMINGTON,North Carolina,6320,2025-03-18 03:34:00,Walking Shoes,1,585.13,643.643,58.513
496,LANCASTER,Pennsylvania,1835,2025-03-18 14:38:00,Walking Shoes,1,761.13,837.243,76.113
690,HOUSTON,Texas,4288,2025-03-18 17:35:00,Walking Shoes,1,789.13,868.043,78.913
2403,AUSTIN,Texas,2150,2025-03-20 12:59:00,Walking Shoes,1,517.13,568.843,51.713
3688,BIRMINGHAM,Alabama,2305,2025-03-21 15:45:00,Walking Shoes,1,517.13,568.843,51.713
1529,NORTH LITTLE ROCK,Arkansas,2887,2025-03-19 15:37:00,Walking Shoes,1,728.73,801.603,72.873
4067,ALBANY,New York,3547,2025-03-21 22:20:00,Walking Shoes,1,642.33,706.563,64.233
5216,SCHENECTADY,New York,1605,2025-03-22 22:06:00,Walking Shoes,1,555.13,610.643,55.513
2340,SAN ANTONIO,Texas,2891,2025-03-20 12:03:00,Walking Shoes,1,485.53,534.083,48.553
3784,FORT LAUDERDALE,Florida,4969,2025-03-21 17:06:00,Walking Shoes,1,531.93,585.123,53.193
3974,LANSING,Michigan,3999,2025-03-21 20:19:00,Walking Shoes,1,547.93,602.723,54.793
4457,EL PASO,Texas,3345,2025-03-22 11:04:00,Walking Shoes,1,610.33,671.363,61.033
4733,JACKSONVILLE,Florida,903,2025-03-22 14:27:00,Walking Shoes,1,680.73,748.803,68.073
6483,LAS VEGAS,Nevada,6164,2025-03-24 10:07:00,Walking Shoes,1,594.33,653.763,59.433
1937,CLEVELAND,Ohio,5669,2025-03-19 21:25:00,Walking Shoes,1,504.13,554.543,50.413
7054,DENVER,Colorado,2846,2025-03-24 16:47:00,Walking Shoes,1,497.13,546.843,49.713
1096,DETROIT,Michigan,1119,2025-03-19 10:11:00,Walking Shoes,1,497.13,546.843,49.713
3218,TAMPA,Florida,3221,2025-03-21 06:56:00,Walking Shoes,1,595.13,654.643,59.513
3507,HARTFORD,Connecticut,4241,2025-03-21 12:59:00,Walking Shoes,1,555.13,610.643,55.513
328,TAMPA,Florida,1654,2025-03-18 12:25:00,Walking Shoes,1,485.53,534.083,48.553
373,SPRING,Texas,6043,2025-03-18 13:07:00,Walking Shoes,1,485.53,534.083,48.553
2264,CHARLESTON,South Carolina,1813,2025-03-20 11:15:00,Walking Shoes,1,531.93,585.123,53.193
3211,SAN ANTONIO,Texas,3931,2025-03-21 06:10:00,Walking Shoes,1,783.13,861.443,78.313
665,INDIANAPOLIS,Indiana,3685,2025-03-18 17:10:00,Walking Shoes,1,517.13,568.843,51.713
1382,EL PASO,Texas,350,2025-03-19 13:36:00,Walking Shoes,1,650.33,715.363,65.033
1515,PORTLAND,Maine,1449,2025-03-19 15:22:00,Walking Shoes,1,704.73,775.203,70.473
1570,ALBANY,New York,282,2025-03-19 16:11:00,Walking Shoes,1,579.93,637.923,57.993
1574,SCRANTON,Pennsylvania,261,2025-03-19 16:11:00,Walking Shoes,1,618.33,680.163,61.833
2130,NORWALK,Connecticut,6,2025-03-20 09:15:00,Walking Shoes,1,821.53,903.683,82.153
3057,TUCSON,Arizona,2824,2025-03-20 21:28:00,Walking Shoes,1,629.63,692.593,62.963
4603,BUFFALO,New York,1677,2025-03-22 12:47:00,Walking Shoes,1,555.13,610.643,55.513
1782,HAYWARD,California,2628,2025-03-19 18:44:00,Walking Shoes,1,531.93,585.123,53.193
6555,MOBILE,Alabama,632,2025-03-24 10:46:00,Walking Shoes,1,656.73,722.403,65.673
963,MOBILE,Alabama,2735,2025-03-19 01:31:00,Walking Shoes,1,526.13,578.743,52.613
3440,CORPUS CHRISTI,Texas,638,2025-03-21 12:01:00,Walking Shoes,1,613.13,674.443,61.313
3982,YOUNGSTOWN,Ohio,1431,2025-03-21 20:30:00,Walking Shoes,1,585.13,643.643,58.513
5863,CHICAGO,Illinois,2139,2025-03-23 17:11:00,Walking Shoes,1,497.13,546.843,49.713
1179,KANSAS CITY,Missouri,2406,2025-03-19 11:18:00,Walking Shoes,1,531.93,585.123,53.193
2062,FARMINGTON,Michigan,76,2025-03-20 02:59:00,Walking Shoes,1,547.93,602.723,54.793
4045,SAN DIEGO,California,4991,2025-03-21 21:46:00,Walking Shoes,1,563.93,620.323,56.393
6078,BROOKLYN,New York,4941,2025-03-23 21:02:00,Walking Shoes,1,717.53,789.283,71.753
3203,DALLAS,Texas,2116,2025-03-21 02:32:00,Walking Shoes,1,672.73,740.003,67.273
447,SYRACUSE,New York,6045,2025-03-18 13:56:00,Walking Shoes,1,615.13,676.643,61.513
337,TYLER,Texas,2124,2025-03-18 12:37:00,Walking Shoes,1,843.93,928.323,84.393
6467,GAINESVILLE,Georgia,1053,2025-03-24 09:56:00,Walking Shoes,1,497.13,546.843,49.713
277,NEW YORK CITY,New York,2737,2025-03-18 11:44:00,Walking Shoes,1,578.33,636.163,57.833
4319,WASHINGTON,District of Columbia,531,2025-03-22 09:40:00,Walking Shoes,1,517.53,569.283,51.753
98,MADISON,Wisconsin,5374,2025-03-18 09:07:00,Walking Shoes,1,555.13,610.643,55.513
196,BRADENTON,Florida,5118,2025-03-18 10:44:00,Walking Shoes,1,497.13,546.843,49.713
3075,DURHAM,North Carolina,3860,2025-03-20 21:43:00,Walking Shoes,1,497.13,546.843,49.713
3860,BROOKLYN,New York,6056,2025-03-21 18:34:00,Walking Shoes,1,693.13,762.443,69.313
5762,JERSEY CITY,New Jersey,1267,2025-03-23 15:30:00,Walking Shoes,1,977.13,1074.843,97.713
5911,WASHINGTON,District of Columbia,1957,2025-03-23 18:01:00,Walking Shoes,1,555.13,610.643,55.513
2769,LAS VEGAS,Nevada,3374,2025-03-20 17:40:00,Walking Shoes,1,531.93,585.123,53.193
3729,GREENSBORO,North Carolina,1698,2025-03-21 16:18:00,Walking Shoes,1,704.73,775.203,70.473
4829,WEST PALM BEACH,Florida,1734,2025-03-22 15:56:00,Walking Shoes,1,482.63,530.893,48.263
5407,DAYTON,Ohio,6356,2025-03-23 09:39:00,Walking Shoes,1,595.13,654.643,59.513
3694,SAN JOSE,California,1933,2025-03-21 15:52:00,Walking Shoes,1,439.13,483.043,43.913
4586,LINCOLN,Nebraska,5089,2025-03-22 12:33:00,Walking Shoes,1,497.63,547.393,49.763
195,AUSTIN,Texas,5168,2025-03-18 10:44:00,Walking Shoes,1,635.13,698.643,63.513
1826,MEMPHIS,Tennessee,1692,2025-03-19 19:12:00,Walking Shoes,1,497.13,546.843,49.713
3381,EDMOND,Oklahoma,1760,2025-03-21 11:08:00,Walking Shoes,1,497.13,546.843,49.713
7122,ARLINGTON,Texas,4003,2025-03-24 17:56:00,Walking Shoes,1,604.13,664.543,60.413
2326,BERKELEY,California,5754,2025-03-20 11:50:00,Walking Shoes,1,497.13,546.843,49.713
2661,CHICAGO,Illinois,563,2025-03-20 16:15:00,Walking Shoes,1,497.13,546.843,49.713
1452,BRIDGEPORT,Connecticut,1722,2025-03-19 14:36:00,Walking Shoes,1,517.53,569.283,51.753
1793,LINCOLN,Nebraska,3111,2025-03-19 18:52:00,Walking Shoes,1,497.13,546.843,49.713
6375,SOUTHFIELD,Michigan,4818,2025-03-24 08:59:00,Walking Shoes,1,531.93,585.123,53.193
3306,LEXINGTON,Kentucky,388,2025-03-21 10:02:00,Walking Shoes,1,439.13,483.043,43.913
1151,MADISON,Wisconsin,2462,2025-03-19 10:53:00,Walking Shoes,1,497.13,546.843,49.713
1273,DETROIT,Michigan,814,2025-03-19 12:19:00,Walking Shoes,1,497.13,546.843,49.713
1878,SAN JOSE,California,6300,2025-03-19 20:05:00,Walking Shoes,1,663.13,729.443,66.313
2306,CRAWFORDSVILLE,Indiana,1962,2025-03-20 11:41:00,Walking Shoes,1,497.13,546.843,49.713
5562,BIRMINGHAM,Alabama,1048,2025-03-23 12:26:00,Walking Shoes,1,585.13,643.643,58.513
503,BOYNTON BEACH,Florida,5234,2025-03-18 14:41:00,Walking Shoes,1,485.53,534.083,48.553
635,VANCOUVER,Washington,2878,2025-03-18 16:38:00,Walking Shoes,1,539.93,593.923,53.993
1807,ALLENTOWN,Pennsylvania,606,2025-03-19 19:01:00,Walking Shoes,1,1135.13,1248.643,113.513
3824,PORTSMOUTH,New Hampshire,428,2025-03-21 17:58:00,Walking Shoes,1,592.13,651.343,59.213
5527,WASHINGTON,District of Columbia,4026,2025-03-23 11:57:00,Walking Shoes,1,569.13,626.043,56.913
2305,AURORA,Colorado,197,2025-03-20 11:41:00,Walking Shoes,1,623.13,685.443,62.313
204,BALTIMORE,Maryland,571,2025-03-18 10:47:00,Walking Shoes,1,610.33,671.363,61.033
1683,NEW HYDE PARK,New York,6478,2025-03-19 17:28:00,Walking Shoes,1,586.33,644.963,58.633
4712,FREDERICKSBURG,Virginia,2973,2025-03-22 14:14:00,Walking Shoes,1,537.13,590.843,53.713
7379,MONTGOMERY,Alabama,366,2025-03-24 22:29:00,Walking Shoes,1,497.13,546.843,49.713
4636,ATLANTA,Georgia,196,2025-03-22 13:08:00,Walking Shoes,1,613.13,674.443,61.313
3087,CHARLOTTE,North Carolina,175,2025-03-20 21:51:00,Walking Shoes,1,497.13,546.843,49.713
4827,DENVER,Colorado,1196,2025-03-22 15:55:00,Walking Shoes,1,602.33,662.563,60.233
5952,PITTSBURGH,Pennsylvania,1800,2025-03-23 18:49:00,Walking Shoes,2,555.13,610.643,55.513
2887,NEWARK,New Jersey,1472,2025-03-20 19:04:00,Walking Shoes,1,485.53,534.083,48.553
6893,WASHINGTON,District of Columbia,3137,2025-03-24 14:27:00,Walking Shoes,1,634.33,697.763,63.433
7280,WILMINGTON,North Carolina,4990,2025-03-24 20:22:00,Walking Shoes,1,551.93,607.123,55.193
1616,HOUSTON,Texas,2129,2025-03-19 16:38:00,Walking Shoes,1,497.13,546.843,49.713
2333,OCALA,Florida,4951,2025-03-20 11:57:00,Walking Shoes,1,555.13,610.643,55.513
2979,BALTIMORE,Maryland,331,2025-03-20 20:27:00,Walking Shoes,1,497.13,546.843,49.713
2626,FRESNO,California,920,2025-03-20 15:44:00,Walking Shoes,1,563.93,620.323,56.393
3819,MIAMI,Florida,60,2025-03-21 17:54:00,Walking Shoes,1,588.73,647.603,58.873
5531,CHICAGO,Illinois,5059,2025-03-23 12:03:00,Walking Shoes,1,586.13,644.743,58.613
480,COLUMBUS,Mississippi,2772,2025-03-18 14:20:00,Walking Shoes,1,501.53,551.683,50.153
2689,BURBANK,California,287,2025-03-20 16:43:00,Walking Shoes,1,509.53,560.483,50.953
6146,SAINT LOUIS,Missouri,3221,2025-03-23 21:58:00,Walking Shoes,1,509.53,560.483,50.953
1225,LAREDO,Texas,771,2025-03-19 11:45:00,Walking Shoes,1,439.13,483.043,43.913
6678,TOPEKA,Kansas,1230,2025-03-24 12:03:00,Walking Shoes,1,509.53,560.483,50.953
308,YONKERS,New York,4276,2025-03-18 12:12:00,Walking Shoes,1,509.53,560.483,50.953
1169,PEORIA,Illinois,5164,2025-03-19 11:07:00,Walking Shoes,1,696.73,766.403,69.673
2146,PEORIA,Illinois,2451,2025-03-20 09:34:00,Walking Shoes,1,658.33,724.163,65.833
5633,SEATTLE,Washington,2045,2025-03-23 13:25:00,Walking Shoes,1,579.93,637.923,57.993
1395,SAN FRANCISCO,California,2576,2025-03-19 13:40:00,Walking Shoes,1,527.13,579.843,52.713
1208,SPRING HILL,Florida,2222,2025-03-19 11:35:00,Walking Shoes,1,527.13,579.843,52.713
1439,SANTA BARBARA,California,4760,2025-03-19 14:17:00,Walking Shoes,1,615.13,676.643,61.513
1706,STOCKTON,California,3232,2025-03-19 17:47:00,Walking Shoes,1,683.13,751.443,68.313
2826,SPARTANBURG,South Carolina,1638,2025-03-20 18:21:00,Walking Shoes,1,527.13,579.843,52.713
3100,ROCHESTER,New York,5205,2025-03-20 22:12:00,Walking Shoes,1,625.13,687.643,62.513
3105,TALLAHASSEE,Florida,3057,2025-03-20 22:18:00,Walking Shoes,1,625.13,687.643,62.513
3186,PHILADELPHIA,Pennsylvania,630,2025-03-21 00:44:00,Walking Shoes,1,744.73,819.203,74.473
6685,TACOMA,Washington,3512,2025-03-24 12:07:00,Walking Shoes,1,509.53,560.483,50.953
5403,DES MOINES,Iowa,1973,2025-03-23 09:35:00,Walking Shoes,1,527.13,579.843,52.713
2765,PHOENIX,Arizona,5708,2025-03-20 17:37:00,Walking Shoes,1,501.53,551.683,50.153
6976,EL PASO,Texas,1943,2025-03-24 15:44:00,Walking Shoes,1,625.13,687.643,62.513
7285,SYRACUSE,New York,6220,2025-03-24 20:26:00,Walking Shoes,1,509.53,560.483,50.953
2710,BOSTON,Massachusetts,3209,2025-03-20 16:57:00,Walking Shoes,1,509.53,560.483,50.953
3009,CHARLESTON,West Virginia,4074,2025-03-20 20:56:00,Walking Shoes,1,587.93,646.723,58.793
4802,EL PASO,Texas,2168,2025-03-22 15:31:00,Walking Shoes,1,509.53,560.483,50.953
252,WASHINGTON,District of Columbia,262,2025-03-18 11:23:00,Walking Shoes,1,571.93,629.123,57.193
4182,HOUSTON,Texas,3933,2025-03-22 07:32:00,Walking Shoes,1,744.73,819.203,74.473
971,POMPANO BEACH,Florida,3769,2025-03-19 02:15:00,Walking Shoes,1,527.13,579.843,52.713
2998,PENSACOLA,Florida,3663,2025-03-20 20:41:00,Walking Shoes,1,625.13,687.643,62.513
5532,MONTPELIER,Vermont,3072,2025-03-23 12:04:00,Walking Shoes,1,615.13,676.643,61.513
1066,DAYTONA BEACH,Florida,2316,2025-03-19 09:45:00,Walking Shoes,1,821.13,903.243,82.113
3317,BIRMINGHAM,Alabama,5685,2025-03-21 10:10:00,Walking Shoes,1,527.13,579.843,52.713
495,OCEANSIDE,California,6089,2025-03-18 14:35:00,Walking Shoes,1,509.53,560.483,50.953
913,CHARLESTON,West Virginia,202,2025-03-18 22:57:00,Walking Shoes,1,565.53,622.083,56.553
3836,CHICAGO,Illinois,1295,2025-03-21 18:09:00,Walking Shoes,1,587.93,646.723,58.793
2563,FRESNO,California,2642,2025-03-20 15:05:00,Climbing Shoes,1,527.13,579.843,52.713
3395,JACKSON,Mississippi,483,2025-03-21 11:20:00,Climbing Shoes,1,666.33,732.963,66.633
3807,KILLEEN,Texas,5359,2025-03-21 17:38:00,Climbing Shoes,1,578.63,636.493,57.863
3291,GREEN BAY,Wisconsin,275,2025-03-21 09:47:00,Climbing Shoes,1,634.33,697.763,63.433
7190,YOUNGSTOWN,Ohio,2240,2025-03-24 19:04:00,Climbing Shoes,1,615.13,676.643,61.513
5258,SPRINGFIELD,Massachusetts,2868,2025-03-22 23:09:00,Climbing Shoes,1,728.73,801.603,72.873
5741,SAN DIEGO,California,2663,2025-03-23 15:13:00,Climbing Shoes,1,666.33,732.963,66.633
1547,TRENTON,New Jersey,1360,2025-03-19 15:53:00,Climbing Shoes,1,744.73,819.203,74.473
2313,ALBANY,New York,1455,2025-03-20 11:44:00,Climbing Shoes,1,556.13,611.743,55.613
6967,PITTSBURGH,Pennsylvania,1361,2025-03-24 15:39:00,Climbing Shoes,1,509.53,560.483,50.953
553,WINSTON SALEM,North Carolina,4186,2025-03-18 15:31:00,Climbing Shoes,1,622.13,684.343,62.213
7040,SPOKANE,Washington,3417,2025-03-24 16:39:00,Climbing Shoes,1,595.93,655.523,59.593
229,LITTLE ROCK,Arkansas,762,2025-03-18 11:08:00,Climbing Shoes,1,505.13,555.643,50.513
1234,SALT LAKE CITY,Utah,4417,2025-03-19 11:49:00,Climbing Shoes,1,616.93,678.623,61.693
7188,JACKSON,Mississippi,903,2025-03-24 19:03:00,Climbing Shoes,1,602.93,663.223,60.293
4566,GAINESVILLE,Florida,6066,2025-03-22 12:18:00,Climbing Shoes,1,517.13,568.843,51.713
1820,COLUMBIA,South Carolina,5962,2025-03-19 19:08:00,Climbing Shoes,1,537.13,590.843,53.713
3735,HOUSTON,Texas,2223,2025-03-21 16:22:00,Climbing Shoes,1,537.13,590.843,53.713
4799,SPRINGFIELD,Illinois,4880,2025-03-22 15:29:00,Climbing Shoes,1,517.53,569.283,51.753
1831,WHITE PLAINS,New York,6357,2025-03-19 19:19:00,Climbing Shoes,2,479.13,527.043,47.913
649,TRENTON,New Jersey,3100,2025-03-18 16:55:00,Climbing Shoes,1,551.63,606.793,55.163
3202,DES MOINES,Iowa,5879,2025-03-21 02:21:00,Climbing Shoes,2,519.13,571.043,51.913
3482,PITTSBURGH,Pennsylvania,6306,2025-03-21 12:36:00,Climbing Shoes,2,839.13,923.043,83.913
1565,LINCOLN,Nebraska,653,2025-03-19 16:07:00,Climbing Shoes,2,459.13,505.043,45.913
205,LOUISVILLE,Kentucky,5836,2025-03-18 10:50:00,Climbing Shoes,1,537.13,590.843,53.713
1120,BATON ROUGE,Louisiana,4247,2025-03-19 10:26:00,Climbing Shoes,1,547.13,601.843,54.713
4840,JACKSON,Mississippi,1196,2025-03-22 16:06:00,Climbing Shoes,1,459.13,505.043,45.913
4927,OMAHA,Nebraska,6048,2025-03-22 17:16:00,Climbing Shoes,1,517.13,568.843,51.713
5053,MONROE,Louisiana,4891,2025-03-22 19:24:00,Climbing Shoes,1,459.13,505.043,45.913
5493,MONTPELIER,Vermont,735,2025-03-23 11:22:00,Climbing Shoes,1,831.13,914.243,83.113
1410,TOLEDO,Ohio,3997,2025-03-19 13:56:00,Climbing Shoes,1,501.53,551.683,50.153
4632,PORTSMOUTH,Virginia,3281,2025-03-22 13:05:00,Climbing Shoes,1,525.53,578.083,52.553
413,LANSING,Michigan,4777,2025-03-18 13:30:00,Climbing Shoes,1,609.63,670.593,60.963
3449,GAINESVILLE,Georgia,1596,2025-03-21 12:13:00,Climbing Shoes,1,479.13,527.043,47.913
3595,SHAWNEE MISSION,Kansas,4934,2025-03-21 14:12:00,Climbing Shoes,1,557.13,612.843,55.713
240,HOLLYWOOD,Florida,1043,2025-03-18 11:17:00,Climbing Shoes,1,455.13,500.643,45.513
751,GAINESVILLE,Florida,4776,2025-03-18 19:14:00,Climbing Shoes,1,439.13,483.043,43.913
1137,SAN BERNARDINO,California,3691,2025-03-19 10:43:00,Climbing Shoes,1,517.13,568.843,51.713
1614,DALLAS,Texas,4422,2025-03-19 16:38:00,Climbing Shoes,1,537.13,590.843,53.713
2561,CHICAGO,Illinois,2682,2025-03-20 15:03:00,Climbing Shoes,1,547.13,601.843,54.713
1085,WICHITA FALLS,Texas,265,2025-03-19 10:03:00,Climbing Shoes,1,517.13,568.843,51.713
2504,MORGANTOWN,West Virginia,4094,2025-03-20 14:23:00,Climbing Shoes,2,665.13,731.643,66.513
1180,IRVINE,California,5796,2025-03-19 11:18:00,Climbing Shoes,1,620.13,682.143,62.013
5483,BEAUFORT,South Carolina,4122,2025-03-23 11:10:00,Climbing Shoes,2,879.13,967.043,87.913
500,SPOKANE,Washington,5784,2025-03-18 14:39:00,Climbing Shoes,1,490.33,539.363,49.033
3614,PITTSBURGH,Pennsylvania,70,2025-03-21 14:29:00,Climbing Shoes,1,516.73,568.403,51.673
6322,GREENVILLE,South Carolina,4903,2025-03-24 08:17:00,Climbing Shoes,1,618.33,680.163,61.833
7420,BALTIMORE,Maryland,5803,2025-03-24 23:34:00,Climbing Shoes,1,576.13,633.743,57.613
3940,MIAMI,Florida,2975,2025-03-21 19:45:00,Climbing Shoes,1,532.73,586.003,53.273
2924,WASHINGTON,District of Columbia,5384,2025-03-20 19:32:00,Climbing Shoes,1,625.63,688.193,62.563
3663,ANAHEIM,California,2776,2025-03-21 15:24:00,Climbing Shoes,1,594.13,653.543,59.413
4842,MONROE,Louisiana,3888,2025-03-22 16:06:00,Climbing Shoes,1,1057.53,1163.283,105.753
2612,FULLERTON,California,1496,2025-03-20 15:34:00,Climbing Shoes,1,478.13,525.943,47.813
5936,SAINT LOUIS,Missouri,4752,2025-03-23 18:27:00,Climbing Shoes,1,556.13,611.743,55.613
4286,SAINT LOUIS,Missouri,5840,2025-03-22 09:19:00,Climbing Shoes,1,548.73,603.603,54.873
6717,BROCKTON,Massachusetts,2496,2025-03-24 12:28:00,Climbing Shoes,1,540.73,594.803,54.073
2437,FORT WAYNE,Indiana,4179,2025-03-20 13:25:00,Climbing Shoes,1,483.45,531.795,48.345
4559,HOUSTON,Texas,5048,2025-03-22 12:16:00,Climbing Shoes,1,517.53,569.283,51.753
197,INDIANAPOLIS,Indiana,146,2025-03-18 10:44:00,Climbing Shoes,1,537.13,590.843,53.713
3733,WILKES BARRE,Pennsylvania,1541,2025-03-21 16:21:00,Climbing Shoes,1,446.63,491.293,44.663
6658,DELRAY BEACH,Florida,5559,2025-03-24 11:51:00,Climbing Shoes,1,597.53,657.283,59.753
3368,LYNN,Massachusetts,4922,2025-03-21 10:51:00,Climbing Shoes,1,637.13,700.843,63.713
6342,SEATTLE,Washington,6278,2025-03-24 08:34:00,Climbing Shoes,1,675.93,743.523,67.593
4092,BIRMINGHAM,Alabama,1497,2025-03-21 22:47:00,Climbing Shoes,1,633.53,696.883,63.353
389,EL PASO,Texas,279,2025-03-18 13:16:00,Climbing Shoes,1,637.13,700.843,63.713
5538,INDIANAPOLIS,Indiana,1541,2025-03-23 12:09:00,Climbing Shoes,1,637.13,700.843,63.713
2831,VANCOUVER,Washington,4978,2025-03-20 18:23:00,Climbing Shoes,1,637.13,700.843,63.713
3907,WASHINGTON,District of Columbia,1472,2025-03-21 19:12:00,Climbing Shoes,1,537.13,590.843,53.713
58,TUCSON,Arizona,361,2025-03-18 07:59:00,Climbing Shoes,1,497.13,546.843,49.713
4012,DALLAS,Texas,5666,2025-03-21 20:59:00,Climbing Shoes,1,485.53,534.083,48.553
1297,LAS VEGAS,Nevada,5426,2025-03-19 12:36:00,Climbing Shoes,1,537.13,590.843,53.713
126,MELBOURNE,Florida,596,2025-03-18 09:40:00,Climbing Shoes,1,527.13,579.843,52.713
6016,EVERETT,Washington,5651,2025-03-23 20:07:00,Climbing Shoes,1,470.33,517.363,47.033
2605,MINNEAPOLIS,Minnesota,1478,2025-03-20 15:29:00,Climbing Shoes,1,537.13,590.843,53.713
4515,COLUMBIA,Missouri,5580,2025-03-22 11:42:00,Flip-Flops,1,535.13,588.643,53.513
539,PORTLAND,Oregon,3780,2025-03-18 15:17:00,Climbing Shoes,1,501.53,551.683,50.153
316,BURBANK,California,6465,2025-03-18 12:17:00,Climbing Shoes,1,504.13,554.543,50.413
3761,NEW CASTLE,Pennsylvania,3585,2025-03-21 16:49:00,Climbing Shoes,1,507.13,557.843,50.713
3755,CINCINNATI,Ohio,1440,2025-03-21 16:43:00,Climbing Shoes,1,501.53,551.683,50.153
6493,MEMPHIS,Tennessee,3137,2025-03-24 10:11:00,Flip-Flops,1,493.53,542.883,49.353
3903,SAINT LOUIS,Missouri,1935,2025-03-21 19:09:00,Climbing Shoes,1,505.13,555.643,50.513
4295,LANCASTER,Pennsylvania,4853,2025-03-22 09:24:00,Climbing Shoes,1,439.13,483.043,43.913
3320,MIAMI,Florida,151,2025-03-21 10:12:00,Climbing Shoes,1,439.13,483.043,43.913
6722,SAN JOSE,California,5824,2025-03-24 12:34:00,Climbing Shoes,1,744.73,819.203,74.473
530,GRAND RAPIDS,Michigan,2847,2025-03-18 15:07:00,Climbing Shoes,1,527.13,579.843,52.713
6406,DALLAS,Texas,1856,2025-03-24 09:17:00,Sandals,1,517.13,568.843,51.713
1073,PEORIA,Illinois,3230,2025-03-19 09:55:00,Climbing Shoes,1,537.13,590.843,53.713
3685,PUEBLO,Colorado,3812,2025-03-21 15:43:00,Climbing Shoes,1,537.13,590.843,53.713
5139,MIDLAND,Michigan,2823,2025-03-22 20:37:00,Climbing Shoes,1,587.93,646.723,58.793
3864,LAS VEGAS,Nevada,2457,2025-03-21 18:35:00,Climbing Shoes,1,537.13,590.843,53.713
3823,PHILADELPHIA,Pennsylvania,3955,2025-03-21 17:57:00,Climbing Shoes,1,485.53,534.083,48.553
3334,LINCOLN,Nebraska,4451,2025-03-21 10:29:00,Climbing Shoes,1,501.53,551.683,50.153
3581,MIAMI,Florida,3447,2025-03-21 14:04:00,Boots,1,439.13,483.043,43.913
107,CHARLESTON,West Virginia,1894,2025-03-18 09:23:00,Walking Shoes,1,586.13,644.743,58.613
4255,MIAMI,Florida,853,2025-03-22 08:51:00,Walking Shoes,1,501.53,551.683,50.153
319,OKLAHOMA CITY,Oklahoma,1787,2025-03-18 12:18:00,Walking Shoes,1,1319.13,1451.043,131.913
1396,FORT WORTH,Texas,6397,2025-03-19 13:41:00,Walking Shoes,1,504.13,554.543,50.413
4815,SEATTLE,Washington,5508,2025-03-22 15:42:00,Walking Shoes,1,493.53,542.883,49.353
2762,DALLAS,Texas,3839,2025-03-20 17:33:00,Walking Shoes,1,517.13,568.843,51.713
3534,PITTSBURGH,Pennsylvania,2192,2025-03-21 13:28:00,Walking Shoes,1,517.53,569.283,51.753
6770,CHARLESTON,West Virginia,4221,2025-03-24 13:06:00,Walking Shoes,1,517.53,569.283,51.753
6021,BEAUMONT,Texas,5580,2025-03-23 20:11:00,Walking Shoes,1,527.13,579.843,52.713
5971,CONCORD,California,6056,2025-03-23 19:13:00,Walking Shoes,1,439.13,483.043,43.913
3738,FORT MYERS,Florida,5061,2025-03-21 16:26:00,Walking Shoes,1,861.13,947.243,86.113
625,MEMPHIS,Tennessee,2345,2025-03-18 16:32:00,Walking Shoes,1,439.13,483.043,43.913
1328,ORLANDO,Florida,1714,2025-03-19 12:56:00,Walking Shoes,1,439.13,483.043,43.913
4332,JAMAICA,New York,5424,2025-03-22 09:45:00,Walking Shoes,1,439.13,483.043,43.913
7100,ATLANTA,Georgia,5243,2025-03-24 17:34:00,Walking Shoes,1,537.13,590.843,53.713
157,CORPUS CHRISTI,Texas,5818,2025-03-18 10:16:00,Walking Shoes,2,439.13,483.043,43.913
136,RIVERSIDE,California,6110,2025-03-18 09:58:00,Walking Shoes,1,635.13,698.643,63.513
1812,JEFFERSONVILLE,Indiana,5979,2025-03-19 19:04:00,Walking Shoes,1,635.13,698.643,63.513
1756,LAS VEGAS,Nevada,5693,2025-03-19 18:28:00,Walking Shoes,1,526.13,578.743,52.613
2590,SAN JOSE,California,1125,2025-03-20 15:19:00,Walking Shoes,1,555.13,610.643,55.513
1940,BRADENTON,Florida,197,2025-03-19 21:27:00,Walking Shoes,1,563.93,620.323,56.393
501,SAN DIEGO,California,2127,2025-03-18 14:39:00,Walking Shoes,1,595.13,654.643,59.513
1978,NEW YORK CITY,New York,2491,2025-03-19 22:12:00,Walking Shoes,1,674.33,741.763,67.433
694,MILWAUKEE,Wisconsin,2534,2025-03-18 17:42:00,Walking Shoes,1,555.93,611.523,55.593
2075,METAIRIE,Louisiana,4543,2025-03-20 07:48:00,Walking Shoes,1,624.73,687.203,62.473
4102,EL PASO,Texas,4465,2025-03-21 22:59:00,Walking Shoes,1,674.33,741.763,67.433
153,FAYETTEVILLE,North Carolina,3720,2025-03-18 10:12:00,Walking Shoes,1,587.93,646.723,58.793
5691,NEW ORLEANS,Louisiana,2128,2025-03-23 14:28:00,Walking Shoes,1,555.13,610.643,55.513
1546,FRESNO,California,3845,2025-03-19 15:53:00,Walking Shoes,1,841.13,925.243,84.113
6480,PEORIA,Illinois,4976,2025-03-24 10:06:00,Sandals,1,579.93,637.923,57.993
3929,NEWARK,New Jersey,4097,2025-03-21 19:36:00,Walking Shoes,1,585.13,643.643,58.513
6312,TUCSON,Arizona,4952,2025-03-24 08:06:00,Walking Shoes,2,555.13,610.643,55.513
1315,PENSACOLA,Florida,5061,2025-03-19 12:51:00,Walking Shoes,1,497.13,546.843,49.713
476,SAINT LOUIS,Missouri,5406,2025-03-18 14:17:00,Walking Shoes,1,712.73,784.003,71.273
3893,TOPEKA,Kansas,1021,2025-03-21 19:01:00,Walking Shoes,1,781.13,859.243,78.113
6907,RICHMOND,Virginia,6195,2025-03-24 14:41:00,Walking Shoes,1,713.13,784.443,71.313
2495,SAN FRANCISCO,California,626,2025-03-20 14:14:00,Walking Shoes,1,507.13,557.843,50.713
4461,SPRINGFIELD,Illinois,1415,2025-03-22 11:05:00,Walking Shoes,1,512.63,563.893,51.263
4857,CANTON,Ohio,1355,2025-03-22 16:22:00,Walking Shoes,1,605.13,665.643,60.513
5338,SEATTLE,Washington,1815,2025-03-23 07:31:00,Walking Shoes,1,537.13,590.843,53.713
1740,AUSTIN,Texas,3539,2025-03-19 18:13:00,Walking Shoes,1,497.13,546.843,49.713
40,HUNTINGTON BEACH,California,1062,2025-03-18 06:47:00,Walking Shoes,1,497.13,546.843,49.713
6753,ASHBURN,Virginia,5355,2025-03-24 12:53:00,Walking Shoes,1,497.13,546.843,49.713
462,TULSA,Oklahoma,5370,2025-03-18 14:07:00,Walking Shoes,1,625.13,687.643,62.513
1020,TEMPLE,Texas,1027,2025-03-19 08:54:00,Walking Shoes,1,585.13,643.643,58.513
1340,LOUISVILLE,Kentucky,4888,2025-03-19 13:05:00,Flip-Flops,1,527.13,579.843,52.713
4049,MUSKEGON,Michigan,38,2025-03-21 21:50:00,Walking Shoes,1,537.13,590.843,53.713
5061,EVANSVILLE,Indiana,4841,2025-03-22 19:27:00,Walking Shoes,1,509.53,560.483,50.953
383,DECATUR,Georgia,1555,2025-03-18 13:13:00,Walking Shoes,1,497.13,546.843,49.713
5917,DES MOINES,Iowa,1033,2025-03-23 18:08:00,Walking Shoes,1,468.38,515.218,46.838
1599,COLUMBIA,Missouri,2174,2025-03-19 16:29:00,Flip-Flops,1,533.53,586.883,53.353
4949,SHAWNEE MISSION,Kansas,5306,2025-03-22 17:34:00,Walking Shoes,1,615.13,676.643,61.513
2591,CUMMING,Georgia,299,2025-03-20 15:19:00,Walking Shoes,1,517.53,569.283,51.753
78,SACRAMENTO,California,2277,2025-03-18 08:35:00,Walking Shoes,1,537.13,590.843,53.713
297,VENTURA,California,6247,2025-03-18 12:01:00,Walking Shoes,1,459.13,505.043,45.913
5421,NORTH LITTLE ROCK,Arkansas,1302,2025-03-23 09:53:00,Walking Shoes,1,439.13,483.043,43.913
112,PLANO,Texas,5046,2025-03-18 09:29:00,Walking Shoes,1,650.33,715.363,65.033
6542,RICHMOND,Virginia,6223,2025-03-24 10:40:00,Sandals,1,713.13,784.443,71.313
6194,SCHENECTADY,New York,1637,2025-03-23 23:02:00,Walking Shoes,1,594.33,653.763,59.433
3349,NORTH LITTLE ROCK,Arkansas,3228,2025-03-21 10:41:00,Walking Shoes,1,971.93,1069.123,97.193
3238,MAPLE PLAIN,Minnesota,2728,2025-03-21 08:17:00,Walking Shoes,1,673.13,740.443,67.313
5321,ORANGE,California,5266,2025-03-23 05:00:00,Walking Shoes,1,680.73,748.803,68.073
6707,SEATTLE,Washington,3416,2025-03-24 12:21:00,Walking Shoes,1,613.13,674.443,61.313
4768,TUCSON,Arizona,3218,2025-03-22 15:02:00,Walking Shoes,1,563.93,620.323,56.393
7087,PORT WASHINGTON,New York,4162,2025-03-24 17:17:00,Walking Shoes,1,595.93,655.523,59.593
514,NORWALK,Connecticut,1408,2025-03-18 14:50:00,Walking Shoes,1,439.13,483.043,43.913
4741,OMAHA,Nebraska,4037,2025-03-22 14:37:00,Walking Shoes,1,653.13,718.443,65.313
1745,EAST SAINT LOUIS,Illinois,1869,2025-03-19 18:18:00,Sandals,1,603.13,663.443,60.313
2455,LAS VEGAS,Nevada,3929,2025-03-20 13:46:00,Walking Shoes,1,611.93,673.123,61.193
4526,HUNTINGTON BEACH,California,2860,2025-03-22 11:48:00,Walking Shoes,1,497.13,546.843,49.713
4663,WEST PALM BEACH,Florida,5875,2025-03-22 13:32:00,Walking Shoes,1,555.13,610.643,55.513
5557,RESTON,Virginia,2364,2025-03-23 12:25:00,Sandals,1,555.93,611.523,55.593
1590,SAN ANTONIO,Texas,539,2025-03-19 16:21:00,Walking Shoes,1,595.93,655.523,59.593
4486,OMAHA,Nebraska,200,2025-03-22 11:25:00,Walking Shoes,1,571.13,628.243,57.113
2816,HOUSTON,Texas,5457,2025-03-20 18:14:00,Sandals,1,545.13,599.643,54.513
401,POMPANO BEACH,Florida,3549,2025-03-18 13:22:00,Sandals,1,487.13,535.843,48.713
4383,TAMPA,Florida,897,2025-03-22 10:16:00,Sandals,1,535.13,588.643,53.513
4910,SAN ANTONIO,Texas,3667,2025-03-22 17:03:00,Walking Shoes,1,585.13,643.643,58.513
6240,HOUSTON,Texas,5665,2025-03-24 00:59:00,Walking Shoes,1,595.13,654.643,59.513
6828,SAN ANTONIO,Texas,3802,2025-03-24 13:52:00,Walking Shoes,1,693.13,762.443,69.313
2921,SHREVEPORT,Louisiana,3345,2025-03-20 19:30:00,Walking Shoes,1,613.13,674.443,61.313
7198,SAN FRANCISCO,California,3295,2025-03-24 19:13:00,Walking Shoes,1,531.93,585.123,53.193
1479,WASHINGTON,District of Columbia,5962,2025-03-19 14:57:00,Walking Shoes,1,1183.13,1301.443,118.313
745,WICHITA,Kansas,1239,2025-03-18 19:08:00,Walking Shoes,1,1024.73,1127.203,102.473
3504,HOUSTON,Texas,3203,2025-03-21 12:56:00,Sandals,1,613.13,674.443,61.313
4704,MADISON,Wisconsin,5569,2025-03-22 14:08:00,Walking Shoes,1,683.13,751.443,68.313
7150,WASHINGTON,District of Columbia,2998,2025-03-24 18:17:00,Walking Shoes,1,602.33,662.563,60.233
6945,MILWAUKEE,Wisconsin,6272,2025-03-24 15:18:00,Sandals,1,487.13,535.843,48.713
218,JACKSONVILLE,Florida,3595,2025-03-18 11:00:00,Sandals,1,565.13,621.643,56.513
6188,HOUSTON,Texas,899,2025-03-23 22:54:00,Sandals,1,642.13,706.343,64.213
7135,HARTFORD,Connecticut,1275,2025-03-24 18:07:00,Sandals,1,531.93,585.123,53.193
1600,ROCHESTER,New York,1061,2025-03-19 16:29:00,Sandals,1,531.93,585.123,53.193
2120,KANSAS CITY,Missouri,5952,2025-03-20 09:05:00,Walking Shoes,1,605.13,665.643,60.513
327,MISSOULA,Montana,6028,2025-03-18 12:24:00,Walking Shoes,1,527.13,579.843,52.713
867,LITTLE ROCK,Arkansas,1967,2025-03-18 21:40:00,Walking Shoes,1,527.13,579.843,52.713
1379,MONTGOMERY,Alabama,3195,2025-03-19 13:33:00,Walking Shoes,1,919.13,1011.043,91.913
6711,FORT WAYNE,Indiana,336,2025-03-24 12:23:00,Walking Shoes,1,587.93,646.723,58.793
6716,HOUSTON,Texas,4054,2025-03-24 12:28:00,Walking Shoes,1,587.93,646.723,58.793
978,CLEVELAND,Ohio,2671,2025-03-19 05:53:00,Walking Shoes,1,527.13,579.843,52.713
2574,ORLANDO,Florida,5420,2025-03-20 15:10:00,Walking Shoes,1,555.93,611.523,55.593
1722,GLENDALE,Arizona,6103,2025-03-19 17:55:00,Walking Shoes,1,527.13,579.843,52.713
801,HUNTINGTON,West Virginia,102,2025-03-18 20:21:00,Walking Shoes,1,497.13,546.843,49.713
1153,TULSA,Oklahoma,3262,2025-03-19 10:55:00,Walking Shoes,1,578.33,636.163,57.833
4537,COLUMBIA,Missouri,2647,2025-03-22 11:56:00,Walking Shoes,1,497.13,546.843,49.713
181,NORTH HOLLYWOOD,California,2506,2025-03-18 10:33:00,Walking Shoes,1,575.13,632.643,57.513
5772,ALBANY,New York,2833,2025-03-23 15:46:00,Walking Shoes,1,575.13,632.643,57.513
2053,ATLANTA,Georgia,6335,2025-03-20 01:11:00,Walking Shoes,1,527.13,579.843,52.713
5343,BAKERSFIELD,California,1240,2025-03-23 07:55:00,Sandals,1,535.13,588.643,53.513
5550,NEW YORK CITY,New York,629,2025-03-23 12:19:00,Walking Shoes,1,654.13,719.543,65.413
4147,SYRACUSE,New York,1867,2025-03-22 00:36:00,Walking Shoes,1,527.13,579.843,52.713
5822,HOUSTON,Texas,3132,2025-03-23 16:30:00,Walking Shoes,1,919.13,1011.043,91.913
4150,PLANO,Texas,5782,2025-03-22 00:51:00,Walking Shoes,1,563.93,620.323,56.393
3170,NORWALK,Connecticut,1728,2025-03-21 00:03:00,Walking Shoes,1,783.13,861.443,78.313
37,DETROIT,Michigan,2010,2025-03-18 04:49:00,Walking Shoes,1,672.73,740.003,67.273
5106,PALMDALE,California,6261,2025-03-22 20:10:00,Walking Shoes,1,497.13,546.843,49.713
2138,SANTA ANA,California,2305,2025-03-20 09:27:00,Walking Shoes,1,605.13,665.643,60.513
4677,EL PASO,Texas,1336,2025-03-22 13:44:00,Walking Shoes,1,509.53,560.483,50.953
2347,GRAND RAPIDS,Michigan,1792,2025-03-20 12:10:00,Walking Shoes,1,579.93,637.923,57.993
451,NEW YORK CITY,New York,288,2025-03-18 13:59:00,Walking Shoes,1,509.53,560.483,50.953
2789,ALBUQUERQUE,New Mexico,6414,2025-03-20 17:53:00,Walking Shoes,1,650.33,715.363,65.033
1319,WASHINGTON,District of Columbia,2428,2025-03-19 12:52:00,Sandals,1,539.93,593.923,53.993
3456,MIGRATE,Kentucky,3085,2025-03-21 12:18:00,Walking Shoes,1,527.13,579.843,52.713
1325,SARASOTA,Florida,462,2025-03-19 12:54:00,Sandals,1,462.73,509.003,46.273
1487,SPRINGFIELD,Massachusetts,5702,2025-03-19 15:03:00,Walking Shoes,1,595.93,655.523,59.593
132,PENSACOLA,Florida,371,2025-03-18 09:51:00,Walking Shoes,1,509.53,560.483,50.953
5384,CHARLESTON,West Virginia,2409,2025-03-23 09:16:00,Walking Shoes,1,488.13,536.943,48.813
3209,LUBBOCK,Texas,4169,2025-03-21 03:35:00,Walking Shoes,1,572.73,630.003,57.273
2322,MEMPHIS,Tennessee,1673,2025-03-20 11:46:00,Walking Shoes,1,595.13,654.643,59.513
1667,FORT WORTH,Texas,5196,2025-03-19 17:07:00,Walking Shoes,1,831.13,914.243,83.113
224,LAS VEGAS,Nevada,210,2025-03-18 11:02:00,Walking Shoes,1,507.13,557.843,50.713
1527,FORT WORTH,Texas,3506,2025-03-19 15:35:00,Walking Shoes,1,635.13,698.643,63.513
5335,NASHVILLE,Tennessee,1828,2025-03-23 07:29:00,Walking Shoes,1,537.13,590.843,53.713
3964,TOLEDO,Ohio,2621,2025-03-21 20:09:00,Sandals,1,831.13,914.243,83.113
7262,ORANGE,California,5228,2025-03-24 20:12:00,Walking Shoes,1,595.93,655.523,59.593
5983,COLUMBUS,Ohio,562,2025-03-23 19:29:00,Walking Shoes,1,635.13,698.643,63.513
6868,BRYAN,Texas,160,2025-03-24 14:14:00,Walking Shoes,1,497.63,547.393,49.763
6261,EL PASO,Texas,3784,2025-03-24 04:13:00,Walking Shoes,1,723.13,795.443,72.313
588,DALLAS,Texas,1397,2025-03-18 16:05:00,Walking Shoes,1,595.93,655.523,59.593
2247,JACKSONVILLE,Florida,4683,2025-03-20 11:00:00,Walking Shoes,1,508.13,558.943,50.813
1899,WARREN,Ohio,2643,2025-03-19 20:28:00,Walking Shoes,1,517.53,569.283,51.753
1847,ASHEVILLE,North Carolina,2090,2025-03-19 19:32:00,Walking Shoes,1,493.53,542.883,49.353
577,FRESNO,California,2304,2025-03-18 15:56:00,Walking Shoes,1,537.13,590.843,53.713
355,ARLINGTON,Texas,1207,2025-03-18 12:54:00,Walking Shoes,1,509.53,560.483,50.953
5255,CHICAGO,Illinois,3971,2025-03-22 23:02:00,Accessories,1,529.13,582.043,52.913
7061,MOBILE,Alabama,2488,2025-03-24 16:50:00,Sandals,1,497.13,546.843,49.713
320,CHICAGO,Illinois,3880,2025-03-18 12:19:00,Walking Shoes,1,537.13,590.843,53.713
3208,PHOENIX,Arizona,62,2025-03-21 03:32:00,Walking Shoes,1,517.53,569.283,51.753
2454,NAPLES,Florida,4846,2025-03-20 13:44:00,Walking Shoes,1,605.13,665.643,60.513
524,ALLENTOWN,Pennsylvania,5907,2025-03-18 15:00:00,Walking Shoes,1,585.13,643.643,58.513
948,AMARILLO,Texas,5008,2025-03-19 00:03:00,Walking Shoes,1,595.93,655.523,59.593
4760,JACKSONVILLE,Florida,1475,2025-03-22 14:55:00,Walking Shoes,1,537.13,590.843,53.713
2051,HOT SPRINGS NATIONAL PARK,Arkansas,1097,2025-03-20 01:08:00,Walking Shoes,1,713.13,784.443,71.313
546,LEVITTOWN,Pennsylvania,4906,2025-03-18 15:21:00,Walking Shoes,1,595.93,655.523,59.593
2977,SAN DIEGO,California,3816,2025-03-20 20:26:00,Walking Shoes,1,527.13,579.843,52.713
7380,MIAMI,Florida,4114,2025-03-24 22:30:00,Walking Shoes,1,634.33,697.763,63.433
656,PORTLAND,Oregon,1651,2025-03-18 17:02:00,Walking Shoes,1,527.13,579.843,52.713
3409,GLENDALE,California,2123,2025-03-21 11:27:00,Walking Shoes,1,509.53,560.483,50.953
2649,SACRAMENTO,California,6064,2025-03-20 15:57:00,Walking Shoes,1,488.13,536.943,48.813
402,MOBILE,Alabama,4328,2025-03-18 13:24:00,Sandals,1,595.13,654.643,59.513
6470,ORANGE,California,3745,2025-03-24 09:56:00,Sandals,1,497.13,546.843,49.713
4416,CAROL STREAM,Illinois,3547,2025-03-22 10:37:00,Walking Shoes,1,625.13,687.643,62.513
3135,TUCSON,Arizona,2414,2025-03-20 22:53:00,Walking Shoes,1,517.53,569.283,51.753
2584,LOS ANGELES,California,5059,2025-03-20 15:14:00,Walking Shoes,1,586.13,644.743,58.613
2397,COLUMBIA,Missouri,1353,2025-03-20 12:56:00,Walking Shoes,1,537.13,590.843,53.713
303,SAN JOSE,California,1350,2025-03-18 12:08:00,Walking Shoes,1,537.13,590.843,53.713
2917,ORANGE,California,763,2025-03-20 19:27:00,Walking Shoes,1,493.53,542.883,49.353
3138,FORT MYERS,Florida,2404,2025-03-20 22:57:00,Walking Shoes,1,555.93,611.523,55.593
3531,PORTLAND,Oregon,1255,2025-03-21 13:26:00,Walking Shoes,1,585.13,643.643,58.513
2115,HOUSTON,Texas,5486,2025-03-20 09:01:00,Walking Shoes,1,537.13,590.843,53.713
3303,SAINT LOUIS,Missouri,317,2025-03-21 09:59:00,Walking Shoes,1,635.13,698.643,63.513
6989,SACRAMENTO,California,3341,2025-03-24 15:53:00,Walking Shoes,1,537.13,590.843,53.713
714,INDIANAPOLIS,Indiana,1137,2025-03-18 18:07:00,Walking Shoes,1,733.13,806.443,73.313
1725,PHILADELPHIA,Pennsylvania,4131,2025-03-19 17:58:00,Walking Shoes,1,663.13,729.443,66.313
1507,MONTPELIER,Vermont,5241,2025-03-19 15:15:00,Sandals,2,709.13,780.043,70.913
4309,SACRAMENTO,California,5413,2025-03-22 09:33:00,Walking Shoes,1,635.13,698.643,63.513
1832,VENTURA,California,6173,2025-03-19 19:19:00,Walking Shoes,1,618.33,680.163,61.833
941,BETHESDA,Maryland,1441,2025-03-18 23:52:00,Walking Shoes,1,693.13,762.443,69.313
5334,DECATUR,Georgia,766,2025-03-23 07:29:00,Walking Shoes,1,615.13,676.643,61.513
6911,PENSACOLA,Florida,3781,2025-03-24 14:47:00,Walking Shoes,1,527.13,579.843,52.713
1979,EL PASO,Texas,6443,2025-03-19 22:13:00,Walking Shoes,1,507.13,557.843,50.713
2726,COLUMBIA,Missouri,5634,2025-03-20 17:15:00,Walking Shoes,1,537.13,590.843,53.713
5188,PITTSBURGH,Pennsylvania,425,2025-03-22 21:24:00,Walking Shoes,1,1027.13,1129.843,102.713
2103,LOUISVILLE,Kentucky,673,2025-03-20 08:46:00,Walking Shoes,1,587.93,646.723,58.793
133,BUFFALO,New York,2755,2025-03-18 09:52:00,Walking Shoes,1,537.13,590.843,53.713
2624,LUBBOCK,Texas,4427,2025-03-20 15:43:00,Walking Shoes,1,693.13,762.443,69.313
326,LAKELAND,Florida,4484,2025-03-18 12:24:00,Walking Shoes,1,517.53,569.283,51.753
1388,DAYTON,Ohio,5395,2025-03-19 13:38:00,Walking Shoes,1,537.13,590.843,53.713
6250,LOUISVILLE,Kentucky,5937,2025-03-24 02:13:00,Walking Shoes,1,674.33,741.763,67.433
1664,HOUSTON,Texas,3082,2025-03-19 17:07:00,Walking Shoes,1,635.13,698.643,63.513
2929,KNOXVILLE,Tennessee,4033,2025-03-20 19:34:00,Walking Shoes,1,635.13,698.643,63.513
3599,SAINT AUGUSTINE,Florida,4018,2025-03-21 14:17:00,Walking Shoes,1,537.13,590.843,53.713
5130,ROANOKE,Virginia,2878,2025-03-22 20:30:00,Walking Shoes,1,635.13,698.643,63.513
5954,MONTGOMERY,Alabama,2489,2025-03-23 18:55:00,Walking Shoes,1,870.13,957.143,87.013
4028,TOPEKA,Kansas,1515,2025-03-21 21:24:00,Walking Shoes,1,586.13,644.743,58.613
3312,HARTFORD,Connecticut,4539,2025-03-21 10:05:00,Walking Shoes,1,674.33,741.763,67.433
334,ATLANTA,Georgia,3413,2025-03-18 12:34:00,Walking Shoes,1,635.13,698.643,63.513
424,HARRISBURG,Pennsylvania,4248,2025-03-18 13:41:00,Walking Shoes,1,831.13,914.243,83.113
1799,VANCOUVER,Washington,1413,2025-03-19 18:53:00,Walking Shoes,1,537.13,590.843,53.713
2431,HOLLYWOOD,Florida,1351,2025-03-20 13:21:00,Walking Shoes,1,811.13,892.243,81.113
5154,ORANGE,California,2112,2025-03-22 20:50:00,Walking Shoes,1,517.53,569.283,51.753
4239,CLEARWATER,Florida,3785,2025-03-22 08:39:00,Walking Shoes,1,635.13,698.643,63.513
911,FULLERTON,California,439,2025-03-18 22:56:00,Walking Shoes,1,537.13,590.843,53.713
2085,FRESNO,California,668,2025-03-20 08:25:00,Walking Shoes,1,615.13,676.643,61.513
3570,ORANGE,California,3101,2025-03-21 13:52:00,Walking Shoes,1,571.93,629.123,57.193
1269,PASADENA,Texas,3795,2025-03-19 12:16:00,Walking Shoes,1,615.13,676.643,61.513
6782,MADISON,Wisconsin,5711,2025-03-24 13:19:00,Walking Shoes,1,595.93,655.523,59.593
232,FLORENCE,South Carolina,2032,2025-03-18 11:12:00,Walking Shoes,1,537.13,590.843,53.713
1639,CLEARWATER,Florida,5859,2025-03-19 16:48:00,Walking Shoes,1,529.13,582.043,52.913
6697,CHARLESTON,West Virginia,879,2025-03-24 12:16:00,Walking Shoes,1,537.13,590.843,53.713
1373,ATLANTA,Georgia,111,2025-03-19 13:32:00,Walking Shoes,1,537.13,590.843,53.713
1839,HUNTINGTON,West Virginia,3548,2025-03-19 19:25:00,Walking Shoes,1,517.53,569.283,51.753
6993,PITTSBURGH,Pennsylvania,6450,2025-03-24 15:59:00,Walking Shoes,1,595.93,655.523,59.593
1713,ROANOKE,Virginia,2390,2025-03-19 17:49:00,Walking Shoes,1,509.53,560.483,50.953
6141,INDIANAPOLIS,Indiana,5549,2025-03-23 21:54:00,Walking Shoes,1,509.53,560.483,50.953
3625,IDAHO FALLS,Idaho,4200,2025-03-21 14:46:00,Walking Shoes,1,527.13,579.843,52.713
3185,SACRAMENTO,California,5748,2025-03-21 00:41:00,Walking Shoes,1,579.93,637.923,57.993
3710,NORFOLK,Virginia,4567,2025-03-21 16:05:00,Walking Shoes,1,587.93,646.723,58.793
5632,MACON,Georgia,417,2025-03-23 13:23:00,Walking Shoes,1,626.33,688.963,62.633
5680,SANTA MONICA,California,547,2025-03-23 14:11:00,Walking Shoes,1,579.93,637.923,57.993
1114,DAYTON,Ohio,6021,2025-03-19 10:23:00,Walking Shoes,1,527.13,579.843,52.713
6154,GREELEY,Colorado,4293,2025-03-23 22:02:00,Walking Shoes,1,527.13,579.843,52.713
1411,APPLETON,Wisconsin,1188,2025-03-19 13:56:00,Walking Shoes,1,744.73,819.203,74.473
6451,SPARTANBURG,South Carolina,5757,2025-03-24 09:48:00,Walking Shoes,1,488.13,536.943,48.813
5000,ATLANTA,Georgia,1161,2025-03-22 18:40:00,Walking Shoes,1,509.53,560.483,50.953
2774,SANTA BARBARA,California,2544,2025-03-20 17:44:00,Walking Shoes,1,508.13,558.943,50.813
2719,SIOUX CITY,Iowa,4402,2025-03-20 17:09:00,Sandals,1,663.13,729.443,66.313
1036,CORPUS CHRISTI,Texas,4762,2025-03-19 09:14:00,Sandals,1,485.53,534.083,48.553
2744,FRANKFORT,Kentucky,2726,2025-03-20 17:23:00,Sandals,1,626.33,688.963,62.633
466,ESCONDIDO,California,1535,2025-03-18 14:10:00,Sandals,1,531.93,585.123,53.193
481,AMARILLO,Texas,768,2025-03-18 14:21:00,Sandals,1,531.93,585.123,53.193
4716,PINELLAS PARK,Florida,2977,2025-03-22 14:17:00,Sandals,1,531.93,585.123,53.193
4397,PHILADELPHIA,Pennsylvania,6367,2025-03-22 10:23:00,Sandals,1,613.13,674.443,61.313
3169,LOUISVILLE,Kentucky,2426,2025-03-21 00:00:00,Sandals,1,937.13,1030.843,93.713
1212,KNOXVILLE,Tennessee,2644,2025-03-19 11:35:00,Sandals,1,593.13,652.443,59.313
5173,NEW YORK CITY,New York,1396,2025-03-22 21:12:00,Walking Shoes,1,625.13,687.643,62.513
719,KANSAS CITY,Missouri,5472,2025-03-18 18:19:00,Walking Shoes,1,517.53,569.283,51.753
1223,MIAMI,Florida,1209,2025-03-19 11:43:00,Walking Shoes,1,587.93,646.723,58.793
1659,PHILADELPHIA,Pennsylvania,4376,2025-03-19 17:05:00,Walking Shoes,1,517.53,569.283,51.753
4064,WASHINGTON,District of Columbia,3318,2025-03-21 22:17:00,Walking Shoes,1,571.93,629.123,57.193
4816,DULLES,Virginia,2132,2025-03-22 15:45:00,Walking Shoes,1,517.53,569.283,51.753
5761,ORANGE,California,509,2025-03-23 15:30:00,Walking Shoes,1,517.53,569.283,51.753
7246,KANSAS CITY,Missouri,2228,2025-03-24 19:53:00,Walking Shoes,1,977.13,1074.843,97.713
5541,ALBANY,New York,1492,2025-03-23 12:11:00,Walking Shoes,1,537.13,590.843,53.713
2552,CHARLOTTE,North Carolina,4928,2025-03-20 14:57:00,Walking Shoes,1,517.53,569.283,51.753
5607,BOWIE,Maryland,888,2025-03-23 13:07:00,Walking Shoes,1,537.13,590.843,53.713
2220,RENO,Nevada,3362,2025-03-20 10:32:00,Walking Shoes,1,642.33,706.563,64.233
4706,ORLANDO,Florida,2822,2025-03-22 14:09:00,Walking Shoes,1,587.93,646.723,58.793
4888,NEW YORK CITY,New York,1828,2025-03-22 16:47:00,Walking Shoes,1,517.53,569.283,51.753
2074,LOUISVILLE,Kentucky,4653,2025-03-20 07:45:00,Walking Shoes,1,635.13,698.643,63.513
4420,RESTON,Virginia,5426,2025-03-22 10:40:00,Walking Shoes,1,517.53,569.283,51.753
119,LITTLETON,Colorado,4445,2025-03-18 09:37:00,Walking Shoes,1,537.13,590.843,53.713
1715,FREDERICKSBURG,Virginia,5926,2025-03-19 17:51:00,Walking Shoes,1,537.13,590.843,53.713
2825,TOPEKA,Kansas,5880,2025-03-20 18:21:00,Walking Shoes,1,537.13,590.843,53.713
5134,ANNISTON,Alabama,6232,2025-03-22 20:34:00,Walking Shoes,1,587.93,646.723,58.793
1270,ALBANY,New York,2729,2025-03-19 12:18:00,Walking Shoes,1,635.13,698.643,63.513
1995,TOLEDO,Ohio,5163,2025-03-19 22:30:00,Walking Shoes,1,615.13,676.643,61.513
7221,EL PASO,Texas,231,2025-03-24 19:27:00,Walking Shoes,1,537.13,590.843,53.713
5141,WASHINGTON,District of Columbia,2395,2025-03-22 20:37:00,Walking Shoes,1,893.53,982.883,89.353
2943,DES MOINES,Iowa,566,2025-03-20 19:48:00,Walking Shoes,1,595.93,655.523,59.593
915,DAVENPORT,Iowa,1218,2025-03-18 22:58:00,Walking Shoes,1,625.13,687.643,62.513
1448,BRADENTON,Florida,4555,2025-03-19 14:29:00,Walking Shoes,1,493.53,542.883,49.353
1620,SANTA CLARA,California,4917,2025-03-19 16:41:00,Walking Shoes,1,517.53,569.283,51.753
3976,WASHINGTON,District of Columbia,4163,2025-03-21 20:22:00,Walking Shoes,1,517.53,569.283,51.753
13,WILKES BARRE,Pennsylvania,1833,2025-03-18 00:51:00,Walking Shoes,1,493.53,542.883,49.353
3397,MARIETTA,Georgia,2799,2025-03-21 11:21:00,Walking Shoes,1,537.13,590.843,53.713
301,BRADENTON,Florida,1001,2025-03-18 12:06:00,Walking Shoes,1,517.53,569.283,51.753
3753,OKLAHOMA CITY,Oklahoma,13,2025-03-21 16:42:00,Walking Shoes,1,635.13,698.643,63.513
4753,SAN FRANCISCO,California,3973,2025-03-22 14:50:00,Walking Shoes,1,635.13,698.643,63.513
5438,TUCSON,Arizona,4177,2025-03-23 10:05:00,Walking Shoes,1,537.13,590.843,53.713
28,TAMPA,Florida,5865,2025-03-18 01:51:00,Walking Shoes,1,579.93,637.923,57.993
254,RICHMOND,Virginia,5437,2025-03-18 11:23:00,Walking Shoes,1,626.33,688.963,62.633
6158,GREENVILLE,South Carolina,121,2025-03-23 22:07:00,Walking Shoes,1,587.93,646.723,58.793
1536,LEXINGTON,Kentucky,3360,2025-03-19 15:45:00,Walking Shoes,1,507.13,557.843,50.713
4385,BALTIMORE,Maryland,4381,2025-03-22 10:17:00,Walking Shoes,1,595.13,654.643,59.513
1532,MILWAUKEE,Wisconsin,4185,2025-03-19 15:40:00,Walking Shoes,1,507.13,557.843,50.713
7312,CINCINNATI,Ohio,3357,2025-03-24 21:02:00,Walking Shoes,1,563.93,620.323,56.393
571,NEW YORK CITY,New York,3107,2025-03-18 15:48:00,Walking Shoes,1,507.13,557.843,50.713
3883,PORTLAND,Oregon,729,2025-03-21 18:53:00,Walking Shoes,1,635.13,698.643,63.513
7409,GAINESVILLE,Florida,4060,2025-03-24 23:21:00,Walking Shoes,1,563.93,620.323,56.393
117,BOULDER,Colorado,5017,2025-03-18 09:32:00,Walking Shoes,1,595.13,654.643,59.513
116,IRVINE,California,5538,2025-03-18 09:32:00,Walking Shoes,1,839.13,923.043,83.913
4513,BROOKLYN,New York,5957,2025-03-22 11:41:00,Walking Shoes,1,648.73,713.603,64.873
3833,DALLAS,Texas,1122,2025-03-21 18:06:00,Walking Shoes,1,754.13,829.543,75.413
7027,PITTSBURGH,Pennsylvania,5557,2025-03-24 16:25:00,Walking Shoes,1,537.13,590.843,53.713
1953,PHOENIX,Arizona,6349,2025-03-19 21:44:00,Walking Shoes,1,635.13,698.643,63.513
332,PORTLAND,Oregon,2362,2025-03-18 12:31:00,Walking Shoes,1,579.93,637.923,57.993
2815,FLINT,Michigan,1100,2025-03-20 18:14:00,Walking Shoes,1,517.53,569.283,51.753
4089,BUFFALO,New York,6129,2025-03-21 22:44:00,Walking Shoes,1,642.33,706.563,64.233
86,SAINT PETERSBURG,Florida,2966,2025-03-18 08:48:00,Walking Shoes,1,595.93,655.523,59.593
4614,OKLAHOMA CITY,Oklahoma,2733,2025-03-22 12:52:00,Walking Shoes,1,501.53,551.683,50.153
4847,LEVITTOWN,Pennsylvania,347,2025-03-22 16:11:00,Walking Shoes,1,563.93,620.323,56.393
7223,HENDERSON,Nevada,1788,2025-03-24 19:30:00,Walking Shoes,1,563.93,620.323,56.393
2363,LYNN,Massachusetts,3283,2025-03-20 12:21:00,Walking Shoes,1,563.93,620.323,56.393
2865,PALM BAY,Florida,2602,2025-03-20 18:49:00,Walking Shoes,1,563.93,620.323,56.393
2830,PASADENA,Texas,5125,2025-03-20 18:23:00,Accessories,1,556.73,612.403,55.673
1633,MONTICELLO,Minnesota,5756,2025-03-19 16:45:00,Sandals,2,594.13,653.543,59.413
2541,AIKEN,South Carolina,4800,2025-03-20 14:50:00,Walking Shoes,1,811.13,892.243,81.113
5046,PITTSBURGH,Pennsylvania,4428,2025-03-22 19:20:00,Walking Shoes,1,517.53,569.283,51.753
223,NORTH LITTLE ROCK,Arkansas,2171,2025-03-18 11:02:00,Walking Shoes,1,537.13,590.843,53.713
5199,SAN ANTONIO,Texas,6246,2025-03-22 21:42:00,Walking Shoes,1,666.33,732.963,66.633
2869,TUCSON,Arizona,6194,2025-03-20 18:50:00,Walking Shoes,1,801.13,881.243,80.113
3210,BILLINGS,Montana,5933,2025-03-21 05:07:00,Walking Shoes,1,625.13,687.643,62.513
5781,DES MOINES,Iowa,1152,2025-03-23 15:57:00,Walking Shoes,1,537.13,590.843,53.713
4595,MEMPHIS,Tennessee,2993,2025-03-22 12:42:00,Walking Shoes,1,615.13,676.643,61.513
3511,CHULA VISTA,California,107,2025-03-21 13:03:00,Walking Shoes,1,555.93,611.523,55.593
5072,NEW ORLEANS,Louisiana,4036,2025-03-22 19:38:00,Sandals,1,595.13,654.643,59.513
1950,SEATTLE,Washington,135,2025-03-19 21:38:00,Walking Shoes,1,663.13,729.443,66.313
5578,CHARLOTTE,North Carolina,2409,2025-03-23 12:40:00,Walking Shoes,1,713.13,784.443,71.313
2401,EL PASO,Texas,178,2025-03-20 12:58:00,Walking Shoes,1,537.13,590.843,53.713
214,GREENSBORO,North Carolina,2393,2025-03-18 10:58:00,Walking Shoes,1,683.13,751.443,68.313
2515,GLENDALE,Arizona,66,2025-03-20 14:35:00,Walking Shoes,1,493.53,542.883,49.353
1894,SILVER SPRING,Maryland,1129,2025-03-19 20:25:00,Walking Shoes,1,713.13,784.443,71.313
6923,HUNTINGTON,West Virginia,6265,2025-03-24 15:02:00,Walking Shoes,1,615.13,676.643,61.513
3342,DENVER,Colorado,2421,2025-03-21 10:36:00,Walking Shoes,1,517.53,569.283,51.753
3363,PHILADELPHIA,Pennsylvania,3687,2025-03-21 10:48:00,Walking Shoes,1,509.53,560.483,50.953
7114,AMARILLO,Texas,391,2025-03-24 17:52:00,Walking Shoes,1,517.53,569.283,51.753
5330,EL PASO,Texas,2732,2025-03-23 07:13:00,Walking Shoes,1,683.13,751.443,68.313
2402,COLUMBUS,Georgia,799,2025-03-20 12:59:00,Walking Shoes,1,809.13,890.043,80.913
2959,MIAMI,Florida,6468,2025-03-20 20:04:00,Walking Shoes,1,947.93,1042.723,94.793
5508,DES MOINES,Iowa,5633,2025-03-23 11:39:00,Walking Shoes,1,527.13,579.843,52.713
6713,DENVER,Colorado,5309,2025-03-24 12:23:00,Walking Shoes,1,615.13,676.643,61.513
6645,CHICO,California,5229,2025-03-24 11:43:00,Sandals,1,555.13,610.643,55.513
3155,SHREVEPORT,Louisiana,767,2025-03-20 23:23:00,Walking Shoes,1,1026.33,1128.963,102.633
346,COLORADO SPRINGS,Colorado,6490,2025-03-18 12:47:00,Walking Shoes,1,531.93,585.123,53.193
6144,AUSTIN,Texas,2480,2025-03-23 21:58:00,Walking Shoes,1,485.53,534.083,48.553
2394,CINCINNATI,Ohio,3763,2025-03-20 12:52:00,Walking Shoes,1,537.13,590.843,53.713
1475,WACO,Texas,5293,2025-03-19 14:54:00,Walking Shoes,1,517.13,568.843,51.713
5328,SHREVEPORT,Louisiana,1001,2025-03-23 07:05:00,Walking Shoes,1,509.53,560.483,50.953
2135,NEWARK,New Jersey,909,2025-03-20 09:22:00,Walking Shoes,1,547.93,602.723,54.793
409,KALAMAZOO,Michigan,4550,2025-03-18 13:27:00,Walking Shoes,1,537.13,590.843,53.713
7273,ALEXANDRIA,Virginia,4250,2025-03-24 20:18:00,Walking Shoes,1,527.13,579.843,52.713
291,MOBILE,Alabama,784,2025-03-18 11:53:00,Walking Shoes,1,613.13,674.443,61.313
776,CANTON,Ohio,117,2025-03-18 19:45:00,Walking Shoes,1,595.13,654.643,59.513
1586,BIRMINGHAM,Alabama,4989,2025-03-19 16:19:00,Walking Shoes,1,696.73,766.403,69.673
2833,MAPLE PLAIN,Minnesota,949,2025-03-20 18:28:00,Boots,1,537.13,590.843,53.713
5291,COLUMBUS,Ohio,1823,2025-03-23 00:23:00,Boots,1,505.13,555.643,50.513
2673,DALLAS,Texas,3961,2025-03-20 16:21:00,Flip-Flops,1,547.93,602.723,54.793
2274,BOISE,Idaho,4715,2025-03-20 11:23:00,Jackets,1,803.93,884.323,80.393
2015,IRVINE,California,459,2025-03-19 23:22:00,Jackets,1,567.13,623.843,56.713
1813,PEORIA,Illinois,4575,2025-03-19 19:05:00,Walking Shoes,1,606.13,666.743,60.613
7184,VIRGINIA BEACH,Virginia,623,2025-03-24 19:00:00,Sandals,1,497.13,546.843,49.713
3748,NEW ORLEANS,Louisiana,3989,2025-03-21 16:39:00,Sandals,1,595.13,654.643,59.513
6105,PITTSBURGH,Pennsylvania,3453,2025-03-23 21:23:00,Walking Shoes,1,497.13,546.843,49.713
747,TACOMA,Washington,5335,2025-03-18 19:10:00,Walking Shoes,1,537.13,590.843,53.713
4900,ASHBURN,Virginia,5520,2025-03-22 16:57:00,Walking Shoes,1,485.53,534.083,48.553
4804,BUFFALO,New York,2357,2025-03-22 15:32:00,Walking Shoes,1,634.33,697.763,63.433
2259,SAINT PAUL,Minnesota,1209,2025-03-20 11:10:00,Walking Shoes,1,485.53,534.083,48.553
4209,FLINT,Michigan,1183,2025-03-22 08:17:00,Walking Shoes,1,635.13,698.643,63.513
2691,FLINT,Michigan,3967,2025-03-20 16:44:00,Walking Shoes,1,625.13,687.643,62.513
1000,TACOMA,Washington,3840,2025-03-19 08:11:00,Walking Shoes,1,517.53,569.283,51.753
3344,MINNEAPOLIS,Minnesota,4464,2025-03-21 10:39:00,Walking Shoes,1,531.93,585.123,53.193
989,JEFFERSONVILLE,Indiana,935,2025-03-19 07:37:00,Walking Shoes,1,517.53,569.283,51.753
6471,MINNEAPOLIS,Minnesota,605,2025-03-24 09:59:00,Walking Shoes,1,595.13,654.643,59.513
6216,NEW YORK CITY,New York,2986,2025-03-23 23:40:00,Walking Shoes,1,563.93,620.323,56.393
7329,MILWAUKEE,Wisconsin,664,2025-03-24 21:22:00,Walking Shoes,1,605.13,665.643,60.513
3828,LAKE WORTH,Florida,6207,2025-03-21 18:02:00,Walking Shoes,1,527.13,579.843,52.713
3555,MIAMI,Florida,2136,2025-03-21 13:42:00,Walking Shoes,1,555.13,610.643,55.513
3016,NAPLES,Florida,4303,2025-03-20 21:02:00,Walking Shoes,1,497.13,546.843,49.713
2200,MOBILE,Alabama,2007,2025-03-20 10:16:00,Walking Shoes,1,517.53,569.283,51.753
1272,CHATTANOOGA,Tennessee,2969,2025-03-19 12:18:00,Walking Shoes,1,497.13,546.843,49.713
1219,ANAHEIM,California,4509,2025-03-19 11:41:00,Walking Shoes,1,578.33,636.163,57.833
4154,DES MOINES,Iowa,2174,2025-03-22 01:16:00,Walking Shoes,1,635.13,698.643,63.513
3578,FARGO,North Dakota,6411,2025-03-21 13:59:00,Walking Shoes,1,571.93,629.123,57.193
3606,ATLANTA,Georgia,3358,2025-03-21 14:22:00,Walking Shoes,1,505.13,555.643,50.513
1967,APACHE JUNCTION,Arizona,6456,2025-03-19 21:59:00,Walking Shoes,1,497.13,546.843,49.713
1044,ODESSA,Texas,5390,2025-03-19 09:21:00,Walking Shoes,1,497.13,546.843,49.713
7175,SANTA BARBARA,California,5620,2025-03-24 18:46:00,Walking Shoes,1,531.93,585.123,53.193
6103,MARIETTA,Georgia,4418,2025-03-23 21:21:00,Walking Shoes,1,485.53,534.083,48.553
3679,KANSAS CITY,Missouri,1207,2025-03-21 15:40:00,Walking Shoes,1,497.13,546.843,49.713
6331,TAMPA,Florida,4465,2025-03-24 08:22:00,Walking Shoes,1,537.13,590.843,53.713
998,WASHINGTON,District of Columbia,4327,2025-03-19 08:07:00,Walking Shoes,1,497.13,546.843,49.713
5213,TEMPLE,Texas,4716,2025-03-22 22:00:00,Walking Shoes,1,497.13,546.843,49.713
5801,NEW YORK CITY,New York,5271,2025-03-23 16:09:00,Walking Shoes,1,555.13,610.643,55.513
5818,BOSTON,Massachusetts,1828,2025-03-23 16:27:00,Walking Shoes,1,712.73,784.003,71.273
3321,HELENA,Montana,1095,2025-03-21 10:16:00,Walking Shoes,1,537.13,590.843,53.713
2993,MINNEAPOLIS,Minnesota,1642,2025-03-20 20:37:00,Walking Shoes,1,703.13,773.443,70.313
1430,INDIANAPOLIS,Indiana,5569,2025-03-19 14:08:00,Walking Shoes,1,625.13,687.643,62.513
2743,PHOENIX,Arizona,5543,2025-03-20 17:23:00,Walking Shoes,1,517.53,569.283,51.753
4533,MINNEAPOLIS,Minnesota,580,2025-03-22 11:53:00,Walking Shoes,1,615.13,676.643,61.513
1841,DALLAS,Texas,3206,2025-03-19 19:29:00,Walking Shoes,1,497.13,546.843,49.713
5272,SAN FRANCISCO,California,4417,2025-03-22 23:41:00,Walking Shoes,1,527.13,579.843,52.713
2926,OLYMPIA,Washington,5912,2025-03-20 19:33:00,Walking Shoes,1,563.93,620.323,56.393
3400,CINCINNATI,Ohio,5972,2025-03-21 11:22:00,Walking Shoes,1,527.13,579.843,52.713
4083,FORT SMITH,Arkansas,6027,2025-03-21 22:36:00,Walking Shoes,1,501.53,551.683,50.153
6858,WASHINGTON,District of Columbia,813,2025-03-24 14:06:00,Walking Shoes,1,497.13,546.843,49.713
667,SAN ANTONIO,Texas,2885,2025-03-18 17:12:00,Walking Shoes,1,703.13,773.443,70.313
5048,TOLEDO,Ohio,6157,2025-03-22 19:22:00,Walking Shoes,1,579.93,637.923,57.993
7333,BATON ROUGE,Louisiana,2544,2025-03-24 21:27:00,Walking Shoes,1,595.93,655.523,59.593
7387,DULUTH,Minnesota,4172,2025-03-24 22:45:00,Walking Shoes,1,595.93,655.523,59.593
1458,GREENSBORO,North Carolina,5892,2025-03-19 14:44:00,Walking Shoes,1,537.13,590.843,53.713
1136,DALLAS,Texas,5866,2025-03-19 10:40:00,Walking Shoes,1,497.13,546.843,49.713
3859,POCATELLO,Idaho,1311,2025-03-21 18:33:00,Walking Shoes,1,605.13,665.643,60.513
4427,DENVER,Colorado,811,2025-03-22 10:43:00,Walking Shoes,1,527.13,579.843,52.713
975,BALTIMORE,Maryland,2663,2025-03-19 04:56:00,Walking Shoes,1,537.13,590.843,53.713
3759,HARRISBURG,Pennsylvania,347,2025-03-21 16:47:00,Walking Shoes,1,485.53,534.083,48.553
4200,NEWPORT NEWS,Virginia,2734,2025-03-22 08:08:00,Walking Shoes,1,720.73,792.803,72.073
2026,BREA,California,5470,2025-03-19 23:38:00,Walking Shoes,1,537.13,590.843,53.713
1341,COLORADO SPRINGS,Colorado,3000,2025-03-19 13:06:00,Walking Shoes,1,527.13,579.843,52.713
2444,LEES SUMMIT,Missouri,1032,2025-03-20 13:34:00,Walking Shoes,1,537.13,590.843,53.713
4608,WATERBURY,Connecticut,4736,2025-03-22 12:49:00,Walking Shoes,1,517.13,568.843,51.713
2709,DULUTH,Minnesota,3081,2025-03-20 16:56:00,Walking Shoes,1,509.53,560.483,50.953
6289,CHATTANOOGA,Tennessee,200,2025-03-24 07:27:00,Walking Shoes,1,517.53,569.283,51.753
6337,TRENTON,New Jersey,3681,2025-03-24 08:29:00,Walking Shoes,1,801.13,881.243,80.113
2070,HIALEAH,Florida,854,2025-03-20 07:16:00,Walking Shoes,1,497.13,546.843,49.713
4774,TAMPA,Florida,1163,2025-03-22 15:08:00,Walking Shoes,1,635.13,698.643,63.513
405,PHILADELPHIA,Pennsylvania,3804,2025-03-18 13:25:00,Walking Shoes,1,497.13,546.843,49.713
861,FORT WAYNE,Indiana,4511,2025-03-18 21:32:00,Walking Shoes,1,587.93,646.723,58.793
1390,DENVER,Colorado,5784,2025-03-19 13:39:00,Walking Shoes,1,497.13,546.843,49.713
3117,TYLER,Texas,3040,2025-03-20 22:33:00,Walking Shoes,1,642.33,706.563,64.233
4283,SAN FRANCISCO,California,2510,2025-03-22 09:17:00,Walking Shoes,1,527.13,579.843,52.713
988,BILOXI,Mississippi,885,2025-03-19 07:25:00,Walking Shoes,1,527.13,579.843,52.713
7366,RIVERSIDE,California,4969,2025-03-24 22:15:00,Walking Shoes,1,509.53,560.483,50.953
6758,COLUMBIA,Missouri,4128,2025-03-24 12:54:00,Walking Shoes,1,485.53,534.083,48.553
7404,HARTFORD,Connecticut,6500,2025-03-24 23:17:00,Walking Shoes,1,517.53,569.283,51.753
1910,WACO,Texas,3130,2025-03-19 20:41:00,Walking Shoes,1,509.53,560.483,50.953
6499,HOUSTON,Texas,696,2025-03-24 10:13:00,Walking Shoes,1,537.13,590.843,53.713
3529,WASHINGTON,District of Columbia,1184,2025-03-21 13:23:00,Walking Shoes,1,537.13,590.843,53.713
4210,MINNEAPOLIS,Minnesota,6350,2025-03-22 08:19:00,Walking Shoes,1,537.13,590.843,53.713
5088,ASHBURN,Virginia,3147,2025-03-22 19:51:00,Walking Shoes,1,517.53,569.283,51.753
3891,CHULA VISTA,California,1798,2025-03-21 19:00:00,Walking Shoes,1,505.13,555.643,50.513
4640,FULLERTON,California,1648,2025-03-22 13:11:00,Walking Shoes,1,527.13,579.843,52.713
1738,ESCONDIDO,California,305,2025-03-19 18:09:00,Walking Shoes,1,537.13,590.843,53.713
1884,GREENSBORO,North Carolina,612,2025-03-19 20:11:00,Walking Shoes,1,537.13,590.843,53.713
3986,LAS VEGAS,Nevada,4853,2025-03-21 20:35:00,Walking Shoes,1,507.13,557.843,50.713
2010,CORPUS CHRISTI,Texas,89,2025-03-19 23:12:00,Walking Shoes,1,517.53,569.283,51.753
2112,ALLENTOWN,Pennsylvania,3921,2025-03-20 08:57:00,Walking Shoes,1,517.53,569.283,51.753
1204,ELMIRA,New York,5025,2025-03-19 11:32:00,Walking Shoes,1,497.13,546.843,49.713
4585,TAMPA,Florida,5770,2025-03-22 12:32:00,Walking Shoes,1,635.13,698.643,63.513
5492,ELIZABETH,New Jersey,801,2025-03-23 11:19:00,Walking Shoes,1,517.53,569.283,51.753
5929,SAINT PAUL,Minnesota,955,2025-03-23 18:20:00,Walking Shoes,1,537.13,590.843,53.713
6913,PORT SAINT LUCIE,Florida,4622,2025-03-24 14:48:00,Walking Shoes,1,537.13,590.843,53.713
3674,LAS VEGAS,Nevada,5907,2025-03-21 15:35:00,Walking Shoes,1,537.13,590.843,53.713
4135,EL PASO,Texas,6148,2025-03-22 00:02:00,Walking Shoes,1,567.13,623.843,56.713
5783,CHICAGO,Illinois,5807,2025-03-23 15:59:00,Walking Shoes,1,471.13,518.243,47.113
931,TOLEDO,Ohio,6162,2025-03-18 23:27:00,Walking Shoes,1,517.13,568.843,51.713
2565,BOISE,Idaho,556,2025-03-20 15:05:00,Walking Shoes,1,575.13,632.643,57.513
1791,SALT LAKE CITY,Utah,4753,2025-03-19 18:51:00,Walking Shoes,1,485.53,534.083,48.553
3533,HUNTSVILLE,Alabama,3505,2025-03-21 13:27:00,Walking Shoes,1,497.13,546.843,49.713
5505,LITTLETON,Colorado,5606,2025-03-23 11:35:00,Walking Shoes,1,497.13,546.843,49.713
5030,JACKSONVILLE,Florida,3753,2025-03-22 19:05:00,Walking Shoes,1,537.13,590.843,53.713
2476,MADISON,Wisconsin,5429,2025-03-20 13:58:00,Walking Shoes,1,595.93,655.523,59.593
4328,GARY,Indiana,3684,2025-03-22 09:44:00,Walking Shoes,1,733.13,806.443,73.313
6264,FORT WAYNE,Indiana,1877,2025-03-24 05:43:00,Walking Shoes,1,509.53,560.483,50.953
4715,BOISE,Idaho,4313,2025-03-22 14:15:00,Walking Shoes,1,497.13,546.843,49.713
1426,HUNTINGTON BEACH,California,761,2025-03-19 14:07:00,Walking Shoes,1,555.93,611.523,55.593
3072,MEMPHIS,Tennessee,5441,2025-03-20 21:41:00,Walking Shoes,1,595.13,654.643,59.513
1907,KANSAS CITY,Missouri,2396,2025-03-19 20:38:00,Walking Shoes,1,556.13,611.743,55.613
3407,ALBANY,New York,5586,2025-03-21 11:26:00,Walking Shoes,1,595.13,654.643,59.513
1415,TUCSON,Arizona,3842,2025-03-19 13:58:00,Walking Shoes,1,1035.13,1138.643,103.513
299,WASHINGTON,District of Columbia,6346,2025-03-18 12:05:00,Walking Shoes,1,625.13,687.643,62.513
5858,COLUMBIA,South Carolina,3574,2025-03-23 17:08:00,Walking Shoes,1,537.13,590.843,53.713
610,LANSING,Michigan,53,2025-03-18 16:20:00,Walking Shoes,1,693.13,762.443,69.313
33,EL PASO,Texas,5128,2025-03-18 03:00:00,Walking Shoes,1,537.13,590.843,53.713
2992,COLUMBIA,South Carolina,71,2025-03-20 20:37:00,Walking Shoes,1,585.13,643.643,58.513
1700,AURORA,Colorado,5207,2025-03-19 17:42:00,Walking Shoes,1,615.13,676.643,61.513
6164,ATLANTA,Georgia,5138,2025-03-23 22:15:00,Walking Shoes,1,537.13,590.843,53.713
7238,VALDOSTA,Georgia,5850,2025-03-24 19:41:00,Walking Shoes,1,517.53,569.283,51.753
4578,PROVO,Utah,1270,2025-03-22 12:30:00,Walking Shoes,1,517.13,568.843,51.713
6798,TYLER,Texas,691,2025-03-24 13:27:00,Walking Shoes,1,733.13,806.443,73.313
3195,DENVER,Colorado,6460,2025-03-21 01:46:00,Walking Shoes,1,753.13,828.443,75.313
5185,RICHMOND,California,2556,2025-03-22 21:23:00,Walking Shoes,1,497.13,546.843,49.713
5575,NEWARK,Delaware,1046,2025-03-23 12:36:00,Walking Shoes,1,595.13,654.643,59.513
4950,WILKES BARRE,Pennsylvania,2110,2025-03-22 17:35:00,Walking Shoes,1,537.13,590.843,53.713
4120,PHILADELPHIA,Pennsylvania,5218,2025-03-21 23:27:00,Walking Shoes,1,537.13,590.843,53.713
5937,IRVINE,California,4412,2025-03-23 18:27:00,Walking Shoes,1,723.13,795.443,72.313
4460,MISSOULA,Montana,5081,2025-03-22 11:04:00,Flip-Flops,1,811.13,892.243,81.113
800,WASHINGTON,District of Columbia,5541,2025-03-18 20:21:00,Walking Shoes,1,733.13,806.443,73.313
2335,NEW YORK CITY,New York,312,2025-03-20 11:58:00,Walking Shoes,1,655.13,720.643,65.513
4875,BRONX,New York,4651,2025-03-22 16:40:00,Walking Shoes,1,509.53,560.483,50.953
3096,MEMPHIS,Tennessee,1563,2025-03-20 22:05:00,Boots,1,537.13,590.843,53.713
930,LARGO,Florida,1368,2025-03-18 23:26:00,Walking Shoes,1,537.13,590.843,53.713
5548,FRESNO,California,2230,2025-03-23 12:16:00,Walking Shoes,1,801.13,881.243,80.113
2683,PORT SAINT LUCIE,Florida,2144,2025-03-20 16:32:00,Walking Shoes,1,527.13,579.843,52.713
6698,YOUNG AMERICA,Minnesota,3548,2025-03-24 12:16:00,Walking Shoes,1,595.93,655.523,59.593
4723,DALLAS,Texas,5259,2025-03-22 14:20:00,Walking Shoes,1,537.13,590.843,53.713
247,KANSAS CITY,Missouri,2667,2025-03-18 11:21:00,Walking Shoes,1,527.13,579.843,52.713
4937,FRESNO,California,5052,2025-03-22 17:23:00,Walking Shoes,1,517.13,568.843,51.713
5081,FORT WAYNE,Indiana,1045,2025-03-22 19:44:00,Walking Shoes,1,527.13,579.843,52.713
3389,FORT PIERCE,Florida,4829,2025-03-21 11:17:00,Cycling Shoes,1,537.13,590.843,53.713
3568,PENSACOLA,Florida,781,2025-03-21 13:48:00,Cycling Shoes,1,439.13,483.043,43.913
891,TULSA,Oklahoma,418,2025-03-18 22:13:00,Boots,1,615.13,676.643,61.513
253,DETROIT,Michigan,1506,2025-03-18 11:23:00,Cycling Shoes,1,497.13,546.843,49.713
3645,SAINT LOUIS,Missouri,259,2025-03-21 15:08:00,Cycling Shoes,1,517.53,569.283,51.753
5840,PHOENIX,Arizona,1190,2025-03-23 16:51:00,Cycling Shoes,1,517.13,568.843,51.713
1661,FLINT,Michigan,855,2025-03-19 17:05:00,Cycling Shoes,1,615.13,676.643,61.513
4108,FALLS CHURCH,Virginia,1568,2025-03-21 23:04:00,Cycling Shoes,1,517.13,568.843,51.713
174,ORANGE,California,1284,2025-03-18 10:28:00,Cycling Shoes,1,517.13,568.843,51.713
6306,LOS ANGELES,California,4479,2025-03-24 07:58:00,Cycling Shoes,1,517.13,568.843,51.713
4572,YOUNG AMERICA,Minnesota,5740,2025-03-22 12:21:00,Cycling Shoes,1,501.53,551.683,50.153
4134,LOUISVILLE,Kentucky,3651,2025-03-21 23:56:00,Cycling Shoes,1,615.13,676.643,61.513
944,CHARLOTTE,North Carolina,5175,2025-03-18 23:56:00,Cycling Shoes,1,635.13,698.643,63.513
453,OMAHA,Nebraska,1799,2025-03-18 14:01:00,Cycling Shoes,1,517.13,568.843,51.713
4618,MILWAUKEE,Wisconsin,4899,2025-03-22 12:56:00,Cycling Shoes,1,517.53,569.283,51.753
3897,FORT WAYNE,Indiana,5341,2025-03-21 19:05:00,Cycling Shoes,1,517.13,568.843,51.713
467,SEATTLE,Washington,5626,2025-03-18 14:11:00,Cycling Shoes,1,595.93,655.523,59.593
6918,AMARILLO,Texas,5013,2025-03-24 14:55:00,Cycling Shoes,1,733.13,806.443,73.313
2700,BROOKLYN,New York,6472,2025-03-20 16:50:00,Cycling Shoes,1,537.13,590.843,53.713
3187,TOPEKA,Kansas,4016,2025-03-21 00:46:00,Cycling Shoes,1,497.13,546.843,49.713
3996,CORPUS CHRISTI,Texas,4397,2025-03-21 20:43:00,Cycling Shoes,1,509.53,560.483,50.953
4426,CARSON CITY,Nevada,301,2025-03-22 10:42:00,Cycling Shoes,1,497.13,546.843,49.713
2483,ORLANDO,Florida,4907,2025-03-20 14:05:00,Cycling Shoes,1,497.13,546.843,49.713
2244,KANSAS CITY,Missouri,4861,2025-03-20 10:57:00,Walking Shoes,1,517.13,568.843,51.713
5418,DAYTON,Ohio,1666,2025-03-23 09:49:00,Cycling Shoes,1,517.53,569.283,51.753
6296,OKLAHOMA CITY,Oklahoma,5452,2025-03-24 07:42:00,Boots,1,547.13,601.843,54.713
6060,BIRMINGHAM,Alabama,1406,2025-03-23 20:51:00,Boots,1,598.33,658.163,59.833
2325,POMPANO BEACH,Florida,4794,2025-03-20 11:50:00,Flip-Flops,1,490.13,539.143,49.013
4549,AKRON,Ohio,2566,2025-03-22 12:03:00,Flip-Flops,1,507.13,557.843,50.713
869,AUSTIN,Texas,2602,2025-03-18 21:43:00,Flip-Flops,1,585.13,643.643,58.513
2821,SAGINAW,Michigan,1014,2025-03-20 18:16:00,Flip-Flops,1,517.13,568.843,51.713
5506,GAINESVILLE,Georgia,576,2025-03-23 11:36:00,Jackets,1,617.13,678.843,61.713
5313,INDIANAPOLIS,Indiana,4008,2025-03-23 02:47:00,Walking Shoes,1,498.33,548.163,49.833
1191,MERRIFIELD,Virginia,23,2025-03-19 11:27:00,Walking Shoes,1,627.13,689.843,62.713
6259,NORWALK,Connecticut,1314,2025-03-24 03:26:00,Walking Shoes,1,464.13,510.543,46.413
3301,CHARLOTTE,North Carolina,6185,2025-03-21 09:58:00,Walking Shoes,1,566.13,622.743,56.613
896,EL PASO,Texas,3642,2025-03-18 22:21:00,Walking Shoes,1,517.13,568.843,51.713
5413,INGLEWOOD,California,516,2025-03-23 09:44:00,Sandals,1,563.93,620.323,56.393
3241,HARTFORD,Connecticut,5860,2025-03-21 08:20:00,Cycling Shoes,1,517.53,569.283,51.753
2289,MEMPHIS,Tennessee,3657,2025-03-20 11:29:00,Cycling Shoes,1,517.53,569.283,51.753
6869,GRAND RAPIDS,Michigan,3916,2025-03-24 14:16:00,Cycling Shoes,1,527.13,579.843,52.713
633,DES MOINES,Iowa,6258,2025-03-18 16:36:00,Cycling Shoes,1,576.77,634.447,57.677
415,GRAND RAPIDS,Michigan,5471,2025-03-18 13:30:00,Cycling Shoes,1,537.13,590.843,53.713
5679,MESA,Arizona,2401,2025-03-23 14:11:00,Cycling Shoes,1,625.13,687.643,62.513
5069,BALTIMORE,Maryland,1112,2025-03-22 19:36:00,Cycling Shoes,1,509.53,560.483,50.953
2191,NEW YORK CITY,New York,3307,2025-03-20 10:07:00,Cycling Shoes,1,517.53,569.283,51.753
6449,MIAMI,Florida,1748,2025-03-24 09:47:00,Cycling Shoes,1,517.53,569.283,51.753
2064,PITTSBURGH,Pennsylvania,4235,2025-03-20 04:05:00,Cycling Shoes,1,497.13,546.843,49.713
6257,PROVIDENCE,Rhode Island,315,2025-03-24 03:21:00,Cycling Shoes,1,517.53,569.283,51.753
5737,CHATTANOOGA,Tennessee,5567,2025-03-23 15:12:00,Cycling Shoes,1,537.13,590.843,53.713
6640,GREENSBORO,North Carolina,3788,2025-03-24 11:41:00,Cycling Shoes,1,527.13,579.843,52.713
4302,MADISON,Wisconsin,1064,2025-03-22 09:29:00,Cycling Shoes,1,485.53,534.083,48.553
6611,ALEXANDRIA,Virginia,4008,2025-03-24 11:22:00,Cycling Shoes,1,497.13,546.843,49.713
7058,ROCHESTER,New York,5805,2025-03-24 16:48:00,Cycling Shoes,1,517.13,568.843,51.713
3278,HOLLYWOOD,Florida,2511,2025-03-21 09:35:00,Cycling Shoes,1,537.13,590.843,53.713
1014,LIMA,Ohio,5210,2025-03-19 08:41:00,Cycling Shoes,1,635.13,698.643,63.513
6613,CONCORD,California,3745,2025-03-24 11:25:00,Cycling Shoes,1,595.93,655.523,59.593
3749,DANBURY,Connecticut,833,2025-03-21 16:41:00,Cycling Shoes,1,497.13,546.843,49.713
3727,ROANOKE,Virginia,4916,2025-03-21 16:18:00,Cycling Shoes,1,575.13,632.643,57.513
2658,LITTLE ROCK,Arkansas,1558,2025-03-20 16:10:00,Cycling Shoes,1,485.53,534.083,48.553
5572,NEW YORK CITY,New York,1410,2025-03-23 12:34:00,Cycling Shoes,1,537.13,590.843,53.713
6567,WASHINGTON,District of Columbia,3559,2025-03-24 10:56:00,Cycling Shoes,1,485.53,534.083,48.553
7351,NEW YORK CITY,New York,2504,2025-03-24 21:59:00,Cycling Shoes,1,517.53,569.283,51.753
2183,MINNEAPOLIS,Minnesota,2916,2025-03-20 10:00:00,Cycling Shoes,1,517.13,568.843,51.713
3667,HOUSTON,Texas,3132,2025-03-21 15:27:00,Cycling Shoes,1,509.53,560.483,50.953
3972,DALLAS,Texas,6477,2025-03-21 20:18:00,Cycling Shoes,1,517.53,569.283,51.753
3089,CORPUS CHRISTI,Texas,2733,2025-03-20 21:53:00,Cycling Shoes,1,626.33,688.963,62.633
3475,LANSING,Michigan,5186,2025-03-21 12:33:00,Cycling Shoes,1,517.53,569.283,51.753
194,DALLAS,Texas,1346,2025-03-18 10:44:00,Cycling Shoes,1,527.13,579.843,52.713
111,TROY,Michigan,2246,2025-03-18 09:29:00,Cycling Shoes,1,555.13,610.643,55.513
6213,SAINT LOUIS,Missouri,3067,2025-03-23 23:34:00,Cycling Shoes,1,517.13,568.843,51.713
4025,CHATTANOOGA,Tennessee,5329,2025-03-21 21:21:00,Cycling Shoes,1,537.13,590.843,53.713
7230,DETROIT,Michigan,1180,2025-03-24 19:35:00,Cycling Shoes,1,527.13,579.843,52.713
2748,WHITE PLAINS,New York,480,2025-03-20 17:24:00,Cycling Shoes,1,537.13,590.843,53.713
655,JACKSONVILLE,Florida,5582,2025-03-18 17:01:00,Cycling Shoes,1,537.13,590.843,53.713
6120,PHOENIX,Arizona,694,2025-03-23 21:37:00,Cycling Shoes,1,537.13,590.843,53.713
2048,LANCASTER,Pennsylvania,2176,2025-03-20 01:04:00,Cycling Shoes,1,575.13,632.643,57.513
6022,SAN ANTONIO,Texas,2768,2025-03-23 20:12:00,Cycling Shoes,1,642.33,706.563,64.233
2301,MORGANTOWN,West Virginia,6205,2025-03-20 11:38:00,Cycling Shoes,1,509.53,560.483,50.953
842,JAMAICA,New York,969,2025-03-18 21:07:00,Cycling Shoes,1,507.13,557.843,50.713
671,AUGUSTA,Georgia,411,2025-03-18 17:20:00,Cycling Shoes,1,650.33,715.363,65.033
7016,WILKES BARRE,Pennsylvania,2096,2025-03-24 16:19:00,Cycling Shoes,1,537.13,590.843,53.713
640,ATHENS,Georgia,1149,2025-03-18 16:40:00,Cycling Shoes,1,527.13,579.843,52.713
5918,DES MOINES,Iowa,3528,2025-03-23 18:08:00,Cycling Shoes,1,531.93,585.123,53.193
4958,POMONA,California,4652,2025-03-22 17:52:00,Cycling Shoes,1,507.13,557.843,50.713
7259,INDIANAPOLIS,Indiana,2535,2025-03-24 20:10:00,Cycling Shoes,1,517.53,569.283,51.753
4541,MANCHESTER,New Hampshire,3722,2025-03-22 12:00:00,Cycling Shoes,1,537.13,590.843,53.713
2105,PROVIDENCE,Rhode Island,56,2025-03-20 08:46:00,Cycling Shoes,1,537.13,590.843,53.713
5682,PHOENIX,Arizona,1606,2025-03-23 14:14:00,Cycling Shoes,1,517.53,569.283,51.753
5824,LOS ANGELES,California,4152,2025-03-23 16:31:00,Cycling Shoes,1,502.75,553.025,50.275
5602,DALLAS,Texas,1257,2025-03-23 13:03:00,Cycling Shoes,1,490.13,539.143,49.013
5060,JACKSONVILLE,Florida,3280,2025-03-22 19:27:00,Cycling Shoes,1,509.53,560.483,50.953
3750,LANSING,Michigan,6238,2025-03-21 16:41:00,Cycling Shoes,1,512.63,563.893,51.263
1552,GARLAND,Texas,5928,2025-03-19 15:57:00,Cycling Shoes,1,527.13,579.843,52.713
1604,DULUTH,Georgia,1004,2025-03-19 16:31:00,Cycling Shoes,1,501.53,551.683,50.153
5110,SAN JOSE,California,174,2025-03-22 20:13:00,Cycling Shoes,1,595.93,655.523,59.593
5305,HYATTSVILLE,Maryland,268,2025-03-23 01:23:00,Cycling Shoes,1,537.13,590.843,53.713
7266,PORT SAINT LUCIE,Florida,6139,2025-03-24 20:13:00,Cycling Shoes,1,485.53,534.083,48.553
1409,FORT LAUDERDALE,Florida,1841,2025-03-19 13:53:00,Cycling Shoes,1,537.13,590.843,53.713
5252,CAMBRIDGE,Massachusetts,1037,2025-03-22 22:59:00,Cycling Shoes,1,497.13,546.843,49.713
5584,CINCINNATI,Ohio,1740,2025-03-23 12:42:00,Cycling Shoes,1,537.13,590.843,53.713
1296,CHICAGO,Illinois,3822,2025-03-19 12:33:00,Cycling Shoes,1,537.13,590.843,53.713
4463,HUNTINGTON BEACH,California,2587,2025-03-22 11:09:00,Cycling Shoes,1,509.53,560.483,50.953
4761,BOCA RATON,Florida,3957,2025-03-22 14:57:00,Cycling Shoes,1,509.53,560.483,50.953
4785,CHARLESTON,West Virginia,2493,2025-03-22 15:18:00,Cycling Shoes,1,512.63,563.893,51.263
5987,LUBBOCK,Texas,206,2025-03-23 19:34:00,Cycling Shoes,1,537.13,590.843,53.713
5347,WICHITA,Kansas,779,2025-03-23 08:02:00,Cycling Shoes,1,527.13,579.843,52.713
5827,HOUSTON,Texas,1879,2025-03-23 16:33:00,Cycling Shoes,1,537.13,590.843,53.713
6187,PATERSON,New Jersey,694,2025-03-23 22:52:00,Cycling Shoes,1,635.13,698.643,63.513
2508,JACKSONVILLE,Florida,2064,2025-03-20 14:28:00,Cycling Shoes,1,497.13,546.843,49.713
425,JAMAICA,New York,6188,2025-03-18 13:41:00,Cycling Shoes,1,517.53,569.283,51.753
1372,MINNEAPOLIS,Minnesota,660,2025-03-19 13:32:00,Cycling Shoes,1,527.13,579.843,52.713
5033,SANTA FE,New Mexico,1804,2025-03-22 19:07:00,Cycling Shoes,1,527.13,579.843,52.713
689,BATTLE CREEK,Michigan,1293,2025-03-18 17:35:00,Cycling Shoes,1,509.53,560.483,50.953
3309,FORT WORTH,Texas,2219,2025-03-21 10:03:00,Cycling Shoes,1,517.53,569.283,51.753
7149,TACOMA,Washington,6164,2025-03-24 18:16:00,Cycling Shoes,1,485.53,534.083,48.553
2530,PENSACOLA,Florida,1688,2025-03-20 14:42:00,Cycling Shoes,1,509.53,560.483,50.953
1357,SAINT JOSEPH,Missouri,1238,2025-03-19 13:21:00,Cycling Shoes,1,517.53,569.283,51.753
1567,AMARILLO,Texas,1416,2025-03-19 16:07:00,Cycling Shoes,1,512.63,563.893,51.263
2975,OMAHA,Nebraska,1411,2025-03-20 20:25:00,Cycling Shoes,1,537.13,590.843,53.713
5450,KANSAS CITY,Missouri,3676,2025-03-23 10:17:00,Cycling Shoes,1,527.13,579.843,52.713
5065,WINSTON SALEM,North Carolina,3678,2025-03-22 19:31:00,Cycling Shoes,1,505.13,555.643,50.513
6983,SANTA ANA,California,4291,2025-03-24 15:51:00,Cycling Shoes,1,587.93,646.723,58.793
6637,BOISE,Idaho,4456,2025-03-24 11:39:00,Cycling Shoes,1,497.13,546.843,49.713
2139,LAKEWOOD,Washington,6444,2025-03-20 09:28:00,Cycling Shoes,1,497.13,546.843,49.713
2392,TROY,Michigan,4266,2025-03-20 12:50:00,Cycling Shoes,1,527.13,579.843,52.713
2566,YOUNG AMERICA,Minnesota,319,2025-03-20 15:05:00,Cycling Shoes,1,527.13,579.843,52.713
251,NAPERVILLE,Illinois,1133,2025-03-18 11:23:00,Cycling Shoes,1,512.63,563.893,51.263
7006,SPRINGFIELD,Illinois,2003,2025-03-24 16:11:00,Cycling Shoes,1,517.53,569.283,51.753
6958,LANSING,Michigan,2043,2025-03-24 15:32:00,Cycling Shoes,1,527.13,579.843,52.713
6315,SPRING,Texas,2131,2025-03-24 08:10:00,Cycling Shoes,1,517.13,568.843,51.713
5484,WASHINGTON,District of Columbia,6386,2025-03-23 11:11:00,Cycling Shoes,1,527.13,579.843,52.713
3505,DALLAS,Texas,3085,2025-03-21 12:57:00,Cycling Shoes,1,527.13,579.843,52.713
5124,WASHINGTON,District of Columbia,2655,2025-03-22 20:25:00,Cycling Shoes,1,537.13,590.843,53.713
5930,SHAWNEE MISSION,Kansas,3653,2025-03-23 18:21:00,Cycling Shoes,1,517.53,569.283,51.753
426,SAN ANTONIO,Texas,1152,2025-03-18 13:41:00,Cycling Shoes,1,504.13,554.543,50.413
1597,VALDOSTA,Georgia,5584,2025-03-19 16:26:00,Cycling Shoes,1,537.13,590.843,53.713
3039,CHARLOTTE,North Carolina,5533,2025-03-20 21:14:00,Cycling Shoes,1,493.53,542.883,49.353
2939,CHARLOTTE,North Carolina,3917,2025-03-20 19:45:00,Cycling Shoes,1,509.53,560.483,50.953
176,GREENSBORO,North Carolina,4303,2025-03-18 10:28:00,Cycling Shoes,1,493.53,542.883,49.353
6745,CHARLOTTE,North Carolina,5943,2025-03-24 12:51:00,Tennis Shoes,1,537.13,590.843,53.713
4672,ORLANDO,Florida,2457,2025-03-22 13:41:00,Tennis Shoes,1,517.53,569.283,51.753
5821,DALLAS,Texas,6180,2025-03-23 16:29:00,Tennis Shoes,1,517.53,569.283,51.753
2728,SAN JOSE,California,3633,2025-03-20 17:17:00,Tennis Shoes,1,517.53,569.283,51.753
2448,SAN ANTONIO,Texas,2153,2025-03-20 13:35:00,Tennis Shoes,1,529.13,582.043,52.913
4591,WASHINGTON,District of Columbia,3955,2025-03-22 12:37:00,Tennis Shoes,1,517.53,569.283,51.753
77,CHARLOTTESVILLE,Virginia,3662,2025-03-18 08:33:00,Tennis Shoes,1,537.13,590.843,53.713
2490,ALEXANDRIA,Virginia,6149,2025-03-20 14:12:00,Tennis Shoes,1,517.53,569.283,51.753
5229,CLEARWATER,Florida,1906,2025-03-22 22:23:00,Tennis Shoes,1,517.53,569.283,51.753
6474,DULUTH,Minnesota,2026,2025-03-24 10:00:00,Tennis Shoes,1,537.13,590.843,53.713
827,DENVER,Colorado,1980,2025-03-18 20:54:00,Tennis Shoes,1,517.13,568.843,51.713
2838,BIRMINGHAM,Alabama,1823,2025-03-20 18:31:00,Tennis Shoes,1,517.13,568.843,51.713
2602,PASADENA,California,4375,2025-03-20 15:27:00,Tennis Shoes,1,485.53,534.083,48.553
5084,DALLAS,Texas,1803,2025-03-22 19:48:00,Tennis Shoes,1,517.53,569.283,51.753
3627,ALBANY,New York,4256,2025-03-21 14:47:00,Tennis Shoes,1,537.13,590.843,53.713
3273,COLORADO SPRINGS,Colorado,5540,2025-03-21 09:20:00,Tennis Shoes,1,537.13,590.843,53.713
1385,LAFAYETTE,Louisiana,3223,2025-03-19 13:38:00,Walking Shoes,1,523.93,576.323,52.393
7165,LEHIGH ACRES,Florida,2875,2025-03-24 18:37:00,Walking Shoes,1,517.13,568.843,51.713
2318,NORTH HOLLYWOOD,California,3070,2025-03-20 11:45:00,Walking Shoes,1,517.13,568.843,51.713
1868,LAS VEGAS,Nevada,3374,2025-03-19 19:56:00,Walking Shoes,1,527.13,579.843,52.713
1167,PENSACOLA,Florida,5080,2025-03-19 11:06:00,Walking Shoes,1,537.13,590.843,53.713
5774,HOUSTON,Texas,6144,2025-03-23 15:47:00,Water Shoes,1,497.13,546.843,49.713
5868,MINNEAPOLIS,Minnesota,3715,2025-03-23 17:17:00,Clogs,1,487.13,535.843,48.713
4059,CLEARWATER,Florida,2730,2025-03-21 22:10:00,Clogs,1,487.13,535.843,48.713
273,SHREVEPORT,Louisiana,6495,2025-03-18 11:41:00,Clogs,1,477.53,525.283,47.753
1596,ROCHESTER,New York,6397,2025-03-19 16:26:00,Tennis Shoes,2,579.93,637.923,57.993
6926,AKRON,Ohio,1134,2025-03-24 15:06:00,Tennis Shoes,1,509.53,560.483,50.953
2290,BERKELEY,California,499,2025-03-20 11:29:00,Tennis Shoes,1,497.13,546.843,49.713
6258,GREENSBORO,North Carolina,5784,2025-03-24 03:23:00,Tennis Shoes,1,501.53,551.683,50.153
5051,SAINT PAUL,Minnesota,491,2025-03-22 19:23:00,Tennis Shoes,1,527.13,579.843,52.713
5876,BOSTON,Massachusetts,3730,2025-03-23 17:26:00,Tennis Shoes,1,517.13,568.843,51.713
639,CORPUS CHRISTI,Texas,5466,2025-03-18 16:40:00,Walking Shoes,1,517.13,568.843,51.713
4942,CINCINNATI,Ohio,5618,2025-03-22 17:28:00,Tennis Shoes,1,527.13,579.843,52.713
6056,LAUREL,Maryland,2702,2025-03-23 20:48:00,Flip-Flops,1,507.13,557.843,50.713
888,PITTSBURGH,Pennsylvania,2998,2025-03-18 22:11:00,Jackets,1,541.53,595.683,54.153
3583,SALT LAKE CITY,Utah,3200,2025-03-21 14:06:00,Tennis Shoes,1,517.53,569.283,51.753
3332,EL PASO,Texas,3942,2025-03-21 10:28:00,Tennis Shoes,1,517.13,568.843,51.713
4617,ROUND ROCK,Texas,5431,2025-03-22 12:56:00,Tennis Shoes,1,683.13,751.443,68.313
5519,PHOENIX,Arizona,4812,2025-03-23 11:46:00,Tennis Shoes,1,517.13,568.843,51.713
3446,SAN ANTONIO,Texas,4140,2025-03-21 12:12:00,Tennis Shoes,1,517.53,569.283,51.753
4935,LAKELAND,Florida,4465,2025-03-22 17:23:00,Tennis Shoes,1,537.13,590.843,53.713
6700,SALT LAKE CITY,Utah,1558,2025-03-24 12:16:00,Boots,1,537.13,590.843,53.713
2198,SALT LAKE CITY,Utah,1735,2025-03-20 10:13:00,Boots,1,595.13,654.643,59.513
5888,OKLAHOMA CITY,Oklahoma,3537,2025-03-23 17:37:00,Flip-Flops,1,527.13,579.843,52.713
5228,SAN FRANCISCO,California,769,2025-03-22 22:23:00,Tennis Shoes,1,555.13,610.643,55.513
4490,ROANOKE,Virginia,5241,2025-03-22 11:27:00,Tennis Shoes,1,613.13,674.443,61.313
6049,WORCESTER,Massachusetts,3258,2025-03-23 20:42:00,Tennis Shoes,1,497.13,546.843,49.713
6209,EL PASO,Texas,930,2025-03-23 23:24:00,Tennis Shoes,1,485.53,534.083,48.553
3770,BROOKLYN,New York,6063,2025-03-21 16:55:00,Tennis Shoes,1,485.53,534.083,48.553
5099,YOUNG AMERICA,Minnesota,4539,2025-03-22 20:01:00,Tennis Shoes,1,642.33,706.563,64.233
4393,SANTA CLARA,California,1920,2025-03-22 10:21:00,Tennis Shoes,1,693.13,762.443,69.313
3041,ORANGE,California,4963,2025-03-20 21:15:00,Tennis Shoes,1,635.13,698.643,63.513
2549,TAMPA,Florida,5666,2025-03-20 14:55:00,Tennis Shoes,1,587.93,646.723,58.793
7336,ROANOKE,Virginia,5992,2025-03-24 21:32:00,Tennis Shoes,1,658.33,724.163,65.833
4880,ORLANDO,Florida,2341,2025-03-22 16:42:00,Tennis Shoes,1,517.13,568.843,51.713
1781,MINNEAPOLIS,Minnesota,5841,2025-03-19 18:43:00,Tennis Shoes,1,501.53,551.683,50.153
4247,SHREVEPORT,Louisiana,2736,2025-03-22 08:43:00,Tennis Shoes,1,605.13,665.643,60.513
2163,KATY,Texas,4228,2025-03-20 09:45:00,Tennis Shoes,1,501.53,551.683,50.153
5480,JAMAICA,New York,1682,2025-03-23 11:05:00,Tennis Shoes,1,634.33,697.763,63.433
7405,ALEXANDRIA,Louisiana,2923,2025-03-24 23:17:00,Tennis Shoes,1,509.53,560.483,50.953
5207,AIKEN,South Carolina,4514,2025-03-22 21:51:00,Tennis Shoes,1,517.13,568.843,51.713
2329,VISALIA,California,2871,2025-03-20 11:53:00,Tennis Shoes,1,537.13,590.843,53.713
6545,SYRACUSE,New York,1531,2025-03-24 10:41:00,Tennis Shoes,1,517.53,569.283,51.753
2827,MONROE,Louisiana,3704,2025-03-20 18:23:00,Tennis Shoes,1,517.13,568.843,51.713
5476,SALT LAKE CITY,Utah,3260,2025-03-23 10:58:00,Tennis Shoes,1,626.33,688.963,62.633
6116,WATERBURY,Connecticut,3655,2025-03-23 21:31:00,Tennis Shoes,1,501.53,551.683,50.153
2861,PITTSBURGH,Pennsylvania,5825,2025-03-20 18:47:00,Tennis Shoes,1,537.13,590.843,53.713
7131,FORT MYERS,Florida,6345,2025-03-24 18:04:00,Tennis Shoes,1,517.53,569.283,51.753
5280,KANSAS CITY,Missouri,5704,2025-03-22 23:58:00,Tennis Shoes,1,501.53,551.683,50.153
808,JACKSONVILLE,Florida,588,2025-03-18 20:30:00,Tennis Shoes,1,537.13,590.843,53.713
845,PEORIA,Illinois,5221,2025-03-18 21:10:00,Tennis Shoes,1,539.93,593.923,53.993
188,NEW YORK CITY,New York,914,2025-03-18 10:36:00,Tennis Shoes,1,527.13,579.843,52.713
6819,HUNTSVILLE,Alabama,2704,2025-03-24 13:44:00,Climbing Shoes,1,693.13,762.443,69.313
7141,FAIRFIELD,Connecticut,2686,2025-03-24 18:12:00,Climbing Shoes,1,517.13,568.843,51.713
7126,SILVER SPRING,Maryland,4732,2025-03-24 17:59:00,Tennis Shoes,1,537.13,590.843,53.713
1880,BRYAN,Texas,3434,2025-03-19 20:07:00,Tennis Shoes,1,595.93,655.523,59.593
2265,MAPLE PLAIN,Minnesota,5793,2025-03-20 11:15:00,Boots,1,635.13,698.643,63.513
3966,ARLINGTON,Texas,2370,2025-03-21 20:10:00,Boots,1,512.63,563.893,51.263
6045,SAN LUIS OBISPO,California,1177,2025-03-23 20:37:00,Boots,1,505.13,555.643,50.513
1881,WARREN,Michigan,6162,2025-03-19 20:08:00,Boots,1,562.33,618.563,56.233
2096,DAYTONA BEACH,Florida,2610,2025-03-20 08:38:00,Climbing Shoes,1,489.13,538.043,48.913
1457,ALBUQUERQUE,New Mexico,1815,2025-03-19 14:40:00,Flip-Flops,1,490.13,539.143,49.013
5126,FARGO,North Dakota,1822,2025-03-22 20:27:00,Flip-Flops,1,537.13,590.843,53.713
6465,EL PASO,Texas,2827,2025-03-24 09:54:00,Flip-Flops,1,537.13,590.843,53.713
1716,WHITE PLAINS,New York,5476,2025-03-19 17:52:00,Flip-Flops,1,507.13,557.843,50.713
6359,CLEVELAND,Ohio,1974,2025-03-24 08:44:00,Flip-Flops,1,493.53,542.883,49.353
2090,HOUSTON,Texas,897,2025-03-20 08:28:00,Climbing Shoes,1,517.13,568.843,51.713
423,KANSAS CITY,Missouri,5969,2025-03-18 13:36:00,Climbing Shoes,1,501.53,551.683,50.153
1646,NORTH PORT,Florida,2977,2025-03-19 16:53:00,Climbing Shoes,1,634.33,697.763,63.433
246,FORT WAYNE,Indiana,3980,2025-03-18 11:21:00,Climbing Shoes,1,513.53,564.883,51.353
2069,CLEVELAND,Ohio,3031,2025-03-20 07:08:00,Climbing Shoes,1,459.13,505.043,45.913
4788,NASHVILLE,Tennessee,2717,2025-03-22 15:19:00,Climbing Shoes,1,521.53,573.683,52.153
3922,LOS ANGELES,California,3760,2025-03-21 19:31:00,Climbing Shoes,1,488.13,536.943,48.813
6165,FORT SMITH,Arkansas,6365,2025-03-23 22:19:00,Sandals,1,562.33,618.563,56.233
5473,FARGO,North Dakota,1629,2025-03-23 10:54:00,Sandals,1,531.93,585.123,53.193
4474,HARTFORD,Connecticut,3589,2025-03-22 11:15:00,Sandals,1,595.13,654.643,59.513
6444,PITTSBURGH,Pennsylvania,4773,2025-03-24 09:43:00,Sandals,1,712.73,784.003,71.273
4876,SAN DIEGO,California,1176,2025-03-22 16:40:00,Sandals,1,595.13,654.643,59.513
2084,EVANSVILLE,Indiana,2730,2025-03-20 08:25:00,Sandals,1,877.13,964.843,87.713
4707,SPRINGFIELD,Illinois,1260,2025-03-22 14:09:00,Sandals,1,555.13,610.643,55.513
6580,HOUSTON,Texas,1266,2025-03-24 11:08:00,Sandals,1,608.73,669.603,60.873
2758,COLLEGE STATION,Texas,3481,2025-03-20 17:31:00,Sandals,1,545.13,599.643,54.513
3912,JOHNSON CITY,Tennessee,210,2025-03-21 19:17:00,Sandals,1,613.13,674.443,61.313
1408,WASHINGTON,District of Columbia,2552,2025-03-19 13:51:00,Tennis Shoes,1,527.13,579.843,52.713
6241,PORTLAND,Oregon,2706,2025-03-24 01:00:00,Tennis Shoes,1,585.13,643.643,58.513
836,TROY,Michigan,1617,2025-03-18 21:03:00,Tennis Shoes,1,537.13,590.843,53.713
7094,NEWPORT NEWS,Virginia,899,2025-03-24 17:24:00,Tennis Shoes,1,497.13,546.843,49.713
1977,HERNDON,Virginia,4860,2025-03-19 22:12:00,Tennis Shoes,1,537.13,590.843,53.713
2127,HOUSTON,Texas,1611,2025-03-20 09:13:00,Tennis Shoes,1,537.13,590.843,53.713
2755,CHARLOTTE,North Carolina,1073,2025-03-20 17:30:00,Tennis Shoes,1,527.13,579.843,52.713
3147,RALEIGH,North Carolina,1321,2025-03-20 23:10:00,Tennis Shoes,1,509.53,560.483,50.953
4681,WICHITA,Kansas,4745,2025-03-22 13:46:00,Tennis Shoes,1,537.13,590.843,53.713
6317,LOUISVILLE,Kentucky,4550,2025-03-24 08:12:00,Tennis Shoes,1,537.13,590.843,53.713
6404,RICHMOND,Virginia,5246,2025-03-24 09:16:00,Tennis Shoes,1,537.13,590.843,53.713
3989,APACHE JUNCTION,Arizona,5298,2025-03-21 20:38:00,Tennis Shoes,1,507.73,558.503,50.773
5146,CHICAGO,Illinois,138,2025-03-22 20:42:00,Tennis Shoes,1,595.93,655.523,59.593
2234,BOISE,Idaho,6319,2025-03-20 10:45:00,Tennis Shoes,1,571.93,629.123,57.193
5504,REDWOOD CITY,California,2758,2025-03-23 11:35:00,Tennis Shoes,1,698.33,768.163,69.833
4621,LOUISVILLE,Kentucky,1548,2025-03-22 12:58:00,Tennis Shoes,1,517.53,569.283,51.753
1766,LUBBOCK,Texas,2233,2025-03-19 18:33:00,Tennis Shoes,1,595.93,655.523,59.593
2582,SAN DIEGO,California,5715,2025-03-20 15:13:00,Tennis Shoes,1,517.53,569.283,51.753
4277,NEW YORK CITY,New York,2645,2025-03-22 09:05:00,Tennis Shoes,1,485.53,534.083,48.553
6864,ARLINGTON,Virginia,1009,2025-03-24 14:09:00,Tennis Shoes,1,555.13,610.643,55.513
563,WASHINGTON,District of Columbia,3899,2025-03-18 15:39:00,Tennis Shoes,1,555.13,610.643,55.513
1900,MEMPHIS,Tennessee,4927,2025-03-19 20:29:00,Tennis Shoes,1,555.13,610.643,55.513
1259,FRESNO,California,5771,2025-03-19 12:06:00,Tennis Shoes,1,578.33,636.163,57.833
1966,SACRAMENTO,California,5033,2025-03-19 21:57:00,Tennis Shoes,1,635.13,698.643,63.513
2862,LONDON,Kentucky,6439,2025-03-20 18:48:00,Tennis Shoes,1,537.13,590.843,53.713
5071,ODESSA,Texas,6230,2025-03-22 19:37:00,Tennis Shoes,1,555.13,610.643,55.513
4582,ANAHEIM,California,536,2025-03-22 12:31:00,Tennis Shoes,1,497.13,546.843,49.713
5155,EVERETT,Washington,981,2025-03-22 20:51:00,Tennis Shoes,1,517.13,568.843,51.713
4093,DENVER,Colorado,2769,2025-03-21 22:50:00,Tennis Shoes,1,527.13,579.843,52.713
4177,TOPEKA,Kansas,4530,2025-03-22 07:06:00,Tennis Shoes,1,527.13,579.843,52.713
4902,MORENO VALLEY,California,5570,2025-03-22 16:58:00,Tennis Shoes,1,642.33,706.563,64.233
1184,PALMDALE,California,5617,2025-03-19 11:19:00,Tennis Shoes,1,537.13,590.843,53.713
4976,LONG BEACH,California,2889,2025-03-22 18:12:00,Tennis Shoes,1,517.53,569.283,51.753
7140,DEARBORN,Michigan,4247,2025-03-24 18:12:00,Tennis Shoes,1,517.53,569.283,51.753
4227,BROOKLYN,New York,1093,2025-03-22 08:29:00,Tennis Shoes,1,537.13,590.843,53.713
3623,BIRMINGHAM,Alabama,767,2025-03-21 14:45:00,Tennis Shoes,1,517.53,569.283,51.753
6236,ATLANTA,Georgia,5243,2025-03-24 00:37:00,Tennis Shoes,1,571.93,629.123,57.193
5652,FLINT,Michigan,5489,2025-03-23 13:45:00,Tennis Shoes,1,723.13,795.443,72.313
1007,SAN JOSE,California,6349,2025-03-19 08:29:00,Tennis Shoes,1,537.13,590.843,53.713
6696,BROOKLYN,New York,3834,2025-03-24 12:15:00,Tennis Shoes,1,497.13,546.843,49.713
5098,OKLAHOMA CITY,Oklahoma,3395,2025-03-22 20:01:00,Tennis Shoes,1,497.13,546.843,49.713
4323,RENO,Nevada,4810,2025-03-22 09:41:00,Tennis Shoes,1,635.13,698.643,63.513
537,HOUSTON,Texas,2787,2025-03-18 15:16:00,Tennis Shoes,1,595.93,655.523,59.593
421,OMAHA,Nebraska,5182,2025-03-18 13:36:00,Tennis Shoes,1,517.53,569.283,51.753
4778,HOUSTON,Texas,2215,2025-03-22 15:12:00,Tennis Shoes,1,517.53,569.283,51.753
1872,INDIANAPOLIS,Indiana,2796,2025-03-19 20:00:00,Tennis Shoes,1,555.13,610.643,55.513
5223,DAYTON,Ohio,1906,2025-03-22 22:15:00,Tennis Shoes,1,555.13,610.643,55.513
5756,COLUMBUS,Ohio,4262,2025-03-23 15:24:00,Tennis Shoes,1,531.93,585.123,53.193
3300,WASHINGTON,District of Columbia,403,2025-03-21 09:56:00,Tennis Shoes,1,517.53,569.283,51.753
27,ESCONDIDO,California,4122,2025-03-18 01:47:00,Tennis Shoes,1,555.13,610.643,55.513
3143,BROOKLYN,New York,1218,2025-03-20 23:05:00,Tennis Shoes,1,482.63,530.893,48.263
3975,TYLER,Texas,2771,2025-03-21 20:20:00,Tennis Shoes,1,613.13,674.443,61.313
5296,RICHMOND,Virginia,5670,2025-03-23 00:31:00,Tennis Shoes,1,595.13,654.643,59.513
6214,HOUSTON,Texas,1677,2025-03-23 23:37:00,Tennis Shoes,1,618.33,680.163,61.833
6701,LOS ANGELES,California,4649,2025-03-24 12:18:00,Tennis Shoes,1,537.13,590.843,53.713
1333,NAPLES,Florida,339,2025-03-19 12:59:00,Tennis Shoes,1,537.13,590.843,53.713
4818,PORTLAND,Oregon,5009,2025-03-22 15:46:00,Tennis Shoes,1,635.13,698.643,63.513
6227,DETROIT,Michigan,1586,2025-03-24 00:00:00,Tennis Shoes,1,673.13,740.443,67.313
820,SAINT LOUIS,Missouri,4454,2025-03-18 20:45:00,Tennis Shoes,1,501.53,551.683,50.153
5742,SIMI VALLEY,California,5510,2025-03-23 15:14:00,Tennis Shoes,1,497.13,546.843,49.713
7388,JACKSON,Tennessee,803,2025-03-24 22:47:00,Tennis Shoes,1,497.13,546.843,49.713
1898,BROCKTON,Massachusetts,2332,2025-03-19 20:27:00,Tennis Shoes,1,587.93,646.723,58.793
5552,FAIRFIELD,Connecticut,1694,2025-03-23 12:22:00,Tennis Shoes,1,527.13,579.843,52.713
5638,TULSA,Oklahoma,4401,2025-03-23 13:31:00,Tennis Shoes,1,497.13,546.843,49.713
3196,BALTIMORE,Maryland,2989,2025-03-21 01:56:00,Tennis Shoes,1,485.53,534.083,48.553
5752,WILMINGTON,Delaware,5480,2025-03-23 15:21:00,Tennis Shoes,1,635.13,698.643,63.513
4693,WASHINGTON,District of Columbia,5749,2025-03-22 13:55:00,Tennis Shoes,1,650.33,715.363,65.033
2387,MESA,Arizona,5888,2025-03-20 12:45:00,Tennis Shoes,1,703.13,773.443,70.313
3734,NEW YORK CITY,New York,2193,2025-03-21 16:22:00,Tennis Shoes,1,537.13,590.843,53.713
6351,BALTIMORE,Maryland,4454,2025-03-24 08:39:00,Tennis Shoes,1,595.93,655.523,59.593
6495,NEW YORK CITY,New York,6146,2025-03-24 10:12:00,Tennis Shoes,1,517.53,569.283,51.753
3337,FORT SMITH,Arkansas,4907,2025-03-21 10:33:00,Tennis Shoes,1,605.13,665.643,60.513
502,LINCOLN,Nebraska,167,2025-03-18 14:40:00,Tennis Shoes,1,527.13,579.843,52.713
2760,DALLAS,Texas,1369,2025-03-20 17:33:00,Tennis Shoes,1,509.53,560.483,50.953
4655,CHARLOTTE,North Carolina,3312,2025-03-22 13:26:00,Tennis Shoes,1,497.13,546.843,49.713
2928,GULFPORT,Mississippi,4411,2025-03-20 19:34:00,Tennis Shoes,1,531.93,585.123,53.193
1562,MILWAUKEE,Wisconsin,4729,2025-03-19 16:03:00,Tennis Shoes,1,555.13,610.643,55.513
935,UTICA,New York,641,2025-03-18 23:35:00,Tennis Shoes,1,624.73,687.203,62.473
2459,VIRGINIA BEACH,Virginia,1810,2025-03-20 13:47:00,Tennis Shoes,1,531.93,585.123,53.193
5672,MODESTO,California,4917,2025-03-23 14:04:00,Tennis Shoes,1,531.93,585.123,53.193
4709,SACRAMENTO,California,5135,2025-03-22 14:12:00,Tennis Shoes,1,671.13,738.243,67.113
2216,SPOKANE,Washington,1227,2025-03-20 10:29:00,Tennis Shoes,1,674.33,741.763,67.433
6922,ESCONDIDO,California,1503,2025-03-24 15:02:00,Tennis Shoes,1,485.53,534.083,48.553
7309,ALBANY,New York,6406,2025-03-24 20:56:00,Tennis Shoes,1,537.13,590.843,53.713
5618,SAINT LOUIS,Missouri,2805,2025-03-23 13:13:00,Tennis Shoes,1,485.53,534.083,48.553
6131,IOWA CITY,Iowa,1055,2025-03-23 21:44:00,Tennis Shoes,1,517.53,569.283,51.753
1897,ALBUQUERQUE,New Mexico,4481,2025-03-19 20:27:00,Tennis Shoes,1,586.33,644.963,58.633
3641,MINNEAPOLIS,Minnesota,2808,2025-03-21 15:02:00,Tennis Shoes,1,537.13,590.843,53.713
1984,REDWOOD CITY,California,925,2025-03-19 22:19:00,Tennis Shoes,1,555.13,610.643,55.513
1256,MEMPHIS,Tennessee,395,2025-03-19 12:05:00,Tennis Shoes,1,605.13,665.643,60.513
1045,SANTA FE,New Mexico,2379,2025-03-19 09:23:00,Tennis Shoes,1,497.13,546.843,49.713
1367,EL PASO,Texas,3803,2025-03-19 13:27:00,Tennis Shoes,1,482.63,530.893,48.263
1437,TUCSON,Arizona,3318,2025-03-19 14:16:00,Tennis Shoes,1,537.13,590.843,53.713
1862,CLEVELAND,Ohio,2207,2025-03-19 19:42:00,Tennis Shoes,1,537.13,590.843,53.713
3818,HARRISBURG,Pennsylvania,714,2025-03-21 17:53:00,Tennis Shoes,1,509.53,560.483,50.953
6183,GALVESTON,Texas,6224,2025-03-23 22:49:00,Tennis Shoes,1,537.13,590.843,53.713
4854,SAVANNAH,Georgia,5820,2025-03-22 16:17:00,Tennis Shoes,1,537.13,590.843,53.713
6721,ATLANTA,Georgia,920,2025-03-24 12:33:00,Tennis Shoes,1,587.93,646.723,58.793
7011,JERSEY CITY,New Jersey,5459,2025-03-24 16:17:00,Tennis Shoes,1,823.13,905.443,82.313
1505,MONTGOMERY,Alabama,247,2025-03-19 15:13:00,Tennis Shoes,1,579.93,637.923,57.993
4050,ALBUQUERQUE,New Mexico,4144,2025-03-21 21:52:00,Tennis Shoes,1,493.53,542.883,49.353
2059,SPRINGFIELD,Missouri,1025,2025-03-20 02:18:00,Tennis Shoes,1,507.13,557.843,50.713
5536,OCALA,Florida,4302,2025-03-23 12:09:00,Tennis Shoes,1,497.13,546.843,49.713
6878,SANTA ANA,California,1933,2025-03-24 14:21:00,Tennis Shoes,1,497.13,546.843,49.713
4569,NEWPORT NEWS,Virginia,3196,2025-03-22 12:20:00,Tennis Shoes,1,485.53,534.083,48.553
6871,SAN DIEGO,California,1592,2025-03-24 14:16:00,Tennis Shoes,1,625.13,687.643,62.513
7180,RESTON,Virginia,3656,2025-03-24 18:54:00,Tennis Shoes,1,565.13,621.643,56.513
6569,GARY,Indiana,2268,2025-03-24 10:57:00,Tennis Shoes,1,527.13,579.843,52.713
60,HUNTINGTON,West Virginia,4353,2025-03-18 08:00:00,Tennis Shoes,1,497.13,546.843,49.713
6263,MERRIFIELD,Virginia,3380,2025-03-24 04:35:00,Tennis Shoes,1,565.13,621.643,56.513
3708,JACKSONVILLE,Florida,6352,2025-03-21 16:04:00,Tennis Shoes,1,563.93,620.323,56.393
1307,WATERBURY,Connecticut,4374,2025-03-19 12:40:00,Tennis Shoes,1,493.53,542.883,49.353
3102,OAKLAND,California,3899,2025-03-20 22:13:00,Tennis Shoes,1,625.13,687.643,62.513
3288,SACRAMENTO,California,1887,2025-03-21 09:46:00,Tennis Shoes,1,537.13,590.843,53.713
2715,BALTIMORE,Maryland,4104,2025-03-20 17:04:00,Tennis Shoes,1,595.93,655.523,59.593
744,TOLEDO,Ohio,875,2025-03-18 19:08:00,Tennis Shoes,1,537.13,590.843,53.713
310,HOUSTON,Texas,2309,2025-03-18 12:13:00,Tennis Shoes,1,578.33,636.163,57.833
7177,NEW CASTLE,Pennsylvania,4908,2025-03-24 18:49:00,Tennis Shoes,1,605.73,666.303,60.573
6061,AKRON,Ohio,2190,2025-03-23 20:51:00,Tennis Shoes,1,595.93,655.523,59.593
7296,SAINT LOUIS,Missouri,5253,2025-03-24 20:39:00,Tennis Shoes,1,537.13,590.843,53.713
2218,SAN FRANCISCO,California,592,2025-03-20 10:30:00,Tennis Shoes,1,517.13,568.843,51.713
7063,HAMPTON,Virginia,5809,2025-03-24 16:53:00,Tennis Shoes,1,485.53,534.083,48.553
3111,PHILADELPHIA,Pennsylvania,2107,2025-03-20 22:23:00,Tennis Shoes,1,497.13,546.843,49.713
1321,DAYTON,Ohio,4500,2025-03-19 12:53:00,Tennis Shoes,1,517.53,569.283,51.753
6638,SAN FRANCISCO,California,3230,2025-03-24 11:39:00,Tennis Shoes,1,497.13,546.843,49.713
5320,SAN FRANCISCO,California,6371,2025-03-23 04:48:00,Tennis Shoes,1,595.93,655.523,59.593
5261,CHARLESTON,West Virginia,3681,2025-03-22 23:13:00,Tennis Shoes,1,527.13,579.843,52.713
7231,MIAMI,Florida,740,2025-03-24 19:36:00,Tennis Shoes,1,509.53,560.483,50.953
1729,PROVIDENCE,Rhode Island,6348,2025-03-19 18:00:00,Tennis Shoes,1,497.13,546.843,49.713
6977,YOUNG AMERICA,Minnesota,3372,2025-03-24 15:47:00,Tennis Shoes,1,485.53,534.083,48.553
6219,COLORADO SPRINGS,Colorado,3178,2025-03-23 23:45:00,Tennis Shoes,1,507.13,557.843,50.713
5008,MONTICELLO,Minnesota,84,2025-03-22 18:45:00,Tennis Shoes,1,497.13,546.843,49.713
5362,RENO,Nevada,659,2025-03-23 08:35:00,Tennis Shoes,1,497.13,546.843,49.713
874,LEVITTOWN,Pennsylvania,2097,2025-03-18 21:49:00,Tennis Shoes,1,517.53,569.283,51.753
538,HOUSTON,Texas,283,2025-03-18 15:16:00,Tennis Shoes,1,497.13,546.843,49.713
6744,PUEBLO,Colorado,3609,2025-03-24 12:51:00,Tennis Shoes,1,509.53,560.483,50.953
6435,ALBANY,New York,4296,2025-03-24 09:37:00,Tennis Shoes,1,537.13,590.843,53.713
3099,CHICO,California,5912,2025-03-20 22:09:00,Tennis Shoes,1,517.53,569.283,51.753
4865,EL PASO,Texas,2518,2025-03-22 16:32:00,Tennis Shoes,1,517.53,569.283,51.753
2022,MESA,Arizona,3972,2025-03-19 23:35:00,Tennis Shoes,1,485.53,534.083,48.553
5253,HOUSTON,Texas,3004,2025-03-22 22:59:00,Tennis Shoes,1,683.13,751.443,68.313
2860,DENVER,Colorado,5890,2025-03-20 18:45:00,Tennis Shoes,1,517.13,568.843,51.713
1821,TULSA,Oklahoma,4816,2025-03-19 19:08:00,Tennis Shoes,1,485.53,534.083,48.553
2169,PHILADELPHIA,Pennsylvania,1128,2025-03-20 09:48:00,Tennis Shoes,1,497.13,546.843,49.713
3785,LIMA,Ohio,4463,2025-03-21 17:07:00,Tennis Shoes,1,674.33,741.763,67.433
2151,MOUNTAIN VIEW,California,5234,2025-03-20 09:37:00,Tennis Shoes,1,625.13,687.643,62.513
5035,MANASSAS,Virginia,5617,2025-03-22 19:08:00,Tennis Shoes,1,517.53,569.283,51.753
936,LAS VEGAS,Nevada,6359,2025-03-18 23:47:00,Tennis Shoes,1,537.13,590.843,53.713
4000,PITTSBURGH,Pennsylvania,1945,2025-03-21 20:45:00,Tennis Shoes,1,605.13,665.643,60.513
4026,AUSTIN,Texas,5154,2025-03-21 21:22:00,Tennis Shoes,1,527.13,579.843,52.713
5381,CANTON,Ohio,793,2025-03-23 09:09:00,Tennis Shoes,1,509.53,560.483,50.953
1348,ERIE,Pennsylvania,3249,2025-03-19 13:12:00,Tennis Shoes,1,537.13,590.843,53.713
5819,LOS ANGELES,California,6200,2025-03-23 16:27:00,Tennis Shoes,1,587.93,646.723,58.793
1154,VALLEY FORGE,Pennsylvania,4281,2025-03-19 10:55:00,Tennis Shoes,1,527.13,579.843,52.713
5215,OAKLAND,California,1586,2025-03-22 22:05:00,Tennis Shoes,1,527.13,579.843,52.713
493,SOUTHFIELD,Michigan,6221,2025-03-18 14:35:00,Tennis Shoes,1,537.13,590.843,53.713
2140,HAMILTON,Ohio,2616,2025-03-20 09:30:00,Tennis Shoes,1,537.13,590.843,53.713
6473,LEXINGTON,Kentucky,919,2025-03-24 09:59:00,Tennis Shoes,1,517.53,569.283,51.753
1227,COLORADO SPRINGS,Colorado,1937,2025-03-19 11:46:00,Tennis Shoes,1,507.13,557.843,50.713
3421,MELBOURNE,Florida,158,2025-03-21 11:38:00,Tennis Shoes,1,507.13,557.843,50.713
4504,RICHMOND,California,4018,2025-03-22 11:35:00,Tennis Shoes,1,507.13,557.843,50.713
1654,BIRMINGHAM,Alabama,6336,2025-03-19 17:01:00,Tennis Shoes,1,497.13,546.843,49.713
1116,DECATUR,Georgia,2641,2025-03-19 10:24:00,Tennis Shoes,1,497.13,546.843,49.713
1445,DAYTON,Ohio,4137,2025-03-19 14:25:00,Tennis Shoes,1,497.13,546.843,49.713
3145,BALTIMORE,Maryland,3759,2025-03-20 23:07:00,Tennis Shoes,1,537.13,590.843,53.713
2201,BATON ROUGE,Louisiana,4221,2025-03-20 10:16:00,Tennis Shoes,1,485.53,534.083,48.553
6799,FRANKFORT,Kentucky,4336,2025-03-24 13:29:00,Tennis Shoes,1,531.93,585.123,53.193
3084,GRAND FORKS,North Dakota,397,2025-03-20 21:50:00,Tennis Shoes,1,635.13,698.643,63.513
6354,CEDAR RAPIDS,Iowa,5670,2025-03-24 08:41:00,Tennis Shoes,1,517.53,569.283,51.753
5825,COLORADO SPRINGS,Colorado,4662,2025-03-23 16:32:00,Tennis Shoes,1,537.13,590.843,53.713
2027,MADISON,Wisconsin,4747,2025-03-19 23:39:00,Tennis Shoes,1,642.33,706.563,64.233
6155,NEW YORK CITY,New York,2852,2025-03-23 22:05:00,Tennis Shoes,1,579.93,637.923,57.993
6760,SAN JOSE,California,1358,2025-03-24 12:58:00,Tennis Shoes,1,517.53,569.283,51.753
756,SYRACUSE,New York,5778,2025-03-18 19:18:00,Tennis Shoes,1,555.93,611.523,55.593
4201,LOS ANGELES,California,1581,2025-03-22 08:11:00,Tennis Shoes,1,733.13,806.443,73.313
3422,SAINT PETERSBURG,Florida,1087,2025-03-21 11:41:00,Tennis Shoes,1,587.93,646.723,58.793
7319,SYRACUSE,New York,3128,2025-03-24 21:10:00,Tennis Shoes,1,855.13,940.643,85.513
4536,CINCINNATI,Ohio,4502,2025-03-22 11:55:00,Tennis Shoes,1,527.13,579.843,52.713
2091,WASHINGTON,District of Columbia,3848,2025-03-20 08:29:00,Tennis Shoes,1,625.13,687.643,62.513
4658,IOWA CITY,Iowa,2187,2025-03-22 13:26:00,Tennis Shoes,1,674.33,741.763,67.433
6737,BURBANK,California,4090,2025-03-24 12:44:00,Tennis Shoes,1,642.33,706.563,64.233
1345,AURORA,Colorado,5560,2025-03-19 13:09:00,Tennis Shoes,1,497.13,546.843,49.713
163,AMARILLO,Texas,6385,2025-03-18 10:23:00,Tennis Shoes,1,635.13,698.643,63.513
2876,CHARLESTON,South Carolina,2572,2025-03-20 18:57:00,Tennis Shoes,1,625.13,687.643,62.513
36,GARY,Indiana,1796,2025-03-18 04:36:00,Tennis Shoes,1,507.13,557.843,50.713
3360,FORT WORTH,Texas,1310,2025-03-21 10:46:00,Tennis Shoes,1,497.13,546.843,49.713
5109,NEW ORLEANS,Louisiana,45,2025-03-22 20:12:00,Tennis Shoes,1,497.13,546.843,49.713
6347,CHARLESTON,West Virginia,3742,2025-03-24 08:37:00,Tennis Shoes,1,527.13,579.843,52.713
2901,GREENSBORO,North Carolina,2864,2025-03-20 19:17:00,Tennis Shoes,1,555.13,610.643,55.513
6604,MIDLAND,Texas,2831,2025-03-24 11:19:00,Tennis Shoes,1,517.53,569.283,51.753
1533,INDEPENDENCE,Missouri,2624,2025-03-19 15:41:00,Tennis Shoes,1,537.13,590.843,53.713
5592,BRONX,New York,1609,2025-03-23 12:49:00,Tennis Shoes,1,571.93,629.123,57.193
2970,TULSA,Oklahoma,4741,2025-03-20 20:20:00,Tennis Shoes,1,713.13,784.443,71.313
3242,STOCKTON,California,5376,2025-03-21 08:26:00,Tennis Shoes,1,517.53,569.283,51.753
3566,ORLANDO,Florida,5892,2025-03-21 13:48:00,Tennis Shoes,1,497.13,546.843,49.713
997,SIOUX CITY,Iowa,4825,2025-03-19 08:00:00,Tennis Shoes,1,485.53,534.083,48.553
3466,LORETTO,Minnesota,4636,2025-03-21 12:23:00,Tennis Shoes,1,485.53,534.083,48.553
2914,EL PASO,Texas,1755,2025-03-20 19:26:00,Tennis Shoes,1,823.13,905.443,82.313
94,KANSAS CITY,Missouri,3549,2025-03-18 09:03:00,Tennis Shoes,1,563.93,620.323,56.393
1760,ALBANY,New York,3430,2025-03-19 18:29:00,Tennis Shoes,1,537.13,590.843,53.713
2497,MIAMI,Florida,1135,2025-03-20 14:17:00,Tennis Shoes,1,537.13,590.843,53.713
4225,WASHINGTON,District of Columbia,4602,2025-03-22 08:29:00,Tennis Shoes,1,672.73,740.003,67.273
7080,FAIRFAX,Virginia,2486,2025-03-24 17:10:00,Tennis Shoes,1,674.33,741.763,67.433
6450,TUCSON,Arizona,6233,2025-03-24 09:48:00,Tennis Shoes,1,497.13,546.843,49.713
4862,MINNEAPOLIS,Minnesota,4445,2025-03-22 16:25:00,Tennis Shoes,1,537.13,590.843,53.713
5883,WICHITA,Kansas,866,2025-03-23 17:32:00,Tennis Shoes,1,615.13,676.643,61.513
1951,MILWAUKEE,Wisconsin,2135,2025-03-19 21:38:00,Tennis Shoes,1,625.13,687.643,62.513
1012,ERIE,Pennsylvania,6247,2025-03-19 08:35:00,Tennis Shoes,1,537.13,590.843,53.713
2251,NAPERVILLE,Illinois,600,2025-03-20 11:03:00,Tennis Shoes,1,635.13,698.643,63.513
6139,SPRINGFIELD,Missouri,2336,2025-03-23 21:50:00,Tennis Shoes,1,537.13,590.843,53.713
2889,BIRMINGHAM,Alabama,5845,2025-03-20 19:06:00,Tennis Shoes,1,527.13,579.843,52.713
4035,INDIANAPOLIS,Indiana,338,2025-03-21 21:35:00,Tennis Shoes,1,537.13,590.843,53.713
2177,FORT LAUDERDALE,Florida,1519,2025-03-20 09:57:00,Tennis Shoes,1,537.13,590.843,53.713
4496,BRONX,New York,1101,2025-03-22 11:29:00,Tennis Shoes,1,537.13,590.843,53.713
3232,SAN ANTONIO,Texas,356,2025-03-21 07:59:00,Tennis Shoes,1,517.53,569.283,51.753
1705,KANSAS CITY,Missouri,2208,2025-03-19 17:46:00,Tennis Shoes,1,527.13,579.843,52.713
6065,ATLANTA,Georgia,5074,2025-03-23 20:53:00,Tennis Shoes,1,527.13,579.843,52.713
7427,LARGO,Florida,3161,2025-03-24 23:50:00,Tennis Shoes,1,537.13,590.843,53.713
2025,CHARLESTON,South Carolina,2297,2025-03-19 23:37:00,Tennis Shoes,1,587.93,646.723,58.793
2,ORANGE,California,1163,2025-03-18 00:06:00,Tennis Shoes,1,517.53,569.283,51.753
1281,CHICAGO,Illinois,5588,2025-03-19 12:23:00,Tennis Shoes,1,509.53,560.483,50.953
3992,VALLEY FORGE,Pennsylvania,3279,2025-03-21 20:40:00,Tennis Shoes,1,537.13,590.843,53.713
1304,STAMFORD,Connecticut,3705,2025-03-19 12:38:00,Tennis Shoes,1,509.53,560.483,50.953
7228,SAINT PAUL,Minnesota,5420,2025-03-24 19:33:00,Tennis Shoes,1,527.13,579.843,52.713
3780,DENVER,Colorado,3078,2025-03-21 17:03:00,Tennis Shoes,1,537.13,590.843,53.713
527,BATON ROUGE,Louisiana,4191,2025-03-18 15:05:00,Tennis Shoes,1,501.53,551.683,50.153
177,AMARILLO,Texas,4939,2025-03-18 10:30:00,Tennis Shoes,1,497.13,546.843,49.713
2161,CHARLESTON,South Carolina,378,2025-03-20 09:43:00,Tennis Shoes,1,527.13,579.843,52.713
1974,SAN ANTONIO,Texas,6022,2025-03-19 22:10:00,Tennis Shoes,1,563.93,620.323,56.393
459,KANSAS CITY,Missouri,2001,2025-03-18 14:03:00,Tennis Shoes,1,505.13,555.643,50.513
4538,SALT LAKE CITY,Utah,3415,2025-03-22 11:58:00,Tennis Shoes,1,517.53,569.283,51.753
5960,GILBERT,Arizona,6010,2025-03-23 19:01:00,Tennis Shoes,1,527.13,579.843,52.713
5814,CINCINNATI,Ohio,2527,2025-03-23 16:20:00,Tennis Shoes,1,497.13,546.843,49.713
6673,TAMPA,Florida,4687,2025-03-24 11:59:00,Tennis Shoes,1,527.13,579.843,52.713
6540,NEW YORK CITY,New York,5364,2025-03-24 10:39:00,Tennis Shoes,1,517.53,569.283,51.753
5026,WEST PALM BEACH,Florida,2827,2025-03-22 19:02:00,Tennis Shoes,1,497.13,546.843,49.713
3540,SPRINGFIELD,Virginia,336,2025-03-21 13:34:00,Tennis Shoes,1,537.13,590.843,53.713
4739,MODESTO,California,4904,2025-03-22 14:34:00,Tennis Shoes,1,595.13,654.643,59.513
5884,BLOOMINGTON,Indiana,1853,2025-03-23 17:34:00,Tennis Shoes,1,537.13,590.843,53.713
1560,NEW YORK CITY,New York,6325,2025-03-19 16:02:00,Tennis Shoes,1,517.53,569.283,51.753
1989,SAN FRANCISCO,California,3675,2025-03-19 22:25:00,Tennis Shoes,1,579.93,637.923,57.993
6968,DES MOINES,Iowa,5483,2025-03-24 15:40:00,Tennis Shoes,1,509.53,560.483,50.953
6174,MORENO VALLEY,California,3908,2025-03-23 22:30:00,Tennis Shoes,1,527.13,579.843,52.713
1765,CHARLOTTE,North Carolina,3091,2025-03-19 18:33:00,Tennis Shoes,1,527.13,579.843,52.713
4718,BRIDGEPORT,Connecticut,4941,2025-03-22 14:17:00,Tennis Shoes,1,537.13,590.843,53.713
6405,DETROIT,Michigan,2962,2025-03-24 09:16:00,Tennis Shoes,1,517.53,569.283,51.753
581,ALHAMBRA,California,4476,2025-03-18 16:00:00,Tennis Shoes,1,615.13,676.643,61.513
1174,SCOTTSDALE,Arizona,167,2025-03-19 11:16:00,Tennis Shoes,1,537.13,590.843,53.713
5524,INDIANAPOLIS,Indiana,388,2025-03-23 11:52:00,Tennis Shoes,1,537.13,590.843,53.713
1938,MEMPHIS,Tennessee,1900,2025-03-19 21:25:00,Tennis Shoes,1,509.53,560.483,50.953
5184,WASHINGTON,District of Columbia,2331,2025-03-22 21:22:00,Tennis Shoes,1,517.53,569.283,51.753
5907,NEW YORK CITY,New York,6262,2025-03-23 17:52:00,Tennis Shoes,1,507.13,557.843,50.713
339,PORTLAND,Oregon,3201,2025-03-18 12:38:00,Tennis Shoes,1,507.13,557.843,50.713
4979,EVANSVILLE,Indiana,6244,2025-03-22 18:14:00,Tennis Shoes,1,527.13,579.843,52.713
2226,BOSTON,Massachusetts,4400,2025-03-20 10:42:00,Tennis Shoes,1,527.13,579.843,52.713
5928,CINCINNATI,Ohio,4065,2025-03-23 18:19:00,Tennis Shoes,1,763.13,839.443,76.313
49,WASHINGTON,District of Columbia,3483,2025-03-18 07:33:00,Tennis Shoes,1,527.13,579.843,52.713
6729,PITTSBURGH,Pennsylvania,4561,2025-03-24 12:39:00,Tennis Shoes,1,509.53,560.483,50.953
3181,HOUSTON,Texas,1018,2025-03-21 00:29:00,Tennis Shoes,1,507.13,557.843,50.713
1932,PHILADELPHIA,Pennsylvania,5213,2025-03-19 21:12:00,Tennis Shoes,1,513.53,564.883,51.353
6057,FAIRFIELD,Connecticut,3832,2025-03-23 20:48:00,Tennis Shoes,1,537.13,590.843,53.713
4742,AUSTIN,Texas,3154,2025-03-22 14:37:00,Tennis Shoes,1,512.63,563.893,51.263
7003,DETROIT,Michigan,5645,2025-03-24 16:09:00,Tennis Shoes,1,517.53,569.283,51.753
6125,SAN ANTONIO,Texas,1194,2025-03-23 21:39:00,Tennis Shoes,1,537.13,590.843,53.713
5914,DALLAS,Texas,6053,2025-03-23 18:02:00,Tennis Shoes,1,537.13,590.843,53.713
4243,NEWPORT BEACH,California,4117,2025-03-22 08:41:00,Tennis Shoes,1,517.53,569.283,51.753
4852,CHICO,California,2124,2025-03-22 16:16:00,Tennis Shoes,1,537.13,590.843,53.713
5366,ERIE,Pennsylvania,38,2025-03-23 08:46:00,Tennis Shoes,1,537.13,590.843,53.713
4370,BIRMINGHAM,Alabama,1933,2025-03-22 10:11:00,Tennis Shoes,1,537.13,590.843,53.713
2089,ANDERSON,South Carolina,405,2025-03-20 08:28:00,Tennis Shoes,1,537.13,590.843,53.713
725,MINNEAPOLIS,Minnesota,3518,2025-03-18 18:29:00,Tennis Shoes,1,537.13,590.843,53.713
5122,PEORIA,Illinois,561,2025-03-22 20:24:00,Tennis Shoes,1,537.13,590.843,53.713
3131,LITTLE ROCK,Arkansas,1116,2025-03-20 22:50:00,Tennis Shoes,1,537.13,590.843,53.713
4939,EL PASO,Texas,770,2025-03-22 17:24:00,Tennis Shoes,1,517.13,568.843,51.713
2175,WASHINGTON,District of Columbia,1756,2025-03-20 09:55:00,Tennis Shoes,1,501.53,551.683,50.153
6422,HUNTSVILLE,Alabama,1843,2025-03-24 09:29:00,Tennis Shoes,1,537.13,590.843,53.713
6455,BROOKLYN,New York,85,2025-03-24 09:49:00,Tennis Shoes,1,537.13,590.843,53.713
2157,PITTSBURGH,Pennsylvania,5735,2025-03-20 09:41:00,Tennis Shoes,1,517.53,569.283,51.753
2164,SPRINGFIELD,Illinois,1866,2025-03-20 09:45:00,Tennis Shoes,1,485.53,534.083,48.553
5523,NORTH LAS VEGAS,Nevada,35,2025-03-23 11:51:00,Tennis Shoes,1,517.53,569.283,51.753
933,HOUSTON,Texas,5341,2025-03-18 23:32:00,Tennis Shoes,1,537.13,590.843,53.713
3473,LOS ANGELES,California,6282,2025-03-21 12:32:00,Tennis Shoes,1,517.13,568.843,51.713
5836,YOUNGSTOWN,Ohio,1033,2025-03-23 16:43:00,Tennis Shoes,1,517.13,568.843,51.713
1752,SANTA FE,New Mexico,552,2025-03-19 18:24:00,Tennis Shoes,1,517.53,569.283,51.753
7017,JEFFERSON CITY,Missouri,1269,2025-03-24 16:20:00,Tennis Shoes,1,517.53,569.283,51.753
1895,HARRISBURG,Pennsylvania,2322,2025-03-19 20:26:00,Tennis Shoes,1,517.53,569.283,51.753
1029,PEORIA,Illinois,4571,2025-03-19 09:01:00,Tennis Shoes,1,537.13,590.843,53.713
3978,SAINT PETERSBURG,Florida,2961,2025-03-21 20:23:00,Tennis Shoes,1,517.53,569.283,51.753
7358,GARLAND,Texas,3776,2025-03-24 22:06:00,Tennis Shoes,1,537.13,590.843,53.713
6421,BOYNTON BEACH,Florida,3487,2025-03-24 09:27:00,Tennis Shoes,1,517.53,569.283,51.753
2618,RENO,Nevada,2212,2025-03-20 15:39:00,Tennis Shoes,1,537.13,590.843,53.713
6462,LINCOLN,Nebraska,465,2025-03-24 09:52:00,Tennis Shoes,1,517.53,569.283,51.753
5687,LOUISVILLE,Kentucky,1371,2025-03-23 14:25:00,Tennis Shoes,1,541.53,595.683,54.153
1293,SCHENECTADY,New York,2474,2025-03-19 12:29:00,Tennis Shoes,1,567.13,623.843,56.713
6619,LAFAYETTE,Louisiana,3716,2025-03-24 11:31:00,Tennis Shoes,1,567.13,623.843,56.713
331,HOUSTON,Texas,965,2025-03-18 12:29:00,Walking Shoes,1,595.13,654.643,59.513
2792,TUCSON,Arizona,4789,2025-03-20 17:57:00,Walking Shoes,1,501.53,551.683,50.153
1462,SARASOTA,Florida,2597,2025-03-19 14:46:00,Walking Shoes,1,555.13,610.643,55.513
4098,PHOENIX,Arizona,4723,2025-03-21 22:55:00,Walking Shoes,1,547.93,602.723,54.793
6138,NAPLES,Florida,987,2025-03-23 21:49:00,Walking Shoes,1,501.53,551.683,50.153
4048,SEATTLE,Washington,1915,2025-03-21 21:48:00,Walking Shoes,1,751.13,826.243,75.113
6297,HOUSTON,Texas,5657,2025-03-24 07:43:00,Walking Shoes,1,597.13,656.843,59.713
945,SACRAMENTO,California,5136,2025-03-19 00:02:00,Walking Shoes,1,531.93,585.123,53.193
6055,PLANO,Texas,2414,2025-03-23 20:48:00,Walking Shoes,1,485.53,534.083,48.553
4938,PORTLAND,Oregon,5349,2025-03-22 17:23:00,Walking Shoes,1,579.93,637.923,57.993
4256,WASHINGTON,District of Columbia,3726,2025-03-22 08:52:00,Walking Shoes,1,517.13,568.843,51.713
5711,ANAHEIM,California,5119,2025-03-23 14:43:00,Walking Shoes,1,517.13,568.843,51.713
2723,AUSTIN,Texas,2381,2025-03-20 17:13:00,Walking Shoes,1,501.53,551.683,50.153
1459,LOUISVILLE,Kentucky,2497,2025-03-19 14:45:00,Walking Shoes,1,537.13,590.843,53.713
5619,NORTH LITTLE ROCK,Arkansas,3633,2025-03-23 13:14:00,Walking Shoes,1,517.53,569.283,51.753
2100,MIAMI,Florida,467,2025-03-20 08:41:00,Walking Shoes,1,497.13,546.843,49.713
2246,BATON ROUGE,Louisiana,6104,2025-03-20 10:59:00,Walking Shoes,1,497.13,546.843,49.713
615,PORTLAND,Oregon,6273,2025-03-18 16:23:00,Walking Shoes,1,517.53,569.283,51.753
3880,EL PASO,Texas,4390,2025-03-21 18:51:00,Walking Shoes,1,537.13,590.843,53.713
2599,MIAMI,Florida,2604,2025-03-20 15:24:00,Walking Shoes,1,497.13,546.843,49.713
5149,SEATTLE,Washington,324,2025-03-22 20:44:00,Walking Shoes,1,497.13,546.843,49.713
2666,ERIE,Pennsylvania,6493,2025-03-20 16:17:00,Walking Shoes,1,517.53,569.283,51.753
791,COLUMBUS,Ohio,5967,2025-03-18 20:08:00,Tennis Shoes,1,517.53,569.283,51.753
3875,NEW YORK CITY,New York,2609,2025-03-21 18:48:00,Boy's,1,529.13,582.043,52.913
4592,DENVER,Colorado,5929,2025-03-22 12:38:00,Boy's,1,509.13,560.043,50.913
5079,OKLAHOMA CITY,Oklahoma,5690,2025-03-22 19:43:00,Walking Shoes,1,497.13,546.843,49.713
5969,EVANSVILLE,Indiana,4035,2025-03-23 19:10:00,Walking Shoes,1,497.13,546.843,49.713
6408,RICHMOND,Virginia,1290,2025-03-24 09:19:00,Tennis Shoes,2,555.13,610.643,55.513
3036,SALT LAKE CITY,Utah,4522,2025-03-20 21:13:00,Tennis Shoes,2,547.93,602.723,54.793
1018,CLEARWATER,Florida,4693,2025-03-19 08:45:00,Tennis Shoes,2,555.13,610.643,55.513
2145,LOS ANGELES,California,685,2025-03-20 09:34:00,Tennis Shoes,2,635.13,698.643,63.513
525,NEW ORLEANS,Louisiana,4529,2025-03-18 15:03:00,Boots,1,458.13,503.943,45.813
6109,MOBILE,Alabama,689,2025-03-23 21:24:00,Tennis Shoes,1,517.13,568.843,51.713
2589,CLEVELAND,Ohio,1479,2025-03-20 15:18:00,Climbing Shoes,1,489.13,538.043,48.913
4,TULSA,Oklahoma,4743,2025-03-18 00:15:00,Tennis Shoes,1,497.13,546.843,49.713
6466,BROOKLYN,New York,3199,2025-03-24 09:56:00,Tennis Shoes,1,501.53,551.683,50.153
2670,SACRAMENTO,California,3169,2025-03-20 16:18:00,Tennis Shoes,1,537.13,590.843,53.713
6512,PHILADELPHIA,Pennsylvania,260,2025-03-24 10:20:00,Tennis Shoes,1,537.13,590.843,53.713
1456,SPRINGFIELD,Illinois,1153,2025-03-19 14:40:00,Tennis Shoes,1,517.13,568.843,51.713
7407,PENSACOLA,Florida,4526,2025-03-24 23:19:00,Tennis Shoes,1,517.13,568.843,51.713
973,SACRAMENTO,California,3638,2025-03-19 02:48:00,Tennis Shoes,1,517.53,569.283,51.753
4932,SACRAMENTO,California,3043,2025-03-22 17:20:00,Tennis Shoes,1,497.13,546.843,49.713
701,RESTON,Virginia,3217,2025-03-18 17:50:00,Tennis Shoes,1,517.53,569.283,51.753
6053,MEMPHIS,Tennessee,5715,2025-03-23 20:47:00,Tennis Shoes,1,537.13,590.843,53.713
1811,CHARLOTTE,North Carolina,4647,2025-03-19 19:04:00,Tennis Shoes,1,537.13,590.843,53.713
521,COLUMBIA,South Carolina,2078,2025-03-18 14:58:00,Tennis Shoes,1,458.13,503.943,45.813
2408,DETROIT,Michigan,2509,2025-03-20 13:01:00,Tennis Shoes,1,509.53,560.483,50.953
2148,SACRAMENTO,California,4097,2025-03-20 09:35:00,Tennis Shoes,1,527.13,579.843,52.713
4491,BRADENTON,Florida,2513,2025-03-22 11:27:00,Tennis Shoes,1,537.13,590.843,53.713
5700,SAN JOSE,California,272,2025-03-23 14:36:00,Tennis Shoes,1,567.13,623.843,56.713
3598,BERKELEY,California,1621,2025-03-21 14:16:00,Boots,1,635.13,698.643,63.513
6039,ROCHESTER,New York,5409,2025-03-23 20:28:00,Tennis Shoes,1,610.33,671.363,61.033
6599,INDIANAPOLIS,Indiana,2370,2025-03-24 11:18:00,Tennis Shoes,1,555.93,611.523,55.593
6226,MONTPELIER,Vermont,2263,2025-03-23 23:57:00,Tennis Shoes,1,761.63,837.793,76.163
838,NEWTON,Massachusetts,6269,2025-03-18 21:04:00,Tennis Shoes,1,565.13,621.643,56.513
1113,VAN NUYS,California,3433,2025-03-19 10:20:00,Tennis Shoes,1,555.13,610.643,55.513
1810,TRENTON,New Jersey,1463,2025-03-19 19:03:00,Flip-Flops,1,507.13,557.843,50.713
2880,TOLEDO,Ohio,2676,2025-03-20 19:01:00,Flip-Flops,1,575.13,632.643,57.513
6625,BRADENTON,Florida,1636,2025-03-24 11:34:00,Jackets,1,660.53,726.583,66.053
5849,TOPEKA,Kansas,2971,2025-03-23 17:01:00,Climbing Shoes,1,503.13,553.443,50.313
5573,LAS VEGAS,Nevada,6299,2025-03-23 12:35:00,Climbing Shoes,1,478.33,526.163,47.833
1108,YOUNG AMERICA,Minnesota,2089,2025-03-19 10:17:00,Tennis Shoes,1,579.93,637.923,57.993
5895,FORT WORTH,Texas,353,2025-03-23 17:43:00,Tennis Shoes,1,650.33,715.363,65.033
5233,MUNCIE,Indiana,5447,2025-03-22 22:27:00,Tennis Shoes,1,555.13,610.643,55.513
5993,TALLAHASSEE,Florida,5784,2025-03-23 19:40:00,Tennis Shoes,1,595.93,655.523,59.593
1207,BERKELEY,California,5897,2025-03-19 11:34:00,Tennis Shoes,1,720.73,792.803,72.073
999,SALT LAKE CITY,Utah,503,2025-03-19 08:08:00,Tennis Shoes,1,539.93,593.923,53.993
2694,SALT LAKE CITY,Utah,5543,2025-03-20 16:47:00,Tennis Shoes,1,613.13,674.443,61.313
154,MIAMI,Florida,3774,2025-03-18 10:12:00,Tennis Shoes,1,517.53,569.283,51.753
57,MELBOURNE,Florida,1749,2025-03-18 07:58:00,Tennis Shoes,1,547.93,602.723,54.793
6090,CONCORD,California,82,2025-03-23 21:11:00,Tennis Shoes,1,595.93,655.523,59.593
2662,MOBILE,Alabama,4539,2025-03-20 16:15:00,Tennis Shoes,1,635.13,698.643,63.513
207,PEORIA,Illinois,6233,2025-03-18 10:52:00,Tennis Shoes,1,713.13,784.443,71.313
5544,ELIZABETH,New Jersey,6348,2025-03-23 12:13:00,Tennis Shoes,1,635.13,698.643,63.513
3019,WASHINGTON,District of Columbia,3647,2025-03-20 21:03:00,Tennis Shoes,1,527.13,579.843,52.713
7068,LAKELAND,Florida,2716,2025-03-24 16:54:00,Tennis Shoes,1,741.13,815.243,74.113
7302,CLEARWATER,Florida,3096,2025-03-24 20:46:00,Tennis Shoes,1,497.13,546.843,49.713
3562,HOUSTON,Texas,1547,2025-03-21 13:46:00,Tennis Shoes,1,527.13,579.843,52.713
3126,MEMPHIS,Tennessee,207,2025-03-20 22:46:00,Tennis Shoes,1,517.53,569.283,51.753
6496,BOULDER,Colorado,194,2025-03-24 10:12:00,Tennis Shoes,1,517.53,569.283,51.753
2777,WASHINGTON,District of Columbia,4156,2025-03-20 17:46:00,Tennis Shoes,1,537.13,590.843,53.713
6370,GARDEN GROVE,California,3275,2025-03-24 08:57:00,Tennis Shoes,1,625.13,687.643,62.513
4745,CINCINNATI,Ohio,665,2025-03-22 14:40:00,Walking Shoes,1,517.13,568.843,51.713
351,HOUSTON,Texas,1960,2025-03-18 12:51:00,Walking Shoes,1,537.13,590.843,53.713
803,AUSTIN,Texas,1764,2025-03-18 20:23:00,Jackets,1,677.53,745.283,67.753
4684,SAN JOSE,California,5628,2025-03-22 13:47:00,Tennis Shoes,1,497.13,546.843,49.713
699,PHILADELPHIA,Pennsylvania,5637,2025-03-18 17:47:00,Tennis Shoes,1,537.13,590.843,53.713
5454,HOLLYWOOD,Florida,2371,2025-03-23 10:21:00,Tennis Shoes,1,531.93,585.123,53.193
794,WATERBURY,Connecticut,4146,2025-03-18 20:10:00,Tennis Shoes,1,571.93,629.123,57.193
4144,MONTGOMERY,Alabama,1954,2025-03-22 00:29:00,Tennis Shoes,1,761.13,837.243,76.113
4129,GRAND RAPIDS,Michigan,406,2025-03-21 23:41:00,Tennis Shoes,1,527.13,579.843,52.713
4333,LAS VEGAS,Nevada,4563,2025-03-22 09:46:00,Tennis Shoes,1,597.23,656.953,59.723
1276,NORFOLK,Virginia,732,2025-03-19 12:21:00,Tennis Shoes,1,537.13,590.843,53.713
6820,HOUSTON,Texas,4459,2025-03-24 13:45:00,Tennis Shoes,1,517.53,569.283,51.753
5707,SAVANNAH,Georgia,3790,2025-03-23 14:40:00,Tennis Shoes,2,595.93,655.523,59.593
7064,ATLANTA,Georgia,643,2025-03-24 16:53:00,Tennis Shoes,1,926.13,1018.743,92.613
5024,LOS ANGELES,California,2317,2025-03-22 19:02:00,Tennis Shoes,1,650.33,715.363,65.033
4088,BOISE,Idaho,5044,2025-03-21 22:44:00,Climbing Shoes,1,1455.13,1600.643,145.513
3990,MACON,Georgia,5014,2025-03-21 20:38:00,Boots,1,691.13,760.243,69.113
2954,SHREVEPORT,Louisiana,3019,2025-03-20 20:02:00,Flip-Flops,1,527.13,579.843,52.713
276,ODESSA,Texas,5304,2025-03-18 11:44:00,Jackets,1,617.13,678.843,61.713
5921,CARSON CITY,Nevada,1993,2025-03-23 18:13:00,Tennis Shoes,1,517.53,569.283,51.753
3028,BAKERSFIELD,California,1907,2025-03-20 21:08:00,Tennis Shoes,1,615.13,676.643,61.513
4371,AUSTIN,Texas,3242,2025-03-22 10:11:00,Tennis Shoes,1,497.13,546.843,49.713
545,RICHMOND,Virginia,2899,2025-03-18 15:20:00,Tennis Shoes,1,595.13,654.643,59.513
1091,SAINT LOUIS,Missouri,1136,2025-03-19 10:07:00,Walking Shoes,1,517.13,568.843,51.713
6128,BROOKSVILLE,Florida,5497,2025-03-23 21:42:00,Tennis Shoes,1,704.73,775.203,70.473
5577,HOUSTON,Texas,6332,2025-03-23 12:37:00,Climbing Shoes,1,615.13,676.643,61.513
6478,SIOUX FALLS,South Dakota,4008,2025-03-24 10:05:00,Tennis Shoes,1,909.53,1000.483,90.953
4432,HOUSTON,Texas,1853,2025-03-22 10:45:00,Tennis Shoes,1,613.13,674.443,61.313
250,ROCHESTER,New York,2225,2025-03-18 11:22:00,Tennis Shoes,1,537.13,590.843,53.713
6371,LANSING,Michigan,5930,2025-03-24 08:57:00,Tennis Shoes,1,517.13,568.843,51.713
6714,SAN DIEGO,California,2546,2025-03-24 12:23:00,Tennis Shoes,1,693.13,762.443,69.313
6093,FORT WAYNE,Indiana,1435,2025-03-23 21:13:00,Tennis Shoes,1,537.13,590.843,53.713
7365,MIAMI,Florida,3601,2025-03-24 22:13:00,Tennis Shoes,1,791.13,870.243,79.113
5872,SAN FRANCISCO,California,4196,2025-03-23 17:20:00,Tennis Shoes,1,665.13,731.643,66.513
2284,ZEPHYRHILLS,Florida,5631,2025-03-20 11:28:00,Walking Shoes,1,485.53,534.083,48.553
6253,LAS VEGAS,Nevada,1426,2025-03-24 02:25:00,Tennis Shoes,4,671.13,738.243,67.113
1145,NEW HAVEN,Connecticut,4739,2025-03-19 10:50:00,Boots,1,615.13,676.643,61.513
2657,SAINT PETERSBURG,Florida,3993,2025-03-20 16:08:00,Boots,1,537.13,590.843,53.713
2771,LOS ANGELES,California,3619,2025-03-20 17:42:00,Boots,1,537.13,590.843,53.713
6255,AUSTIN,Texas,5057,2025-03-24 02:41:00,Boots,1,586.13,644.743,58.613
3365,HAYWARD,California,2785,2025-03-21 10:49:00,Boots,1,566.13,622.743,56.613
3037,LEXINGTON,Kentucky,1305,2025-03-20 21:13:00,Boots,1,595.93,655.523,59.593
6475,SAN FRANCISCO,California,4619,2025-03-24 10:02:00,Boots,1,595.93,655.523,59.593
470,WASHINGTON,District of Columbia,6369,2025-03-18 14:11:00,Boots,1,562.13,618.343,56.213
3541,WASHINGTON,District of Columbia,5214,2025-03-21 13:35:00,Boots,1,570.33,627.363,57.033
3498,JAMAICA,New York,655,2025-03-21 12:46:00,Boots,1,703.13,773.443,70.313
1435,GRAND FORKS,North Dakota,4734,2025-03-19 14:15:00,Tennis Shoes,1,555.93,611.523,55.593
2911,GARLAND,Texas,2659,2025-03-20 19:24:00,Tennis Shoes,1,634.33,697.763,63.433
6506,COLORADO SPRINGS,Colorado,2332,2025-03-24 10:18:00,Tennis Shoes,1,547.93,602.723,54.793
4143,RICHMOND,Virginia,2429,2025-03-22 00:27:00,Tennis Shoes,1,633.13,696.443,63.313
662,BOSTON,Massachusetts,3037,2025-03-18 17:09:00,Tennis Shoes,1,671.13,738.243,67.113
6902,SAINT PETERSBURG,Florida,5705,2025-03-24 14:40:00,Tennis Shoes,1,531.93,585.123,53.193
4391,RICHMOND,Virginia,5387,2025-03-22 10:21:00,Tennis Shoes,1,497.13,546.843,49.713
2488,SUNNYVALE,California,2490,2025-03-20 14:11:00,Tennis Shoes,1,555.13,610.643,55.513
2173,SPRINGFIELD,Illinois,5779,2025-03-20 09:52:00,Tennis Shoes,1,497.13,546.843,49.713
446,ORANGE,California,4156,2025-03-18 13:56:00,Tennis Shoes,1,691.13,760.243,69.113
3457,MURFREESBORO,Tennessee,2795,2025-03-21 12:18:00,Tennis Shoes,1,531.93,585.123,53.193
6862,JACKSON,Mississippi,2591,2025-03-24 14:08:00,Tennis Shoes,1,594.33,653.763,59.433
2391,TUCSON,Arizona,2541,2025-03-20 12:50:00,Tennis Shoes,1,537.13,590.843,53.713
5376,PORTLAND,Maine,4741,2025-03-23 09:02:00,Tennis Shoes,1,1125.13,1237.643,112.513
5812,MERRIFIELD,Virginia,450,2025-03-23 16:19:00,Tennis Shoes,1,595.93,655.523,59.593
2568,SAINT LOUIS,Missouri,3545,2025-03-20 15:08:00,Tennis Shoes,1,579.93,637.923,57.993
226,RICHMOND,Virginia,5440,2025-03-18 11:04:00,Tennis Shoes,1,501.53,551.683,50.153
2283,ASHEVILLE,North Carolina,6165,2025-03-20 11:28:00,Tennis Shoes,1,733.13,806.443,73.313
2419,OCALA,Florida,280,2025-03-20 13:10:00,Tennis Shoes,1,723.13,795.443,72.313
2616,PATERSON,New Jersey,5407,2025-03-20 15:36:00,Tennis Shoes,1,693.13,762.443,69.313
1484,LEVITTOWN,Pennsylvania,4773,2025-03-19 15:02:00,Tennis Shoes,1,744.73,819.203,74.473
5266,KANSAS CITY,Missouri,6386,2025-03-22 23:21:00,Tennis Shoes,1,587.93,646.723,58.793
5277,SAINT PAUL,Minnesota,1322,2025-03-22 23:46:00,Tennis Shoes,1,571.93,629.123,57.193
7412,AMARILLO,Texas,2787,2025-03-24 23:22:00,Tennis Shoes,1,625.13,687.643,62.513
1200,BOZEMAN,Montana,5349,2025-03-19 11:30:00,Tennis Shoes,1,625.13,687.643,62.513
3011,LOS ANGELES,California,4879,2025-03-20 20:58:00,Tennis Shoes,1,537.13,590.843,53.713
1723,NORCROSS,Georgia,846,2025-03-19 17:56:00,Tennis Shoes,1,767.13,843.843,76.713
2266,BLOOMINGTON,Indiana,3119,2025-03-20 11:15:00,Tennis Shoes,1,587.93,646.723,58.793
1855,MINNEAPOLIS,Minnesota,5829,2025-03-19 19:40:00,Tennis Shoes,1,527.13,579.843,52.713
3388,GREENSBORO,North Carolina,4055,2025-03-21 11:16:00,Tennis Shoes,1,527.13,579.843,52.713
3687,BOCA RATON,Florida,2841,2025-03-21 15:44:00,Tennis Shoes,1,509.53,560.483,50.953
4263,BALTIMORE,Maryland,2448,2025-03-22 08:57:00,Tennis Shoes,1,517.13,568.843,51.713
1581,TOLEDO,Ohio,2201,2025-03-19 16:15:00,Tennis Shoes,1,571.93,629.123,57.193
2129,MANCHESTER,New Hampshire,4933,2025-03-20 09:15:00,Tennis Shoes,1,556.13,611.743,55.613
2209,HUNTINGTON,West Virginia,5823,2025-03-20 10:22:00,Tennis Shoes,1,537.13,590.843,53.713
5611,FAYETTEVILLE,North Carolina,5934,2025-03-23 13:08:00,Tennis Shoes,1,517.53,569.283,51.753
2707,MONTGOMERY,Alabama,295,2025-03-20 16:55:00,Tennis Shoes,1,537.13,590.843,53.713
3590,TACOMA,Washington,2001,2025-03-21 14:08:00,Tennis Shoes,1,557.13,612.843,55.713
4750,COLUMBUS,Georgia,931,2025-03-22 14:46:00,Tennis Shoes,1,537.13,590.843,53.713
3913,BILLINGS,Montana,84,2025-03-21 19:18:00,Tennis Shoes,1,595.93,655.523,59.593
4697,YAKIMA,Washington,3667,2025-03-22 14:00:00,Tennis Shoes,1,517.53,569.283,51.753
6693,WILMINGTON,North Carolina,6062,2025-03-24 12:14:00,Tennis Shoes,1,517.53,569.283,51.753
851,CINCINNATI,Ohio,1113,2025-03-18 21:18:00,Tennis Shoes,1,517.13,568.843,51.713
4014,FAYETTEVILLE,North Carolina,466,2025-03-21 21:05:00,Tennis Shoes,1,537.13,590.843,53.713
1168,POMPANO BEACH,Florida,68,2025-03-19 11:06:00,Tennis Shoes,1,595.93,655.523,59.593
306,SALT LAKE CITY,Utah,1332,2025-03-18 12:09:00,Tennis Shoes,1,635.13,698.643,63.513
2400,SALT LAKE CITY,Utah,3344,2025-03-20 12:58:00,Tennis Shoes,1,635.13,698.643,63.513
2494,LITTLE ROCK,Arkansas,5432,2025-03-20 14:14:00,Tennis Shoes,1,537.13,590.843,53.713
4062,RALEIGH,North Carolina,1476,2025-03-21 22:15:00,Tennis Shoes,1,537.13,590.843,53.713
104,ATLANTA,Georgia,5625,2025-03-18 09:14:00,Tennis Shoes,1,509.53,560.483,50.953
5047,MIAMI,Florida,6004,2025-03-22 19:21:00,Tennis Shoes,1,571.93,629.123,57.193
7216,DENVER,Colorado,1703,2025-03-24 19:26:00,Tennis Shoes,1,611.93,673.123,61.193
5725,SYRACUSE,New York,2934,2025-03-23 14:54:00,Tennis Shoes,1,555.93,611.523,55.593
3338,BROOKLYN,New York,2659,2025-03-21 10:34:00,Tennis Shoes,1,527.13,579.843,52.713
4793,ORLANDO,Florida,4084,2025-03-22 15:24:00,Tennis Shoes,1,625.13,687.643,62.513
6114,CHARLESTON,West Virginia,5458,2025-03-23 21:29:00,Tennis Shoes,1,527.13,579.843,52.713
6273,BATON ROUGE,Louisiana,4646,2025-03-24 06:42:00,Tennis Shoes,1,605.13,665.643,60.513
6283,NEW YORK CITY,New York,4232,2025-03-24 07:02:00,Tennis Shoes,1,762.13,838.343,76.213
1857,LOS ANGELES,California,2541,2025-03-19 19:40:00,Tennis Shoes,1,509.53,560.483,50.953
6460,MINNEAPOLIS,Minnesota,2794,2025-03-24 09:51:00,Tennis Shoes,1,650.33,715.363,65.033
3056,WASHINGTON,District of Columbia,3080,2025-03-20 21:27:00,Tennis Shoes,1,693.13,762.443,69.313
2953,ALBANY,New York,3199,2025-03-20 20:01:00,Tennis Shoes,1,571.93,629.123,57.193
4358,PITTSBURGH,Pennsylvania,4867,2025-03-22 10:03:00,Tennis Shoes,1,632.73,696.003,63.273
6281,PHOENIX,Arizona,5428,2025-03-24 07:00:00,Tennis Shoes,1,501.53,551.683,50.153
1356,EVANSVILLE,Indiana,3373,2025-03-19 13:20:00,Tennis Shoes,1,517.13,568.843,51.713
4765,BALTIMORE,Maryland,2670,2025-03-22 14:59:00,Tennis Shoes,1,615.13,676.643,61.513
222,GASTONIA,North Carolina,1580,2025-03-18 11:01:00,Tennis Shoes,1,579.93,637.923,57.993
600,HATTIESBURG,Mississippi,448,2025-03-18 16:14:00,Tennis Shoes,1,501.53,551.683,50.153
996,FRESNO,California,2705,2025-03-19 07:59:00,Tennis Shoes,1,501.53,551.683,50.153
2894,SPOKANE,Washington,2845,2025-03-20 19:10:00,Tennis Shoes,1,610.33,671.363,61.033
4030,SAINT PAUL,Minnesota,4792,2025-03-21 21:29:00,Tennis Shoes,1,571.93,629.123,57.193
4527,MADISON,Wisconsin,3131,2025-03-22 11:48:00,Tennis Shoes,1,501.53,551.683,50.153
3684,SAN FRANCISCO,California,3531,2025-03-21 15:42:00,Tennis Shoes,1,644.63,709.093,64.463
3054,BRIDGEPORT,Connecticut,6370,2025-03-20 21:26:00,Tennis Shoes,1,537.13,590.843,53.713
3180,TALLAHASSEE,Florida,5721,2025-03-21 00:26:00,Tennis Shoes,1,674.33,741.763,67.433
431,MESA,Arizona,6395,2025-03-18 13:44:00,Tennis Shoes,1,517.13,568.843,51.713
5369,DAYTON,Ohio,236,2025-03-23 08:49:00,Tennis Shoes,1,706.33,776.963,70.633
1050,CHARLOTTE,North Carolina,2566,2025-03-19 09:26:00,Tennis Shoes,1,537.13,590.843,53.713
5389,LAKELAND,Florida,5074,2025-03-23 09:24:00,Tennis Shoes,1,517.13,568.843,51.713
6805,LAS CRUCES,New Mexico,2469,2025-03-24 13:36:00,Tennis Shoes,1,633.13,696.443,63.313
806,HOUSTON,Texas,3536,2025-03-18 20:28:00,Tennis Shoes,1,658.33,724.163,65.833
2141,OMAHA,Nebraska,5867,2025-03-20 09:30:00,Tennis Shoes,1,625.13,687.643,62.513
5732,LONG BEACH,California,3591,2025-03-23 15:03:00,Tennis Shoes,1,579.93,637.923,57.993
5909,ROANOKE,Virginia,3688,2025-03-23 17:55:00,Tennis Shoes,1,927.13,1019.843,92.713
6839,LAS VEGAS,Nevada,1098,2025-03-24 13:56:00,Tennis Shoes,1,625.13,687.643,62.513
3532,ABILENE,Texas,668,2025-03-21 13:26:00,Tennis Shoes,1,602.33,662.563,60.233
2299,HUNTINGTON,West Virginia,1562,2025-03-20 11:36:00,Tennis Shoes,1,643.13,707.443,64.313
5,SACRAMENTO,California,5780,2025-03-18 00:16:00,Tennis Shoes,1,517.13,568.843,51.713
6339,HUNTINGTON,West Virginia,1839,2025-03-24 08:30:00,Tennis Shoes,1,517.13,568.843,51.713
1924,RENO,Nevada,4516,2025-03-19 21:01:00,Tennis Shoes,1,501.53,551.683,50.153
4341,SAVANNAH,Georgia,1403,2025-03-22 09:50:00,Tennis Shoes,1,501.53,551.683,50.153
865,CLEVELAND,Ohio,4623,2025-03-18 21:37:00,Tennis Shoes,1,615.13,676.643,61.513
4701,OKLAHOMA CITY,Oklahoma,4747,2025-03-22 14:06:00,Tennis Shoes,1,666.33,732.963,66.633
6248,LAS VEGAS,Nevada,5981,2025-03-24 01:55:00,Tennis Shoes,1,658.33,724.163,65.833
1347,NEW YORK CITY,New York,905,2025-03-19 13:12:00,Tennis Shoes,1,821.13,903.243,82.113
6334,SEATTLE,Washington,5643,2025-03-24 08:23:00,Tennis Shoes,1,527.13,579.843,52.713
5696,STAMFORD,Connecticut,3380,2025-03-23 14:35:00,Tennis Shoes,1,563.93,620.323,56.393
404,NORTH PORT,Florida,4364,2025-03-18 13:24:00,Tennis Shoes,1,537.13,590.843,53.713
6712,LONG BEACH,California,6319,2025-03-24 12:23:00,Tennis Shoes,1,1017.13,1118.843,101.713
5490,SAN FRANCISCO,California,4656,2025-03-23 11:19:00,Tennis Shoes,1,517.53,569.283,51.753
1719,ORLANDO,Florida,153,2025-03-19 17:54:00,Tennis Shoes,1,635.13,698.643,63.513
5056,WICHITA,Kansas,1764,2025-03-22 19:26:00,Tennis Shoes,1,587.93,646.723,58.793
3018,JACKSON,Mississippi,3660,2025-03-20 21:02:00,Tennis Shoes,1,547.93,602.723,54.793
1311,SAINT PAUL,Minnesota,2860,2025-03-19 12:41:00,Tennis Shoes,1,605.13,665.643,60.513
3066,ORANGE,California,6270,2025-03-20 21:34:00,Tennis Shoes,1,517.53,569.283,51.753
5167,PORT WASHINGTON,New York,5556,2025-03-22 21:05:00,Tennis Shoes,1,595.93,655.523,59.593
3216,LAS VEGAS,Nevada,2462,2025-03-21 06:46:00,Tennis Shoes,1,517.13,568.843,51.713
6026,CONCORD,California,894,2025-03-23 20:17:00,Tennis Shoes,1,635.13,698.643,63.513
5485,GARDEN GROVE,California,4397,2025-03-23 11:11:00,Tennis Shoes,1,517.53,569.283,51.753
2421,HARRISBURG,Pennsylvania,4821,2025-03-20 13:11:00,Tennis Shoes,1,527.13,579.843,52.713
3191,HOUSTON,Texas,4066,2025-03-21 01:20:00,Tennis Shoes,1,517.13,568.843,51.713
3640,WASHINGTON,District of Columbia,5230,2025-03-21 15:01:00,Tennis Shoes,1,517.13,568.843,51.713
4568,PITTSBURGH,Pennsylvania,5768,2025-03-22 12:19:00,Tennis Shoes,1,517.13,568.843,51.713
3607,VERO BEACH,Florida,5192,2025-03-21 14:23:00,Tennis Shoes,1,615.13,676.643,61.513
6788,ALBANY,New York,5927,2025-03-24 13:22:00,Tennis Shoes,1,713.13,784.443,71.313
7147,MOBILE,Alabama,595,2025-03-24 18:16:00,Tennis Shoes,1,517.13,568.843,51.713
1758,FRESNO,California,6182,2025-03-19 18:29:00,Tennis Shoes,1,537.13,590.843,53.713
1896,HOUSTON,Texas,1412,2025-03-19 20:26:00,Tennis Shoes,1,537.13,590.843,53.713
2188,FORT WORTH,Texas,3758,2025-03-20 10:06:00,Tennis Shoes,1,625.13,687.643,62.513
3538,CINCINNATI,Ohio,4340,2025-03-21 13:30:00,Tennis Shoes,1,635.13,698.643,63.513
872,JACKSONVILLE,Florida,769,2025-03-18 21:48:00,Tennis Shoes,1,736.73,810.403,73.673
5042,NEW YORK CITY,New York,1581,2025-03-22 19:19:00,Tennis Shoes,1,595.93,655.523,59.593
312,HOUSTON,Texas,6499,2025-03-18 12:14:00,Tennis Shoes,1,537.13,590.843,53.713
1685,TACOMA,Washington,2007,2025-03-19 17:29:00,Tennis Shoes,1,899.13,989.043,89.913
2767,CHARLESTON,South Carolina,5536,2025-03-20 17:39:00,Tennis Shoes,1,517.53,569.283,51.753
2950,DENTON,Texas,2249,2025-03-20 19:57:00,Tennis Shoes,1,595.93,655.523,59.593
6245,TEMPLE,Texas,4234,2025-03-24 01:27:00,Tennis Shoes,1,595.93,655.523,59.593
6860,OMAHA,Nebraska,6227,2025-03-24 14:07:00,Tennis Shoes,1,585.13,643.643,58.513
1451,SANTA ANA,California,5144,2025-03-19 14:35:00,Tennis Shoes,1,517.13,568.843,51.713
1516,EL PASO,Texas,6221,2025-03-19 15:25:00,Tennis Shoes,1,615.13,676.643,61.513
2067,OAKLAND,California,6264,2025-03-20 06:24:00,Tennis Shoes,1,585.13,643.643,58.513
1033,PHOENIX,Arizona,3926,2025-03-19 09:07:00,Tennis Shoes,1,595.13,654.643,59.513
1588,PEORIA,Arizona,2323,2025-03-19 16:20:00,Tennis Shoes,1,537.13,590.843,53.713
2900,COLUMBIA,South Carolina,5470,2025-03-20 19:17:00,Tennis Shoes,1,537.13,590.843,53.713
3328,SOUTH BEND,Indiana,1744,2025-03-21 10:24:00,Tennis Shoes,1,537.13,590.843,53.713
4766,PITTSBURGH,Pennsylvania,4212,2025-03-22 15:00:00,Tennis Shoes,1,635.13,698.643,63.513
5151,HOUSTON,Texas,3284,2025-03-22 20:45:00,Tennis Shoes,1,831.13,914.243,83.113
3082,CHARLOTTE,North Carolina,5196,2025-03-20 21:49:00,Tennis Shoes,1,595.93,655.523,59.593
5282,SAN ANTONIO,Texas,976,2025-03-23 00:00:00,Tennis Shoes,1,744.73,819.203,74.473
7283,COLUMBUS,Ohio,5653,2025-03-24 20:25:00,Tennis Shoes,1,635.13,698.643,63.513
7195,MEMPHIS,Tennessee,2294,2025-03-24 19:09:00,Tennis Shoes,1,565.13,621.643,56.513
3799,OXNARD,California,2084,2025-03-21 17:24:00,Tennis Shoes,1,585.13,643.643,58.513
6011,SAINT LOUIS,Missouri,1329,2025-03-23 19:59:00,Tennis Shoes,1,634.33,697.763,63.433
330,WATERLOO,Iowa,4318,2025-03-18 12:29:00,Tennis Shoes,1,497.13,546.843,49.713
520,MIAMI,Florida,2681,2025-03-18 14:57:00,Tennis Shoes,1,701.13,771.243,70.113
866,DALLAS,Texas,5951,2025-03-18 21:38:00,Tennis Shoes,1,585.13,643.643,58.513
1422,AUSTIN,Texas,5199,2025-03-19 14:04:00,Tennis Shoes,1,555.13,610.643,55.513
2517,INDIANAPOLIS,Indiana,4186,2025-03-20 14:35:00,Tennis Shoes,1,673.13,740.443,67.313
3,OKLAHOMA CITY,Oklahoma,5190,2025-03-18 00:11:00,Tennis Shoes,1,531.93,585.123,53.193
1023,OMAHA,Nebraska,2727,2025-03-19 08:59:00,Tennis Shoes,1,563.93,620.323,56.393
6410,HARRISBURG,Pennsylvania,4899,2025-03-24 09:19:00,Tennis Shoes,1,531.93,585.123,53.193
7247,NEW ORLEANS,Louisiana,1186,2025-03-24 19:56:00,Tennis Shoes,1,497.13,546.843,49.713
5963,FRESNO,California,3936,2025-03-23 19:05:00,Tennis Shoes,1,555.13,610.643,55.513
5217,DENVER,Colorado,5180,2025-03-22 22:07:00,Tennis Shoes,1,587.93,646.723,58.793
1338,LOS ANGELES,California,3966,2025-03-19 13:03:00,Tennis Shoes,1,497.13,546.843,49.713
4082,CINCINNATI,Ohio,5773,2025-03-21 22:36:00,Tennis Shoes,1,527.13,579.843,52.713
6519,SAINT PETERSBURG,Florida,1804,2025-03-24 10:28:00,Tennis Shoes,1,625.13,687.643,62.513
3293,BURBANK,California,3863,2025-03-21 09:51:00,Tennis Shoes,1,509.53,560.483,50.953
2982,LUBBOCK,Texas,4265,2025-03-20 20:32:00,Tennis Shoes,1,509.53,560.483,50.953
7152,PHOENIX,Arizona,4032,2025-03-24 18:19:00,Climbing Shoes,1,517.13,568.843,51.713
1251,RIDGELY,Maryland,2560,2025-03-19 12:02:00,Climbing Shoes,1,683.13,751.443,68.313
3144,BIRMINGHAM,Alabama,2228,2025-03-20 23:07:00,Climbing Shoes,1,801.13,881.243,80.113
2153,FORT MYERS,Florida,2741,2025-03-20 09:39:00,Climbing Shoes,1,501.53,551.683,50.153
2225,SPRINGFIELD,Illinois,4112,2025-03-20 10:41:00,Climbing Shoes,1,517.13,568.843,51.713
4489,PHOENIX,Arizona,4690,2025-03-22 11:26:00,Climbing Shoes,1,517.13,568.843,51.713
4720,NEW ORLEANS,Louisiana,6228,2025-03-22 14:19:00,Climbing Shoes,1,517.13,568.843,51.713
304,SIOUX FALLS,South Dakota,4289,2025-03-18 12:08:00,Climbing Shoes,1,610.33,671.363,61.033
7414,SPOKANE,Washington,5360,2025-03-24 23:25:00,Climbing Shoes,1,497.63,547.393,49.763
1603,JEFFERSON CITY,Missouri,5197,2025-03-19 16:31:00,Climbing Shoes,1,579.93,637.923,57.993
4647,ODESSA,Texas,5782,2025-03-22 13:18:00,Tennis Shoes,1,537.13,590.843,53.713
3021,WASHINGTON,District of Columbia,2134,2025-03-20 21:04:00,Tennis Shoes,1,517.53,569.283,51.753
3318,ALEXANDRIA,Virginia,6468,2025-03-21 10:11:00,Tennis Shoes,1,488.13,536.943,48.813
2717,PHILADELPHIA,Pennsylvania,3262,2025-03-20 17:07:00,Tennis Shoes,1,733.13,806.443,73.313
3682,DALLAS,Texas,396,2025-03-21 15:41:00,Tennis Shoes,1,635.13,698.643,63.513
5038,CHICAGO,Illinois,5648,2025-03-22 19:14:00,Tennis Shoes,1,537.13,590.843,53.713
638,BURBANK,California,4190,2025-03-18 16:39:00,Tennis Shoes,1,595.93,655.523,59.593
3786,IRVING,Texas,2072,2025-03-21 17:09:00,Boots,1,586.13,644.743,58.613
5852,SPRINGFIELD,Massachusetts,4678,2025-03-23 17:02:00,Boots,1,547.13,601.843,54.713
4992,NASHVILLE,Tennessee,4698,2025-03-22 18:28:00,Boots,1,593.13,652.443,59.313
6617,BIRMINGHAM,Alabama,5993,2025-03-24 11:30:00,Boots,1,505.13,555.643,50.513
3889,VENTURA,California,5296,2025-03-21 18:59:00,Boots,1,505.13,555.643,50.513
3980,LOS ANGELES,California,6076,2025-03-21 20:27:00,Climbing Shoes,1,509.13,560.043,50.913
6398,TALLAHASSEE,Florida,4833,2025-03-24 09:13:00,Climbing Shoes,1,464.13,510.543,46.413
2469,NEW ORLEANS,Louisiana,2698,2025-03-20 13:52:00,Climbing Shoes,1,562.13,618.343,56.213
2039,SOUTH BEND,Indiana,35,2025-03-20 00:12:00,Climbing Shoes,1,514.13,565.543,51.413
4492,PHILADELPHIA,Pennsylvania,1780,2025-03-22 11:27:00,Climbing Shoes,1,662.33,728.563,66.233
6181,LAKE WORTH,Florida,2678,2025-03-23 22:43:00,Climbing Shoes,1,514.13,565.543,51.413
4208,MORGANTOWN,West Virginia,2801,2025-03-22 08:15:00,Climbing Shoes,1,532.13,585.343,53.213
2178,WICHITA,Kansas,2816,2025-03-20 09:57:00,Flip-Flops,1,507.13,557.843,50.713
6433,TULSA,Oklahoma,2504,2025-03-24 09:36:00,Flip-Flops,1,507.13,557.843,50.713
5276,INDIANAPOLIS,Indiana,814,2025-03-22 23:44:00,Flip-Flops,1,493.53,542.883,49.353
666,MINNEAPOLIS,Minnesota,4561,2025-03-18 17:11:00,Flip-Flops,1,555.93,611.523,55.593
3192,EL PASO,Texas,5025,2025-03-21 01:22:00,Flip-Flops,1,547.93,602.723,54.793
5290,MIAMI,Florida,1221,2025-03-23 00:17:00,Flip-Flops,1,507.13,557.843,50.713
6727,NEW YORK CITY,New York,5651,2025-03-24 12:39:00,Flip-Flops,1,805.53,886.083,80.553
7341,BATON ROUGE,Louisiana,2829,2025-03-24 21:41:00,Flip-Flops,1,683.13,751.443,68.313
6434,SAINT LOUIS,Missouri,1823,2025-03-24 09:37:00,Flip-Flops,1,537.13,590.843,53.713
428,LITTLE ROCK,Arkansas,5640,2025-03-18 13:42:00,Flip-Flops,1,517.13,568.843,51.713
2935,HOUSTON,Texas,2634,2025-03-20 19:41:00,Flip-Flops,1,507.13,557.843,50.713
4193,BEAUFORT,South Carolina,2731,2025-03-22 07:56:00,Flip-Flops,1,623.13,685.443,62.313
6959,SAINT PETERSBURG,Florida,5512,2025-03-24 15:32:00,Flip-Flops,1,525.53,578.083,52.553
1463,CHARLOTTE,North Carolina,718,2025-03-19 14:47:00,Flip-Flops,1,625.13,687.643,62.513
589,CHARLOTTE,North Carolina,932,2025-03-18 16:07:00,Jackets,1,619.93,681.923,61.993
2468,AMARILLO,Texas,4137,2025-03-20 13:52:00,Jackets,1,617.13,678.843,61.713
5162,PEORIA,Illinois,2884,2025-03-22 21:03:00,Jackets,1,617.13,678.843,61.713
65,FRESNO,California,1909,2025-03-18 08:08:00,Jackets,1,617.13,678.843,61.713
1253,SOUTHFIELD,Michigan,1587,2025-03-19 12:04:00,Jackets,1,637.13,700.843,63.713
6557,SAN FRANCISCO,California,4526,2025-03-24 10:49:00,Jackets,1,597.13,656.843,59.713
6167,MONROE,Louisiana,4615,2025-03-23 22:21:00,Jackets,1,695.13,764.643,69.513
2573,WASHINGTON,District of Columbia,1630,2025-03-20 15:09:00,Jackets,1,565.53,622.083,56.553
2987,CAPE CORAL,Florida,2953,2025-03-20 20:34:00,Jackets,1,587.13,645.843,58.713
2586,GARLAND,Texas,3110,2025-03-20 15:16:00,Jackets,1,643.23,707.553,64.323
1605,LAS VEGAS,Nevada,2198,2025-03-19 16:32:00,Jackets,1,567.13,623.843,56.713
4465,ORLANDO,Florida,1437,2025-03-22 11:09:00,Climbing Shoes,1,579.93,637.923,57.993
6086,HARRISBURG,Pennsylvania,4773,2025-03-23 21:07:00,Climbing Shoes,1,517.13,568.843,51.713
3546,NEW YORK CITY,New York,316,2025-03-21 13:38:00,Climbing Shoes,1,501.53,551.683,50.153
6262,KNOXVILLE,Tennessee,30,2025-03-24 04:23:00,Climbing Shoes,1,673.88,741.268,67.388
6566,MINNEAPOLIS,Minnesota,2735,2025-03-24 10:55:00,Climbing Shoes,1,556.13,611.743,55.613
1679,TUSCALOOSA,Alabama,4348,2025-03-19 17:22:00,Climbing Shoes,1,541.53,595.683,54.153
6184,KANSAS CITY,Kansas,4831,2025-03-23 22:49:00,Climbing Shoes,1,772.13,849.343,77.213
6036,ATLANTA,Georgia,6426,2025-03-23 20:24:00,Climbing Shoes,1,664.13,730.543,66.413
5067,ASHBURN,Virginia,3498,2025-03-22 19:34:00,Climbing Shoes,1,664.13,730.543,66.413
2424,PEORIA,Arizona,4176,2025-03-20 13:15:00,Climbing Shoes,1,517.13,568.843,51.713
6320,WACO,Texas,3216,2025-03-24 08:15:00,Climbing Shoes,1,459.13,505.043,45.913
2106,VIRGINIA BEACH,Virginia,2585,2025-03-20 08:52:00,Climbing Shoes,1,547.13,601.843,54.713
6670,GULFPORT,Mississippi,443,2025-03-24 11:57:00,Climbing Shoes,1,468.13,514.943,46.813
2047,BOCA RATON,Florida,5586,2025-03-20 01:00:00,Tennis Shoes,1,464.13,510.543,46.413
6723,KANSAS CITY,Missouri,2078,2025-03-24 12:34:00,Climbing Shoes,1,556.13,611.743,55.613
4018,TACOMA,Washington,2640,2025-03-21 21:08:00,Climbing Shoes,1,627.93,690.723,62.793
4107,PUEBLO,Colorado,3174,2025-03-21 23:03:00,Climbing Shoes,1,546.13,600.743,54.613
3777,SHAWNEE MISSION,Kansas,4615,2025-03-21 17:00:00,Climbing Shoes,1,462.33,508.563,46.233
6982,AUSTIN,Texas,5446,2025-03-24 15:51:00,Climbing Shoes,1,576.13,633.743,57.613
2537,SYRACUSE,New York,435,2025-03-20 14:48:00,Climbing Shoes,1,644.73,709.203,64.473
3760,CHICAGO,Illinois,1369,2025-03-21 16:48:00,Climbing Shoes,1,501.38,551.518,50.138
4796,FALLS CHURCH,Virginia,4712,2025-03-22 15:27:00,Climbing Shoes,1,458.13,503.943,45.813
5851,WASHINGTON,District of Columbia,5705,2025-03-23 17:02:00,Climbing Shoes,1,586.13,644.743,58.613
1573,OKLAHOMA CITY,Oklahoma,2572,2025-03-19 16:11:00,Climbing Shoes,1,488.13,536.943,48.813
1962,SACRAMENTO,California,5858,2025-03-19 21:54:00,Climbing Shoes,1,801.13,881.243,80.113
5823,LANCASTER,Pennsylvania,1355,2025-03-23 16:31:00,Climbing Shoes,1,488.13,536.943,48.813
7418,CLEVELAND,Ohio,3246,2025-03-24 23:31:00,Climbing Shoes,1,488.13,536.943,48.813
4004,INDIANAPOLIS,Indiana,2735,2025-03-21 20:51:00,Climbing Shoes,1,488.13,536.943,48.813
5791,LOS ANGELES,California,4899,2025-03-23 16:01:00,Climbing Shoes,1,556.73,612.403,55.673
2995,SPARTANBURG,South Carolina,3966,2025-03-20 20:39:00,Climbing Shoes,1,517.13,568.843,51.713
5404,ARLINGTON,Texas,2253,2025-03-23 09:35:00,Climbing Shoes,1,501.53,551.683,50.153
474,JACKSONVILLE,Florida,2159,2025-03-18 14:17:00,Sandals,1,517.13,568.843,51.713
416,HAYWARD,California,3957,2025-03-18 13:30:00,Sandals,1,517.13,568.843,51.713
623,MEMPHIS,Tennessee,3627,2025-03-18 16:29:00,Sandals,1,517.13,568.843,51.713
3463,PUEBLO,Colorado,5345,2025-03-21 12:22:00,Sandals,1,517.13,568.843,51.713
4276,KANSAS CITY,Kansas,6474,2025-03-22 09:05:00,Sandals,1,517.13,568.843,51.713
4213,SARASOTA,Florida,756,2025-03-22 08:20:00,Sandals,1,713.13,784.443,71.313
249,ORLANDO,Florida,5274,2025-03-18 11:21:00,Sandals,1,615.13,676.643,61.513
2072,DETROIT,Michigan,3780,2025-03-20 07:33:00,Sandals,1,663.13,729.443,66.313
7264,MEMPHIS,Tennessee,6197,2025-03-24 20:13:00,Sandals,1,585.13,643.643,58.513
1386,LANSING,Michigan,4988,2025-03-19 13:38:00,Sandals,1,517.13,568.843,51.713
2720,WICHITA,Kansas,2115,2025-03-20 17:09:00,Sandals,1,545.13,599.643,54.513
1387,AURORA,Illinois,1917,2025-03-19 13:38:00,Sandals,1,493.53,542.883,49.353
1188,WASHINGTON,District of Columbia,2241,2025-03-19 11:23:00,Sandals,1,517.13,568.843,51.713
2905,FRESNO,California,1757,2025-03-20 19:18:00,Sandals,1,517.13,568.843,51.713
4429,TERRE HAUTE,Indiana,4020,2025-03-22 10:44:00,Sandals,1,501.53,551.683,50.153
3013,PHOENIX,Arizona,3294,2025-03-20 21:01:00,Sandals,1,517.13,568.843,51.713
2243,DENVER,Colorado,3399,2025-03-20 10:56:00,Sandals,1,555.13,610.643,55.513
2116,ALLENTOWN,Pennsylvania,3323,2025-03-20 09:01:00,Sandals,1,517.13,568.843,51.713
2217,ZEPHYRHILLS,Florida,3204,2025-03-20 10:30:00,Sandals,1,703.13,773.443,70.313
4675,KANSAS CITY,Missouri,3556,2025-03-22 13:44:00,Sandals,1,487.13,535.843,48.713
6345,EDMOND,Oklahoma,5594,2025-03-24 08:37:00,Sandals,1,487.13,535.843,48.713
1216,COLUMBUS,Georgia,1564,2025-03-19 11:38:00,Tennis Shoes,1,625.13,687.643,62.513
375,OCEANSIDE,California,2363,2025-03-18 13:08:00,Tennis Shoes,1,539.93,593.923,53.993
2746,KANSAS CITY,Missouri,2129,2025-03-20 17:24:00,Tennis Shoes,1,556.13,611.743,55.613
6247,LINCOLN,Nebraska,2436,2025-03-24 01:44:00,Tennis Shoes,1,485.53,534.083,48.553
7367,GLENDALE,California,5910,2025-03-24 22:15:00,Tennis Shoes,1,497.13,546.843,49.713
5257,DENVER,Colorado,640,2025-03-22 23:05:00,Tennis Shoes,1,693.13,762.443,69.313
2081,DENVER,Colorado,3872,2025-03-20 08:23:00,Cycling Shoes,1,497.13,546.843,49.713
1869,BOULDER,Colorado,5709,2025-03-19 19:58:00,Cycling Shoes,1,509.53,560.483,50.953
1441,PENSACOLA,Florida,365,2025-03-19 14:19:00,Cycling Shoes,1,537.13,590.843,53.713
544,DURHAM,North Carolina,2969,2025-03-18 15:20:00,Cycling Shoes,1,509.53,560.483,50.953
3428,BUFFALO,New York,4487,2025-03-21 11:48:00,Cycling Shoes,1,517.53,569.283,51.753
6662,RENO,Nevada,5482,2025-03-24 11:54:00,Cycling Shoes,1,635.13,698.643,63.513
5161,LOS ANGELES,California,2744,2025-03-22 21:00:00,Cycling Shoes,1,537.13,590.843,53.713
1971,GAINESVILLE,Florida,6026,2025-03-19 22:07:00,Cycling Shoes,1,674.33,741.763,67.433
4231,FRESNO,California,751,2025-03-22 08:33:00,Cycling Shoes,1,666.33,732.963,66.633
1171,SAGINAW,Michigan,941,2025-03-19 11:09:00,Cycling Shoes,1,512.63,563.893,51.263
7155,PORTLAND,Oregon,5172,2025-03-24 18:22:00,Cycling Shoes,1,587.93,646.723,58.793
4031,AURORA,Colorado,2163,2025-03-21 21:30:00,Cycling Shoes,1,585.13,643.643,58.513
6169,TAMPA,Florida,4602,2025-03-23 22:22:00,Cycling Shoes,1,531.93,585.123,53.193
1531,COLUMBUS,Ohio,356,2025-03-19 15:40:00,Cycling Shoes,1,625.13,687.643,62.513
2937,CHICAGO,Illinois,2660,2025-03-20 19:42:00,Cycling Shoes,1,625.13,687.643,62.513
5734,FORT LAUDERDALE,Florida,4238,2025-03-23 15:09:00,Cycling Shoes,1,537.13,590.843,53.713
1384,NEW HAVEN,Connecticut,5700,2025-03-19 13:37:00,Cycling Shoes,1,595.93,655.523,59.593
1942,WHITTIER,California,891,2025-03-19 21:29:00,Cycling Shoes,1,517.53,569.283,51.753
6212,EL PASO,Texas,5848,2025-03-23 23:30:00,Cycling Shoes,1,555.93,611.523,55.593
6587,COLORADO SPRINGS,Colorado,4319,2025-03-24 11:11:00,Cycling Shoes,1,625.13,687.643,62.513
41,SAVANNAH,Georgia,2598,2025-03-18 07:02:00,Cycling Shoes,1,537.13,590.843,53.713
4786,NORTH LAS VEGAS,Nevada,4778,2025-03-22 15:19:00,Cycling Shoes,1,674.33,741.763,67.433
6308,LOUISVILLE,Kentucky,3991,2025-03-24 08:01:00,Cycling Shoes,1,485.53,534.083,48.553
5974,LEXINGTON,Kentucky,1878,2025-03-23 19:14:00,Cycling Shoes,1,527.13,579.843,52.713
6560,NEW YORK CITY,New York,708,2025-03-24 10:50:00,Cycling Shoes,1,497.13,546.843,49.713
2519,MELBOURNE,Florida,6370,2025-03-20 14:36:00,Cycling Shoes,1,537.13,590.843,53.713
900,SHAWNEE MISSION,Kansas,3845,2025-03-18 22:32:00,Cycling Shoes,1,555.13,610.643,55.513
62,BATON ROUGE,Louisiana,6182,2025-03-18 08:06:00,Cycling Shoes,1,497.13,546.843,49.713
6846,KANSAS CITY,Kansas,524,2025-03-24 14:00:00,Cycling Shoes,1,512.63,563.893,51.263
4564,MORENO VALLEY,California,2783,2025-03-22 12:18:00,Cycling Shoes,1,527.13,579.843,52.713
5802,BONITA SPRINGS,Florida,470,2025-03-23 16:10:00,Cycling Shoes,1,509.53,560.483,50.953
7415,MIAMI,Florida,1644,2025-03-24 23:27:00,Cycling Shoes,1,595.93,655.523,59.593
677,CANTON,Ohio,6124,2025-03-18 17:25:00,Cycling Shoes,1,497.13,546.843,49.713
6442,PHOENIX,Arizona,5920,2025-03-24 09:42:00,Cycling Shoes,1,555.13,610.643,55.513
6855,PORTLAND,Oregon,1092,2025-03-24 14:04:00,Cycling Shoes,1,497.13,546.843,49.713
4953,DES MOINES,Iowa,5561,2025-03-22 17:41:00,Cycling Shoes,1,571.93,629.123,57.193
1523,CHATTANOOGA,Tennessee,5143,2025-03-19 15:29:00,Cycling Shoes,1,485.53,534.083,48.553
4340,MONTGOMERY,Alabama,5162,2025-03-22 09:49:00,Cycling Shoes,1,517.53,569.283,51.753
726,TACOMA,Washington,1811,2025-03-18 18:36:00,Cycling Shoes,1,563.93,620.323,56.393
1482,MONROE,Louisiana,932,2025-03-19 14:59:00,Cycling Shoes,1,517.53,569.283,51.753
6585,WICHITA,Kansas,5740,2025-03-24 11:10:00,Cycling Shoes,1,595.93,655.523,59.593
6492,SAN FRANCISCO,California,17,2025-03-24 10:11:00,Cycling Shoes,1,517.53,569.283,51.753
895,WASHINGTON,District of Columbia,4992,2025-03-18 22:20:00,Cycling Shoes,1,485.53,534.083,48.553
3431,FORT WAYNE,Indiana,2621,2025-03-21 11:50:00,Cycling Shoes,1,509.53,560.483,50.953
1923,SALT LAKE CITY,Utah,6051,2025-03-19 21:00:00,Cycling Shoes,1,587.93,646.723,58.793
6523,VIRGINIA BEACH,Virginia,3856,2025-03-24 10:29:00,Cycling Shoes,1,563.93,620.323,56.393
7305,LAS VEGAS,Nevada,3839,2025-03-24 20:49:00,Cycling Shoes,1,1003.93,1104.323,100.393
6643,LOS ANGELES,California,5633,2025-03-24 11:43:00,Cycling Shoes,1,485.53,534.083,48.553
6882,MAPLE PLAIN,Minnesota,5530,2025-03-24 14:22:00,Cycling Shoes,1,595.93,655.523,59.593
3215,MOBILE,Alabama,1049,2025-03-21 06:45:00,Cycling Shoes,1,635.13,698.643,63.513
6787,DENVER,Colorado,5713,2025-03-24 13:22:00,Cycling Shoes,1,517.53,569.283,51.753
7324,MIAMI,Florida,5212,2025-03-24 21:20:00,Cycling Shoes,1,517.53,569.283,51.753
7174,WILMINGTON,Delaware,4263,2025-03-24 18:46:00,Cycling Shoes,1,537.13,590.843,53.713
621,SANTA ROSA,California,1558,2025-03-18 16:27:00,Cycling Shoes,1,497.13,546.843,49.713
1107,SAINT PAUL,Minnesota,4834,2025-03-19 10:16:00,Cycling Shoes,1,497.13,546.843,49.713
4411,LAS VEGAS,Nevada,1558,2025-03-22 10:32:00,Cycling Shoes,1,635.13,698.643,63.513
6330,COLORADO SPRINGS,Colorado,4710,2025-03-24 08:22:00,Cycling Shoes,1,595.93,655.523,59.593
3376,PORT WASHINGTON,New York,6094,2025-03-21 11:01:00,Cycling Shoes,1,635.13,698.643,63.513
4803,PORTLAND,Oregon,152,2025-03-22 15:32:00,Cycling Shoes,1,517.53,569.283,51.753
5127,TOLEDO,Ohio,51,2025-03-22 20:27:00,Cycling Shoes,1,517.53,569.283,51.753
314,WORCESTER,Massachusetts,2713,2025-03-18 12:15:00,Cycling Shoes,1,695.63,765.193,69.563
1772,MEMPHIS,Tennessee,481,2025-03-19 18:39:00,Cycling Shoes,1,537.13,590.843,53.713
4106,NEW HAVEN,Connecticut,3237,2025-03-21 23:00:00,Cycling Shoes,1,674.33,741.763,67.433
6634,CHARLESTON,West Virginia,2611,2025-03-24 11:38:00,Cycling Shoes,1,497.13,546.843,49.713
5829,NEW YORK CITY,New York,3042,2025-03-23 16:37:00,Cycling Shoes,1,625.13,687.643,62.513
4805,WHITTIER,California,4560,2025-03-22 15:33:00,Cycling Shoes,1,517.53,569.283,51.753
6964,OKLAHOMA CITY,Oklahoma,5569,2025-03-24 15:38:00,Cycling Shoes,1,517.53,569.283,51.753
1224,HOUSTON,Texas,5534,2025-03-19 11:43:00,Cycling Shoes,1,537.13,590.843,53.713
1662,MACON,Georgia,1737,2025-03-19 17:05:00,Cycling Shoes,1,674.33,741.763,67.433
3141,ALEXANDRIA,Virginia,262,2025-03-20 23:00:00,Cycling Shoes,1,650.33,715.363,65.033
1326,BRONX,New York,5533,2025-03-19 12:56:00,Cycling Shoes,1,537.13,590.843,53.713
6791,ARVADA,Colorado,5256,2025-03-24 13:24:00,Cycling Shoes,1,537.13,590.843,53.713
5460,INDIANAPOLIS,Indiana,5711,2025-03-23 10:32:00,Cycling Shoes,1,595.93,655.523,59.593
290,GREENSBORO,North Carolina,750,2025-03-18 11:53:00,Cycling Shoes,1,512.63,563.893,51.263
4451,ROANOKE,Virginia,2555,2025-03-22 11:02:00,Cycling Shoes,1,531.93,585.123,53.193
5096,VAN NUYS,California,2869,2025-03-22 20:00:00,Cycling Shoes,1,497.13,546.843,49.713
2369,SAINT LOUIS,Missouri,1659,2025-03-20 12:27:00,Cycling Shoes,1,555.13,610.643,55.513
1040,CHARLOTTE,North Carolina,3447,2025-03-19 09:16:00,Cycling Shoes,1,672.73,740.003,67.273
6863,SEATTLE,Washington,6304,2025-03-24 14:08:00,Cycling Shoes,1,485.53,534.083,48.553
4390,SACRAMENTO,California,2908,2025-03-22 10:20:00,Cycling Shoes,1,555.13,610.643,55.513
6704,NORTH LAS VEGAS,Nevada,4065,2025-03-24 12:19:00,Cycling Shoes,1,531.93,585.123,53.193
7256,WASHINGTON,District of Columbia,4232,2025-03-24 20:05:00,Cycling Shoes,1,517.53,569.283,51.753
4651,COLORADO SPRINGS,Colorado,4391,2025-03-22 13:22:00,Cycling Shoes,1,485.53,534.083,48.553
1920,VIRGINIA BEACH,Virginia,4910,2025-03-19 20:57:00,Cycling Shoes,1,555.13,610.643,55.513
6316,CHARLOTTE,North Carolina,2452,2025-03-24 08:11:00,Cycling Shoes,1,497.13,546.843,49.713
6222,CHARLESTON,West Virginia,2368,2025-03-23 23:52:00,Cycling Shoes,1,713.13,784.443,71.313
4525,CHARLOTTE,North Carolina,6094,2025-03-22 11:47:00,Cycling Shoes,1,720.73,792.803,72.073
2242,CHATTANOOGA,Tennessee,172,2025-03-20 10:56:00,Cycling Shoes,1,635.13,698.643,63.513
3648,SAN JOSE,California,5720,2025-03-21 15:09:00,Cycling Shoes,1,517.53,569.283,51.753
5482,TEMPLE,Texas,53,2025-03-23 11:09:00,Cycling Shoes,1,586.13,644.743,58.613
6377,WASHINGTON,District of Columbia,4426,2025-03-24 09:00:00,Cycling Shoes,1,618.33,680.163,61.833
6905,HOUSTON,Texas,2581,2025-03-24 14:41:00,Cycling Shoes,1,482.63,530.893,48.263
4238,NAPLES,Florida,4057,2025-03-22 08:39:00,Cycling Shoes,1,713.13,784.443,71.313
7284,DETROIT,Michigan,4584,2025-03-24 20:26:00,Cycling Shoes,1,583.93,642.323,58.393
7389,DETROIT,Michigan,1657,2025-03-24 22:49:00,Cycling Shoes,1,527.13,579.843,52.713
4037,HOUSTON,Texas,2642,2025-03-21 21:37:00,Cycling Shoes,1,539.93,593.923,53.993
7133,HOUSTON,Texas,1125,2025-03-24 18:06:00,Cycling Shoes,1,547.93,602.723,54.793
39,BEAUMONT,Texas,1913,2025-03-18 06:23:00,Cycling Shoes,1,527.13,579.843,52.713
1518,LANSING,Michigan,5604,2025-03-19 15:27:00,Cycling Shoes,1,615.13,676.643,61.513
4610,FRESNO,California,960,2025-03-22 12:50:00,Cycling Shoes,1,555.13,610.643,55.513
3886,BRONX,New York,1210,2025-03-21 18:58:00,Cycling Shoes,1,493.53,542.883,49.353
4503,CLEVELAND,Ohio,2847,2025-03-22 11:35:00,Cycling Shoes,1,507.13,557.843,50.713
5263,OKLAHOMA CITY,Oklahoma,6363,2025-03-22 23:15:00,Cycling Shoes,1,595.93,655.523,59.593
3697,OKLAHOMA CITY,Oklahoma,3325,2025-03-21 15:55:00,Cycling Shoes,1,537.13,590.843,53.713
6766,MILWAUKEE,Wisconsin,2089,2025-03-24 13:01:00,Cycling Shoes,1,485.53,534.083,48.553
1594,CLEVELAND,Ohio,2602,2025-03-19 16:23:00,Cycling Shoes,1,517.13,568.843,51.713
2423,ORLANDO,Florida,5857,2025-03-20 13:15:00,Cycling Shoes,1,595.13,654.643,59.513
3806,SAINT PAUL,Minnesota,5082,2025-03-21 17:38:00,Cycling Shoes,1,585.13,643.643,58.513
6756,BUFFALO,New York,1591,2025-03-24 12:54:00,Cycling Shoes,1,527.13,579.843,52.713
2766,CINCINNATI,Ohio,3791,2025-03-20 17:38:00,Cycling Shoes,1,615.13,676.643,61.513
6763,DALLAS,Texas,3210,2025-03-24 12:59:00,Cycling Shoes,1,595.93,655.523,59.593
685,KNOXVILLE,Tennessee,4248,2025-03-18 17:30:00,Cycling Shoes,1,635.13,698.643,63.513
3151,ORLANDO,Florida,1598,2025-03-20 23:15:00,Cycling Shoes,1,537.13,590.843,53.713
5336,WHITTIER,California,3845,2025-03-23 07:29:00,Cycling Shoes,1,571.93,629.123,57.193
6518,COLORADO SPRINGS,Colorado,3229,2025-03-24 10:24:00,Cycling Shoes,1,555.93,611.523,55.593
6838,TOPEKA,Kansas,5193,2025-03-24 13:56:00,Cycling Shoes,1,485.53,534.083,48.553
7083,HOUSTON,Texas,2803,2025-03-24 17:11:00,Cycling Shoes,1,595.13,654.643,59.513
4740,BATON ROUGE,Louisiana,5036,2025-03-22 14:35:00,Cycling Shoes,1,635.13,698.643,63.513
6626,WILMINGTON,North Carolina,4863,2025-03-24 11:35:00,Cycling Shoes,1,595.93,655.523,59.593
987,TRENTON,New Jersey,6424,2025-03-19 07:21:00,Cycling Shoes,1,537.13,590.843,53.713
3030,CHARLOTTE,North Carolina,4705,2025-03-20 21:10:00,Cycling Shoes,1,587.93,646.723,58.793
6199,LOUISVILLE,Kentucky,2913,2025-03-23 23:11:00,Cycling Shoes,1,642.33,706.563,64.233
5789,HOLLYWOOD,Florida,5998,2025-03-23 16:00:00,Cycling Shoes,1,527.13,579.843,52.713
7401,SACRAMENTO,California,2772,2025-03-24 23:14:00,Cycling Shoes,1,509.53,560.483,50.953
1885,DES MOINES,Iowa,818,2025-03-19 20:12:00,Cycling Shoes,1,595.13,654.643,59.513
460,RICHMOND,Virginia,5749,2025-03-18 14:04:00,Cycling Shoes,1,485.53,534.083,48.553
6353,DALLAS,Texas,5532,2025-03-24 08:40:00,Cycling Shoes,1,602.33,662.563,60.233
4963,PASADENA,California,6160,2025-03-22 17:57:00,Cycling Shoes,1,595.93,655.523,59.593
7022,GREENVILLE,South Carolina,1201,2025-03-24 16:24:00,Cycling Shoes,1,485.53,534.083,48.553
2606,DES MOINES,Iowa,400,2025-03-20 15:29:00,Cycling Shoes,1,517.53,569.283,51.753
7314,SPOKANE,Washington,1373,2025-03-24 21:02:00,Cycling Shoes,1,537.13,590.843,53.713
898,SCHENECTADY,New York,531,2025-03-18 22:30:00,Cycling Shoes,1,497.13,546.843,49.713
2507,ORLANDO,Florida,1683,2025-03-20 14:27:00,Cycling Shoes,1,595.13,654.643,59.513
6715,MAPLE PLAIN,Minnesota,5103,2025-03-24 12:25:00,Cycling Shoes,1,555.13,610.643,55.513
4713,LOS ANGELES,California,2445,2025-03-22 14:14:00,Cycling Shoes,1,485.53,534.083,48.553
6825,CHARLOTTE,North Carolina,6162,2025-03-24 13:50:00,Cycling Shoes,1,485.53,534.083,48.553
5121,NEW ORLEANS,Louisiana,5243,2025-03-22 20:23:00,Cycling Shoes,1,537.13,590.843,53.713
7345,SAINT PAUL,Minnesota,5150,2025-03-24 21:49:00,Cycling Shoes,1,497.13,546.843,49.713
4639,MONTGOMERY,Alabama,2361,2025-03-22 13:11:00,Cycling Shoes,1,595.93,655.523,59.593
7268,LITTLE ROCK,Arkansas,515,2025-03-24 20:14:00,Cycling Shoes,1,635.13,698.643,63.513
643,RICHMOND,Virginia,4476,2025-03-18 16:45:00,Cycling Shoes,1,919.13,1011.043,91.913
4006,CHARLESTON,West Virginia,3070,2025-03-21 20:53:00,Cycling Shoes,1,537.13,590.843,53.713
807,KANSAS CITY,Missouri,2763,2025-03-18 20:29:00,Cycling Shoes,1,517.53,569.283,51.753
5332,UTICA,New York,4036,2025-03-23 07:28:00,Cycling Shoes,1,517.53,569.283,51.753
3971,ANAHEIM,California,1591,2025-03-21 20:17:00,Cycling Shoes,1,720.73,792.803,72.073
884,MOBILE,Alabama,5381,2025-03-18 22:04:00,Cycling Shoes,1,578.33,636.163,57.833
1339,ALBANY,New York,3489,2025-03-19 13:05:00,Cycling Shoes,1,578.33,636.163,57.833
4275,RENO,Nevada,218,2025-03-22 09:04:00,Cycling Shoes,1,497.13,546.843,49.713
2945,TALLAHASSEE,Florida,3721,2025-03-20 19:53:00,Cycling Shoes,1,548.63,603.493,54.863
4020,OLYMPIA,Washington,5895,2025-03-21 21:13:00,Cycling Shoes,1,497.13,546.843,49.713
1067,NAPLES,Florida,5157,2025-03-19 09:46:00,Cycling Shoes,1,537.13,590.843,53.713
1453,SPRINGFIELD,Massachusetts,3317,2025-03-19 14:37:00,Cycling Shoes,1,585.13,643.643,58.513
4046,MONTGOMERY,Alabama,5151,2025-03-21 21:48:00,Cycling Shoes,1,555.13,610.643,55.513
2520,SAN BERNARDINO,California,3461,2025-03-20 14:36:00,Cycling Shoes,1,586.33,644.963,58.633
3260,LITTLE ROCK,Arkansas,3667,2025-03-21 09:00:00,Cycling Shoes,1,610.33,671.363,61.033
6210,DENVER,Colorado,5941,2025-03-23 23:27:00,Cycling Shoes,1,634.33,697.763,63.433
2060,CHATTANOOGA,Tennessee,858,2025-03-20 02:37:00,Cycling Shoes,1,537.13,590.843,53.713
3494,SPARTANBURG,South Carolina,5387,2025-03-21 12:43:00,Cycling Shoes,1,635.13,698.643,63.513
1915,OAKLAND,California,1971,2025-03-19 20:45:00,Cycling Shoes,1,595.93,655.523,59.593
4520,LAREDO,Texas,4348,2025-03-22 11:44:00,Cycling Shoes,1,674.33,741.763,67.433
815,TACOMA,Washington,1065,2025-03-18 20:39:00,Cycling Shoes,1,693.13,762.443,69.313
2503,HUNTINGTON,West Virginia,6155,2025-03-20 14:22:00,Cycling Shoes,1,537.13,590.843,53.713
3118,HAYWARD,California,4030,2025-03-20 22:36:00,Cycling Shoes,1,517.53,569.283,51.753
4987,WASHINGTON,District of Columbia,1715,2025-03-22 18:22:00,Cycling Shoes,1,555.13,610.643,55.513
1115,LOUISVILLE,Kentucky,147,2025-03-19 10:24:00,Cycling Shoes,1,497.13,546.843,49.713
3506,BIRMINGHAM,Alabama,3728,2025-03-21 12:58:00,Cycling Shoes,1,497.13,546.843,49.713
5517,HOUSTON,Texas,4267,2025-03-23 11:44:00,Cycling Shoes,1,671.13,738.243,67.113
5560,ERIE,Pennsylvania,473,2025-03-23 12:26:00,Cycling Shoes,1,565.13,621.643,56.513
3427,NEW ORLEANS,Louisiana,1644,2025-03-21 11:46:00,Cycling Shoes,1,555.13,610.643,55.513
6616,SAN DIEGO,California,4650,2025-03-24 11:28:00,Cycling Shoes,1,531.93,585.123,53.193
5837,PASADENA,Texas,1803,2025-03-23 16:46:00,Cycling Shoes,1,537.13,590.843,53.713
1112,GRAND RAPIDS,Michigan,15,2025-03-19 10:19:00,Cycling Shoes,1,517.53,569.283,51.753
5265,ORLANDO,Florida,3401,2025-03-22 23:20:00,Cycling Shoes,1,497.13,546.843,49.713
7425,GREENVILLE,South Carolina,2436,2025-03-24 23:48:00,Cycling Shoes,1,485.53,534.083,48.553
4699,SHREVEPORT,Louisiana,3063,2025-03-22 14:05:00,Cycling Shoes,1,497.13,546.843,49.713
43,ELMIRA,New York,6126,2025-03-18 07:10:00,Cycling Shoes,1,497.13,546.843,49.713
3315,LANCASTER,Pennsylvania,1318,2025-03-21 10:09:00,Cycling Shoes,1,497.13,546.843,49.713
3027,NEW YORK CITY,New York,5270,2025-03-20 21:07:00,Cycling Shoes,1,578.33,636.163,57.833
6951,SPRINGFIELD,Missouri,4312,2025-03-24 15:21:00,Cycling Shoes,1,497.13,546.843,49.713
4884,JACKSON,Mississippi,2564,2025-03-22 16:44:00,Cycling Shoes,1,537.13,590.843,53.713
5227,CHARLOTTE,North Carolina,2558,2025-03-22 22:19:00,Cycling Shoes,1,615.13,676.643,61.513
364,BIRMINGHAM,Alabama,4446,2025-03-18 13:01:00,Cycling Shoes,1,485.53,534.083,48.553
2640,KILLEEN,Texas,3328,2025-03-20 15:53:00,Cycling Shoes,1,626.33,688.963,62.633
2219,TORRANCE,California,4333,2025-03-20 10:31:00,Cycling Shoes,1,595.13,654.643,59.513
6876,ARLINGTON,Virginia,3329,2025-03-24 14:19:00,Cycling Shoes,1,509.53,560.483,50.953
3632,LOUISVILLE,Kentucky,4898,2025-03-21 14:52:00,Cycling Shoes,1,531.93,585.123,53.193
4076,PITTSBURGH,Pennsylvania,996,2025-03-21 22:26:00,Cycling Shoes,1,531.93,585.123,53.193
4659,PASADENA,California,4774,2025-03-22 13:26:00,Cycling Shoes,1,485.53,534.083,48.553
6881,DAYTON,Ohio,5147,2025-03-24 14:21:00,Cycling Shoes,1,497.13,546.843,49.713
242,SAN DIEGO,California,1157,2025-03-18 11:20:00,Cycling Shoes,1,485.53,534.083,48.553
5796,PANAMA CITY,Florida,473,2025-03-23 16:04:00,Cycling Shoes,1,485.53,534.083,48.553
1019,CHICAGO,Illinois,434,2025-03-19 08:51:00,Cycling Shoes,1,527.13,579.843,52.713
2475,DETROIT,Michigan,2035,2025-03-20 13:58:00,Cycling Shoes,1,527.13,579.843,52.713
2223,PROVO,Utah,1395,2025-03-20 10:38:00,Cycling Shoes,1,625.13,687.643,62.513
804,LAFAYETTE,Louisiana,6364,2025-03-18 20:24:00,Cycling Shoes,1,537.13,590.843,53.713
1824,LITTLE ROCK,Arkansas,22,2025-03-19 19:10:00,Cycling Shoes,1,517.53,569.283,51.753
7395,OKLAHOMA CITY,Oklahoma,5136,2025-03-24 23:06:00,Cycling Shoes,1,650.33,715.363,65.033
1709,KANSAS CITY,Missouri,5286,2025-03-19 17:48:00,Cycling Shoes,1,733.13,806.443,73.313
2492,KANSAS CITY,Missouri,2897,2025-03-20 14:13:00,Cycling Shoes,1,625.13,687.643,62.513
7239,WASHINGTON,District of Columbia,3285,2025-03-24 19:42:00,Cycling Shoes,1,485.53,534.083,48.553
2241,AUGUSTA,Georgia,4401,2025-03-20 10:55:00,Cycling Shoes,1,517.13,568.843,51.713
6069,ALBANY,New York,5835,2025-03-23 20:55:00,Cycling Shoes,1,517.13,568.843,51.713
2364,LOS ANGELES,California,2997,2025-03-20 12:22:00,Cycling Shoes,1,517.53,569.283,51.753
2118,BRIDGEPORT,Connecticut,6435,2025-03-20 09:04:00,Cycling Shoes,1,497.13,546.843,49.713
5935,HOUSTON,Texas,4951,2025-03-23 18:26:00,Cycling Shoes,1,497.13,546.843,49.713
1139,MILWAUKEE,Wisconsin,5594,2025-03-19 10:45:00,Cycling Shoes,1,527.13,579.843,52.713
5695,WASHINGTON,District of Columbia,309,2025-03-23 14:34:00,Cycling Shoes,1,527.13,579.843,52.713
1551,BOWIE,Maryland,2842,2025-03-19 15:55:00,Cycling Shoes,1,509.53,560.483,50.953
3305,EL PASO,Texas,6308,2025-03-21 10:00:00,Cycling Shoes,1,775.13,852.643,77.513
3874,MILWAUKEE,Wisconsin,4482,2025-03-21 18:46:00,Cycling Shoes,1,587.93,646.723,58.793
2409,EL PASO,Texas,270,2025-03-20 13:02:00,Cycling Shoes,1,537.13,590.843,53.713
5464,LAS VEGAS,Nevada,2137,2025-03-23 10:43:00,Cycling Shoes,1,527.13,579.843,52.713
127,SACRAMENTO,California,6183,2025-03-18 09:41:00,Cycling Shoes,1,537.13,590.843,53.713
3461,DENVER,Colorado,2732,2025-03-21 12:20:00,Cycling Shoes,1,537.13,590.843,53.713
1909,SCOTTSDALE,Arizona,5743,2025-03-19 20:41:00,Cycling Shoes,1,517.53,569.283,51.753
4913,SAINT LOUIS,Missouri,4907,2025-03-22 17:04:00,Cycling Shoes,1,625.13,687.643,62.513
3040,CARLSBAD,California,348,2025-03-20 21:15:00,Cycling Shoes,1,537.13,590.843,53.713
5855,SAN JOSE,California,1398,2025-03-23 17:04:00,Cycling Shoes,1,635.13,698.643,63.513
6649,BIRMINGHAM,Alabama,5448,2025-03-24 11:45:00,Cycling Shoes,1,595.93,655.523,59.593
5730,SPRINGFIELD,Missouri,5869,2025-03-23 15:00:00,Cycling Shoes,1,537.13,590.843,53.713
6279,OMAHA,Nebraska,5399,2025-03-24 06:58:00,Cycling Shoes,1,517.53,569.283,51.753
1055,TOPEKA,Kansas,6280,2025-03-19 09:35:00,Cycling Shoes,1,497.13,546.843,49.713
1088,NEW YORK CITY,New York,4588,2025-03-19 10:04:00,Cycling Shoes,1,497.13,546.843,49.713
1100,TOLEDO,Ohio,4679,2025-03-19 10:12:00,Cycling Shoes,1,595.13,654.643,59.513
1170,DAYTONA BEACH,Florida,911,2025-03-19 11:07:00,Cycling Shoes,1,497.13,546.843,49.713
1181,STATEN ISLAND,New York,3613,2025-03-19 11:19:00,Cycling Shoes,1,497.13,546.843,49.713
1189,KISSIMMEE,Florida,3113,2025-03-19 11:23:00,Cycling Shoes,1,497.13,546.843,49.713
1213,SPRINGFIELD,Ohio,3716,2025-03-19 11:36:00,Cycling Shoes,1,497.13,546.843,49.713
1471,WASHINGTON,District of Columbia,2215,2025-03-19 14:53:00,Cycling Shoes,1,497.13,546.843,49.713
2330,ATLANTA,Georgia,2222,2025-03-20 11:54:00,Cycling Shoes,1,497.13,546.843,49.713
4413,ALBANY,New York,2550,2025-03-22 10:34:00,Cycling Shoes,1,497.13,546.843,49.713
5138,MANCHESTER,New Hampshire,5028,2025-03-22 20:35:00,Cycling Shoes,1,555.13,610.643,55.513
5166,TYLER,Texas,5054,2025-03-22 21:04:00,Cycling Shoes,1,497.13,546.843,49.713
700,AURORA,Colorado,6073,2025-03-18 17:49:00,Cycling Shoes,1,539.93,593.923,53.993
1006,ORANGE,California,6003,2025-03-19 08:24:00,Cycling Shoes,1,485.53,534.083,48.553
1972,ROCHESTER,New York,5709,2025-03-19 22:08:00,Cycling Shoes,1,602.33,662.563,60.233
2854,HUNTINGTON,West Virginia,4849,2025-03-20 18:41:00,Cycling Shoes,1,531.93,585.123,53.193
1455,BUFFALO,New York,2366,2025-03-19 14:40:00,Cycling Shoes,1,821.13,903.243,82.113
795,LOS ANGELES,California,4931,2025-03-18 20:14:00,Cycling Shoes,1,517.53,569.283,51.753
2628,KANSAS CITY,Missouri,1390,2025-03-20 15:45:00,Cycling Shoes,1,537.13,590.843,53.713
6950,ROCHESTER,New York,3477,2025-03-24 15:21:00,Cycling Shoes,1,635.13,698.643,63.513
4634,MINNEAPOLIS,Minnesota,1158,2025-03-22 13:07:00,Cycling Shoes,1,537.13,590.843,53.713
3805,RICHMOND,Virginia,2536,2025-03-21 17:35:00,Cycling Shoes,1,587.93,646.723,58.793
6102,NEW ORLEANS,Louisiana,3862,2025-03-23 21:19:00,Cycling Shoes,1,517.53,569.283,51.753
7019,LOUISVILLE,Kentucky,18,2025-03-24 16:20:00,Cycling Shoes,1,537.13,590.843,53.713
6891,SEATTLE,Washington,5048,2025-03-24 14:27:00,Climbing Shoes,1,537.13,590.843,53.713
1753,MILWAUKEE,Wisconsin,2155,2025-03-19 18:24:00,Climbing Shoes,1,537.13,590.843,53.713
4375,DALLAS,Texas,2539,2025-03-22 10:12:00,Climbing Shoes,1,625.13,687.643,62.513
3574,SALT LAKE CITY,Utah,3565,2025-03-21 13:56:00,Climbing Shoes,1,682.33,750.563,68.233
4808,SEATTLE,Washington,5982,2025-03-22 15:34:00,Climbing Shoes,1,595.93,655.523,59.593
886,INDIANAPOLIS,Indiana,6017,2025-03-18 22:07:00,Climbing Shoes,1,527.13,579.843,52.713
3863,EL PASO,Texas,561,2025-03-21 18:35:00,Climbing Shoes,1,563.93,620.323,56.393
4336,PEORIA,Illinois,438,2025-03-22 09:48:00,Climbing Shoes,1,509.53,560.483,50.953
4448,DAYTON,Ohio,703,2025-03-22 10:59:00,Climbing Shoes,1,537.13,590.843,53.713
7118,SAVANNAH,Georgia,4617,2025-03-24 17:54:00,Climbing Shoes,1,527.33,580.063,52.733
2030,PALM BAY,Florida,2063,2025-03-19 23:47:00,Climbing Shoes,1,517.13,568.843,51.713
6004,SAN LUIS OBISPO,California,5454,2025-03-23 19:50:00,Climbing Shoes,1,517.13,568.843,51.713
1575,MILWAUKEE,Wisconsin,587,2025-03-19 16:12:00,Climbing Shoes,1,688.73,757.603,68.873
5489,FORT WORTH,Texas,256,2025-03-23 11:16:00,Climbing Shoes,1,501.53,551.683,50.153
84,JAMAICA,New York,747,2025-03-18 08:40:00,Climbing Shoes,1,527.13,579.843,52.713
6132,CHARLOTTE,North Carolina,5487,2025-03-23 21:44:00,Climbing Shoes,1,527.13,579.843,52.713
3535,SHREVEPORT,Louisiana,5862,2025-03-21 13:28:00,Climbing Shoes,1,613.13,674.443,61.313
3596,SAGINAW,Michigan,1094,2025-03-21 14:16:00,Climbing Shoes,1,613.13,674.443,61.313
576,VIRGINIA BEACH,Virginia,6488,2025-03-18 15:51:00,Climbing Shoes,1,635.13,698.643,63.513
1330,DALLAS,Texas,3245,2025-03-19 12:57:00,Climbing Shoes,1,537.13,590.843,53.713
4809,DAVENPORT,Iowa,2811,2025-03-22 15:34:00,Climbing Shoes,1,723.13,795.443,72.313
1421,SPRINGFIELD,Illinois,605,2025-03-19 14:04:00,Climbing Shoes,1,733.13,806.443,73.313
1071,DALLAS,Texas,6053,2025-03-19 09:54:00,Climbing Shoes,1,497.13,546.843,49.713
3088,BROOKLYN,New York,2210,2025-03-20 21:52:00,Climbing Shoes,1,578.33,636.163,57.833
5231,CHICAGO,Illinois,627,2025-03-22 22:25:00,Climbing Shoes,1,578.33,636.163,57.833
3275,SAN DIEGO,California,6049,2025-03-21 09:29:00,Climbing Shoes,1,610.33,671.363,61.033
4329,LOS ANGELES,California,6410,2025-03-22 09:44:00,Climbing Shoes,1,531.93,585.123,53.193
7051,HOUSTON,Texas,2095,2025-03-24 16:43:00,Climbing Shoes,1,531.93,585.123,53.193
770,NEWPORT BEACH,California,2111,2025-03-18 19:40:00,Climbing Shoes,1,566.53,623.183,56.653
3773,FORT PIERCE,Florida,2756,2025-03-21 16:58:00,Climbing Shoes,1,595.93,655.523,59.593
3207,LEXINGTON,Kentucky,4452,2025-03-21 03:19:00,Climbing Shoes,1,1221.53,1343.683,122.153
6428,MEMPHIS,Tennessee,5267,2025-03-24 09:34:00,Climbing Shoes,1,527.13,579.843,52.713
2168,PUEBLO,Colorado,2322,2025-03-20 09:48:00,Climbing Shoes,1,497.13,546.843,49.713
4105,DALLAS,Texas,815,2025-03-21 23:00:00,Climbing Shoes,1,563.93,620.323,56.393
4364,LAS VEGAS,Nevada,4331,2025-03-22 10:08:00,Climbing Shoes,1,720.73,792.803,72.073
5055,ROANOKE,Virginia,5471,2025-03-22 19:26:00,Climbing Shoes,1,531.93,585.123,53.193
6003,TYLER,Texas,2677,2025-03-23 19:49:00,Climbing Shoes,1,507.13,557.843,50.713
7172,COLUMBUS,Ohio,3361,2025-03-24 18:44:00,Climbing Shoes,1,497.13,546.843,49.713
746,ALBANY,Georgia,1490,2025-03-18 19:10:00,Climbing Shoes,1,537.13,590.843,53.713
6453,SAINT PETERSBURG,Florida,2207,2025-03-24 09:49:00,Climbing Shoes,1,635.13,698.643,63.513
6535,EL PASO,Texas,4708,2025-03-24 10:37:00,Climbing Shoes,1,497.13,546.843,49.713
145,ENGLEWOOD,Colorado,3952,2025-03-18 10:08:00,Climbing Shoes,1,517.13,568.843,51.713
4817,FORT LAUDERDALE,Florida,5309,2025-03-22 15:45:00,Climbing Shoes,1,497.13,546.843,49.713
6629,CHARLOTTE,North Carolina,5374,2025-03-24 11:35:00,Climbing Shoes,1,555.13,610.643,55.513
5456,LITTLETON,Colorado,5452,2025-03-23 10:22:00,Climbing Shoes,1,527.13,579.843,52.713
5075,BOSTON,Massachusetts,102,2025-03-22 19:40:00,Climbing Shoes,1,635.13,698.643,63.513
5716,MONTGOMERY,Alabama,6214,2025-03-23 14:45:00,Climbing Shoes,1,555.93,611.523,55.593
5509,PHILADELPHIA,Pennsylvania,786,2025-03-23 11:40:00,Climbing Shoes,1,683.13,751.443,68.313
1818,TYLER,Texas,778,2025-03-19 19:08:00,Climbing Shoes,1,497.13,546.843,49.713
2065,SACRAMENTO,California,4682,2025-03-20 04:49:00,Climbing Shoes,1,625.13,687.643,62.513
4920,CHARLESTON,South Carolina,2565,2025-03-22 17:10:00,Climbing Shoes,1,517.53,569.283,51.753
5634,ANDERSON,Indiana,341,2025-03-23 13:26:00,Climbing Shoes,1,811.13,892.243,81.113
1016,HIGH POINT,North Carolina,1679,2025-03-19 08:42:00,Climbing Shoes,1,497.13,546.843,49.713
1048,INGLEWOOD,California,5853,2025-03-19 09:24:00,Climbing Shoes,1,555.13,610.643,55.513
4692,ALEXANDRIA,Virginia,2300,2025-03-22 13:54:00,Climbing Shoes,1,497.13,546.843,49.713
6336,FAYETTEVILLE,North Carolina,4343,2025-03-24 08:29:00,Climbing Shoes,1,497.13,546.843,49.713
5226,LOUISVILLE,Kentucky,5188,2025-03-22 22:19:00,Climbing Shoes,1,485.53,534.083,48.553
4488,ALHAMBRA,California,650,2025-03-22 11:25:00,Climbing Shoes,1,537.13,590.843,53.713
5515,NEW YORK CITY,New York,1286,2025-03-23 11:43:00,Climbing Shoes,1,537.13,590.843,53.713
5811,CONROE,Texas,5461,2025-03-23 16:19:00,Climbing Shoes,1,537.13,590.843,53.713
2742,WEST PALM BEACH,Florida,2138,2025-03-20 17:22:00,Climbing Shoes,1,527.13,579.843,52.713
3297,LITTLETON,Colorado,1726,2025-03-21 09:52:00,Climbing Shoes,1,527.13,579.843,52.713
2802,ORLANDO,Florida,4182,2025-03-20 18:02:00,Climbing Shoes,1,509.53,560.483,50.953
587,NEW YORK CITY,New York,4125,2025-03-18 16:05:00,Climbing Shoes,1,537.13,590.843,53.713
5890,FORT WORTH,Texas,1720,2025-03-23 17:37:00,Climbing Shoes,1,537.13,590.843,53.713
4101,EL PASO,Texas,151,2025-03-21 22:57:00,Climbing Shoes,1,517.53,569.283,51.753
1650,INGLEWOOD,California,809,2025-03-19 16:54:00,Climbing Shoes,1,751.13,826.243,75.113
2003,HOUSTON,Texas,238,2025-03-19 22:49:00,Climbing Shoes,1,517.53,569.283,51.753
1929,HOLLYWOOD,Florida,1547,2025-03-19 21:09:00,Climbing Shoes,1,527.13,579.843,52.713
5924,INGLEWOOD,California,1758,2025-03-23 18:14:00,Climbing Shoes,1,527.13,579.843,52.713
567,LONG BEACH,California,4405,2025-03-18 15:44:00,Climbing Shoes,1,517.13,568.843,51.713
4912,FRESNO,California,2164,2025-03-22 17:04:00,Climbing Shoes,1,517.13,568.843,51.713
1148,EL PASO,Texas,6153,2025-03-19 10:52:00,Climbing Shoes,1,501.53,551.683,50.153
7066,MOBILE,Alabama,2478,2025-03-24 16:53:00,Climbing Shoes,1,517.13,568.843,51.713
3539,MANSFIELD,Ohio,2400,2025-03-21 13:34:00,Climbing Shoes,1,507.13,557.843,50.713
3008,SEMINOLE,Florida,6364,2025-03-20 20:56:00,Climbing Shoes,1,493.53,542.883,49.353
6515,SAN DIEGO,California,2779,2025-03-24 10:23:00,Climbing Shoes,1,563.93,620.323,56.393
2884,NORTH LAS VEGAS,Nevada,4661,2025-03-20 19:02:00,Climbing Shoes,1,507.13,557.843,50.713
4518,DULUTH,Minnesota,4871,2025-03-22 11:43:00,Climbing Shoes,1,507.13,557.843,50.713
4136,DURHAM,North Carolina,6071,2025-03-22 00:06:00,Climbing Shoes,1,493.53,542.883,49.353
4506,PORTLAND,Oregon,2080,2025-03-22 11:36:00,Climbing Shoes,1,517.13,568.843,51.713
2796,PATERSON,New Jersey,1947,2025-03-20 17:58:00,Climbing Shoes,1,563.93,620.323,56.393
5274,MADISON,Wisconsin,4816,2025-03-22 23:42:00,Climbing Shoes,1,539.93,593.923,53.993
2180,DALLAS,Texas,3815,2025-03-20 09:58:00,Climbing Shoes,1,653.13,718.443,65.313
22,WINTER HAVEN,Florida,81,2025-03-18 01:13:00,Climbing Shoes,1,493.53,542.883,49.353
2818,NEW YORK CITY,New York,235,2025-03-20 18:15:00,Climbing Shoes,1,555.93,611.523,55.593
5401,PITTSBURGH,Pennsylvania,2366,2025-03-23 09:33:00,Climbing Shoes,1,493.53,542.883,49.353
4180,WILMINGTON,Delaware,2195,2025-03-22 07:29:00,Climbing Shoes,1,497.13,546.843,49.713
1621,PENSACOLA,Florida,3611,2025-03-19 16:41:00,Climbing Shoes,1,497.13,546.843,49.713
215,PORTLAND,Oregon,4366,2025-03-18 10:58:00,Climbing Shoes,1,485.53,534.083,48.553
7406,BOWIE,Maryland,1343,2025-03-24 23:17:00,Climbing Shoes,1,485.53,534.083,48.553
676,SAINT PETERSBURG,Florida,4510,2025-03-18 17:25:00,Climbing Shoes,1,517.13,568.843,51.713
3879,PEORIA,Illinois,2921,2025-03-21 18:51:00,Climbing Shoes,1,555.93,611.523,55.593
438,AKRON,Ohio,645,2025-03-18 13:51:00,Climbing Shoes,1,537.13,590.843,53.713
7220,SIOUX FALLS,South Dakota,3839,2025-03-24 19:27:00,Climbing Shoes,1,537.13,590.843,53.713
3223,SANTA CLARA,California,3843,2025-03-21 07:39:00,Climbing Shoes,1,497.13,546.843,49.713
3949,RICHMOND,California,3830,2025-03-21 19:57:00,Climbing Shoes,1,539.93,593.923,53.993
1230,WASHINGTON,District of Columbia,2767,2025-03-19 11:48:00,Climbing Shoes,1,579.93,637.923,57.993
6689,SAGINAW,Michigan,5784,2025-03-24 12:09:00,Climbing Shoes,1,571.93,629.123,57.193
4776,DEARBORN,Michigan,1267,2025-03-22 15:09:00,Climbing Shoes,1,537.13,590.843,53.713
2886,SAN DIEGO,California,588,2025-03-20 19:04:00,Climbing Shoes,1,555.13,610.643,55.513
5245,CHARLESTON,West Virginia,1878,2025-03-22 22:46:00,Running Shoes,1,497.13,546.843,49.713
1762,PHOENIX,Arizona,4626,2025-03-19 18:32:00,Running Shoes,1,497.13,546.843,49.713
4264,SAN BERNARDINO,California,4806,2025-03-22 08:58:00,Running Shoes,1,537.13,590.843,53.713
7009,CORONA,California,6491,2025-03-24 16:15:00,Running Shoes,1,497.13,546.843,49.713
6244,FORT WORTH,Texas,4327,2025-03-24 01:26:00,Running Shoes,1,635.13,698.643,63.513
1958,TALLAHASSEE,Florida,1579,2025-03-19 21:52:00,Running Shoes,1,555.13,610.643,55.513
3341,SAINT PETERSBURG,Florida,5212,2025-03-21 10:36:00,Running Shoes,1,635.13,698.643,63.513
5701,ALBUQUERQUE,New Mexico,2041,2025-03-23 14:37:00,Running Shoes,1,485.53,534.083,48.553
6732,SEATTLE,Washington,4216,2025-03-24 12:41:00,Running Shoes,1,547.93,602.723,54.793
902,PHILADELPHIA,Pennsylvania,2651,2025-03-18 22:37:00,Running Shoes,1,539.93,593.923,53.993
3123,MESA,Arizona,1442,2025-03-20 22:41:00,Running Shoes,1,531.93,585.123,53.193
164,BAKERSFIELD,California,3182,2025-03-18 10:23:00,Running Shoes,1,527.13,579.843,52.713
4024,CHICAGO,Illinois,2127,2025-03-21 21:21:00,Running Shoes,1,507.13,557.843,50.713
2253,BIRMINGHAM,Alabama,2208,2025-03-20 11:04:00,Running Shoes,1,493.53,542.883,49.353
3091,WASHINGTON,District of Columbia,5662,2025-03-20 21:56:00,Running Shoes,1,563.93,620.323,56.393
2888,ODESSA,Texas,5030,2025-03-20 19:06:00,Running Shoes,1,493.53,542.883,49.353
7013,DALLAS,Texas,1125,2025-03-24 16:19:00,Running Shoes,1,563.93,620.323,56.393
3822,MIAMI,Florida,1579,2025-03-21 17:57:00,Running Shoes,1,615.13,676.643,61.513
4433,TACOMA,Washington,3428,2025-03-22 10:46:00,Running Shoes,1,517.53,569.283,51.753
336,SACRAMENTO,California,3118,2025-03-18 12:37:00,Running Shoes,1,497.13,546.843,49.713
1156,BEAUFORT,South Carolina,1278,2025-03-19 10:57:00,Running Shoes,1,527.13,579.843,52.713
4146,LAREDO,Texas,508,2025-03-22 00:35:00,Running Shoes,1,723.13,795.443,72.313
3148,LARGO,Florida,4911,2025-03-20 23:10:00,Running Shoes,1,587.93,646.723,58.793
4257,CHATTANOOGA,Tennessee,5624,2025-03-22 08:53:00,Running Shoes,1,509.53,560.483,50.953
2896,DETROIT,Michigan,5840,2025-03-20 19:11:00,Running Shoes,1,537.13,590.843,53.713
3193,WARREN,Ohio,1361,2025-03-21 01:40:00,Running Shoes,1,485.53,534.083,48.553
5512,EL PASO,Texas,775,2025-03-23 11:41:00,Running Shoes,1,531.93,585.123,53.193
4783,HOUSTON,Texas,1249,2025-03-22 15:17:00,Running Shoes,1,728.73,801.603,72.873
3154,MESA,Arizona,4111,2025-03-20 23:22:00,Running Shoes,1,605.13,665.643,60.513
3951,SEATTLE,Washington,4573,2025-03-21 20:00:00,Running Shoes,1,527.13,579.843,52.713
5021,OKLAHOMA CITY,Oklahoma,3689,2025-03-22 18:57:00,Running Shoes,1,527.13,579.843,52.713
5297,MONTGOMERY,Alabama,4338,2025-03-23 00:33:00,Running Shoes,1,527.13,579.843,52.713
6101,HOUSTON,Texas,753,2025-03-23 21:19:00,Running Shoes,1,625.13,687.643,62.513
6292,LEVITTOWN,Pennsylvania,3590,2025-03-24 07:32:00,Running Shoes,1,673.13,740.443,67.313
3798,JACKSON,Mississippi,4808,2025-03-21 17:23:00,Running Shoes,1,509.53,560.483,50.953
5264,SPRINGFIELD,Missouri,5432,2025-03-22 23:18:00,Running Shoes,1,587.93,646.723,58.793
6939,ROANOKE,Virginia,6356,2025-03-24 15:14:00,Running Shoes,1,527.13,579.843,52.713
4132,SHREVEPORT,Louisiana,36,2025-03-21 23:54:00,Running Shoes,1,517.53,569.283,51.753
3928,LOUISVILLE,Kentucky,5653,2025-03-21 19:35:00,Running Shoes,1,497.13,546.843,49.713
6374,LYNCHBURG,Virginia,6492,2025-03-24 08:58:00,Running Shoes,1,485.53,534.083,48.553
2922,HARTFORD,Connecticut,5479,2025-03-20 19:30:00,Running Shoes,1,615.13,676.643,61.513
2292,ALBUQUERQUE,New Mexico,3631,2025-03-20 11:32:00,Running Shoes,1,555.13,610.643,55.513
3737,LITTLE ROCK,Arkansas,2315,2025-03-21 16:23:00,Running Shoes,1,555.13,610.643,55.513
3933,LITTLE ROCK,Arkansas,2495,2025-03-21 19:37:00,Running Shoes,1,485.53,534.083,48.553
6899,SPRING,Texas,2823,2025-03-24 14:39:00,Running Shoes,1,531.93,585.123,53.193
1081,SAN DIEGO,California,5652,2025-03-19 10:00:00,Running Shoes,1,613.13,674.443,61.313
4217,TULSA,Oklahoma,4247,2025-03-22 08:22:00,Running Shoes,1,595.13,654.643,59.513
1535,LAS VEGAS,Nevada,711,2025-03-19 15:42:00,Running Shoes,1,531.93,585.123,53.193
3445,PORTLAND,Oregon,5273,2025-03-21 12:10:00,Running Shoes,1,485.53,534.083,48.553
2511,DECATUR,Georgia,2773,2025-03-20 14:30:00,Running Shoes,1,555.13,610.643,55.513
5128,GRAND RAPIDS,Michigan,4429,2025-03-22 20:28:00,Running Shoes,1,547.93,602.723,54.793
6610,MADISON,Wisconsin,2834,2025-03-24 11:22:00,Running Shoes,1,493.53,542.883,49.353
7000,SAN DIEGO,California,3233,2025-03-24 16:08:00,Running Shoes,1,555.13,610.643,55.513
2672,SAGINAW,Michigan,6444,2025-03-20 16:20:00,Running Shoes,1,537.13,590.843,53.713
2049,SAINT AUGUSTINE,Florida,4412,2025-03-20 01:04:00,Running Shoes,1,497.13,546.843,49.713
3730,AUSTIN,Texas,965,2025-03-21 16:18:00,Running Shoes,1,497.13,546.843,49.713
1466,TAMPA,Florida,3376,2025-03-19 14:49:00,Running Shoes,1,517.53,569.283,51.753
993,AUSTIN,Texas,3525,2025-03-19 07:50:00,Running Shoes,1,497.13,546.843,49.713
3188,AUSTIN,Texas,4572,2025-03-21 00:49:00,Running Shoes,1,497.13,546.843,49.713
7226,BALTIMORE,Maryland,5235,2025-03-24 19:32:00,Running Shoes,1,485.53,534.083,48.553
1665,COLORADO SPRINGS,Colorado,6275,2025-03-19 17:07:00,Running Shoes,1,595.13,654.643,59.513
3366,TYLER,Texas,2631,2025-03-21 10:50:00,Running Shoes,1,537.13,590.843,53.713
2996,CHICAGO,Illinois,1103,2025-03-20 20:39:00,Running Shoes,1,517.53,569.283,51.753
4505,SAINT LOUIS,Missouri,3587,2025-03-22 11:36:00,Running Shoes,1,635.13,698.643,63.513
4749,SAINT LOUIS,Missouri,3514,2025-03-22 14:46:00,Running Shoes,1,537.13,590.843,53.713
4770,LAKE WORTH,Florida,3015,2025-03-22 15:05:00,Running Shoes,1,509.53,560.483,50.953
6400,COLUMBUS,Georgia,5252,2025-03-24 09:14:00,Running Shoes,1,720.73,792.803,72.073
83,WORCESTER,Massachusetts,5458,2025-03-18 08:40:00,Running Shoes,1,527.13,579.843,52.713
244,CHARLESTON,West Virginia,426,2025-03-18 11:20:00,Running Shoes,1,509.53,560.483,50.953
4494,GARLAND,Texas,5794,2025-03-22 11:29:00,Running Shoes,1,571.93,629.123,57.193
2211,SARASOTA,Florida,5736,2025-03-20 10:22:00,Running Shoes,1,505.13,555.643,50.513
7204,TUCSON,Arizona,6134,2025-03-24 19:17:00,Running Shoes,1,527.13,579.843,52.713
7250,FRESNO,California,951,2025-03-24 19:59:00,Running Shoes,1,509.53,560.483,50.953
2309,LIMA,Ohio,3001,2025-03-20 11:42:00,Running Shoes,1,537.13,590.843,53.713
2542,SAINT PETERSBURG,Florida,5646,2025-03-20 14:51:00,Running Shoes,1,537.13,590.843,53.713
3271,SACRAMENTO,California,262,2025-03-21 09:10:00,Running Shoes,1,537.13,590.843,53.713
4599,NEW ORLEANS,Louisiana,3559,2025-03-22 12:43:00,Running Shoes,1,509.53,560.483,50.953
1059,MIAMI,Florida,1118,2025-03-19 09:35:00,Running Shoes,1,497.13,546.843,49.713
3194,HAYWARD,California,3883,2025-03-21 01:43:00,Running Shoes,1,497.13,546.843,49.713
2110,EL PASO,Texas,3671,2025-03-20 08:55:00,Running Shoes,1,635.13,698.643,63.513
2845,AUSTIN,Texas,1230,2025-03-20 18:35:00,Running Shoes,1,517.53,569.283,51.753
2288,FRANKFORT,Kentucky,824,2025-03-20 11:29:00,Running Shoes,1,527.13,579.843,52.713
4971,CORONA,California,1556,2025-03-22 18:05:00,Running Shoes,1,615.13,676.643,61.513
7154,MEMPHIS,Tennessee,5850,2025-03-24 18:21:00,Running Shoes,1,509.53,560.483,50.953
262,CINCINNATI,Ohio,5295,2025-03-18 11:31:00,Running Shoes,1,698.33,768.163,69.833
1856,SAN FRANCISCO,California,1730,2025-03-19 19:40:00,Running Shoes,1,501.53,551.683,50.153
2012,SEATTLE,Washington,4514,2025-03-19 23:19:00,Running Shoes,1,579.93,637.923,57.993
5429,LYNN,Massachusetts,1456,2025-03-23 09:57:00,Running Shoes,1,563.93,620.323,56.393
5881,CINCINNATI,Ohio,2642,2025-03-23 17:31:00,Running Shoes,1,501.53,551.683,50.153
200,TULSA,Oklahoma,6162,2025-03-18 10:46:00,Running Shoes,1,663.13,729.443,66.313
2291,CHICAGO,Illinois,5068,2025-03-20 11:31:00,Running Shoes,1,507.13,557.843,50.713
3878,ELMIRA,New York,3292,2025-03-21 18:49:00,Running Shoes,1,585.13,643.643,58.513
180,HOLLYWOOD,Florida,5050,2025-03-18 10:32:00,Running Shoes,1,493.53,542.883,49.353
2308,BOISE,Idaho,5350,2025-03-20 11:42:00,Running Shoes,1,493.53,542.883,49.353
5083,DALLAS,Texas,1167,2025-03-22 19:45:00,Running Shoes,1,493.53,542.883,49.353
1202,TERRE HAUTE,Indiana,5292,2025-03-19 11:31:00,Running Shoes,1,507.13,557.843,50.713
6524,CAMDEN,New Jersey,5600,2025-03-24 10:30:00,Running Shoes,1,507.13,557.843,50.713
5197,CLEARWATER,Florida,4964,2025-03-22 21:39:00,Running Shoes,1,563.93,620.323,56.393
3608,PATERSON,New Jersey,396,2025-03-21 14:23:00,Running Shoes,1,507.13,557.843,50.713
554,LAS VEGAS,Nevada,4329,2025-03-18 15:32:00,Running Shoes,1,493.53,542.883,49.353
3065,FORT SMITH,Arkansas,239,2025-03-20 21:34:00,Running Shoes,1,625.13,687.643,62.513
3956,FORT WORTH,Texas,1237,2025-03-21 20:03:00,Running Shoes,1,537.13,590.843,53.713
991,NEW YORK CITY,New York,5226,2025-03-19 07:42:00,Running Shoes,1,497.13,546.843,49.713
1442,HOUSTON,Texas,3247,2025-03-19 14:23:00,Running Shoes,1,555.13,610.643,55.513
5885,SAN FRANCISCO,California,233,2025-03-23 17:34:00,Running Shoes,1,497.13,546.843,49.713
4648,LOS ANGELES,California,263,2025-03-22 13:20:00,Running Shoes,1,537.13,590.843,53.713
6430,BOSTON,Massachusetts,5137,2025-03-24 09:35:00,Running Shoes,1,517.53,569.283,51.753
5733,SHREVEPORT,Louisiana,3568,2025-03-23 15:08:00,Running Shoes,1,488.43,537.273,48.843
864,MIAMI,Florida,75,2025-03-18 21:37:00,Running Shoes,1,497.13,546.843,49.713
1005,WASHINGTON,District of Columbia,4915,2025-03-19 08:23:00,Running Shoes,1,497.13,546.843,49.713
2263,HERNDON,Virginia,3795,2025-03-20 11:15:00,Running Shoes,1,497.13,546.843,49.713
1002,JAMAICA,New York,4780,2025-03-19 08:13:00,Running Shoes,1,497.13,546.843,49.713
1039,ALEXANDRIA,Virginia,2747,2025-03-19 09:15:00,Running Shoes,1,555.13,610.643,55.513
4831,WASHINGTON,District of Columbia,52,2025-03-22 16:01:00,Running Shoes,1,476.83,524.513,47.683
7397,CANTON,Ohio,3987,2025-03-24 23:08:00,Running Shoes,1,625.13,687.643,62.513
4226,WASHINGTON,District of Columbia,1286,2025-03-22 08:29:00,Running Shoes,1,537.13,590.843,53.713
4756,OKLAHOMA CITY,Oklahoma,5776,2025-03-22 14:53:00,Running Shoes,1,517.53,569.283,51.753
6381,DETROIT,Michigan,453,2025-03-24 09:02:00,Running Shoes,1,517.53,569.283,51.753
7197,COLORADO SPRINGS,Colorado,5950,2025-03-24 19:13:00,Running Shoes,1,537.13,590.843,53.713
3474,SHREVEPORT,Louisiana,2175,2025-03-21 12:32:00,Running Shoes,1,522.43,574.673,52.243
3792,WICHITA,Kansas,1660,2025-03-21 17:17:00,Running Shoes,1,693.13,762.443,69.313
678,CONROE,Texas,63,2025-03-18 17:27:00,Running Shoes,1,683.13,751.443,68.313
6574,SAN JOSE,California,1729,2025-03-24 11:03:00,Running Shoes,1,517.53,569.283,51.753
4015,IOWA CITY,Iowa,4838,2025-03-21 21:06:00,Running Shoes,1,517.13,568.843,51.713
6117,ROANOKE,Virginia,1473,2025-03-23 21:35:00,Running Shoes,1,595.93,655.523,59.593
5699,WASHINGTON,District of Columbia,2759,2025-03-23 14:35:00,Running Shoes,1,517.53,569.283,51.753
3997,MINNEAPOLIS,Minnesota,4551,2025-03-21 20:44:00,Running Shoes,1,517.13,568.843,51.713
295,GRAND FORKS,North Dakota,3429,2025-03-18 11:55:00,Running Shoes,1,509.53,560.483,50.953
5405,BROOKLYN,New York,3479,2025-03-23 09:35:00,Running Shoes,1,509.53,560.483,50.953
1794,NEW YORK CITY,New York,196,2025-03-19 18:52:00,Running Shoes,1,595.93,655.523,59.593
1906,JACKSON,Mississippi,1277,2025-03-19 20:37:00,Running Shoes,1,635.13,698.643,63.513
2233,BALTIMORE,Maryland,2327,2025-03-20 10:44:00,Running Shoes,1,537.13,590.843,53.713
4686,TULSA,Oklahoma,4500,2025-03-22 13:48:00,Running Shoes,1,635.13,698.643,63.513
1736,CHARLOTTESVILLE,Virginia,825,2025-03-19 18:08:00,Running Shoes,1,517.53,569.283,51.753
1228,TOPEKA,Kansas,1801,2025-03-19 11:47:00,Running Shoes,1,517.53,569.283,51.753
650,LEES SUMMIT,Missouri,3726,2025-03-18 16:55:00,Running Shoes,1,571.93,629.123,57.193
6091,CLEVELAND,Ohio,3670,2025-03-23 21:12:00,Running Shoes,1,595.13,654.643,59.513
5200,JACKSONVILLE,Florida,2218,2025-03-22 21:43:00,Running Shoes,1,547.93,602.723,54.793
6087,NEW YORK CITY,New York,890,2025-03-23 21:08:00,Running Shoes,1,579.93,637.923,57.993
7025,ORLANDO,Florida,5488,2025-03-24 16:25:00,Running Shoes,1,615.13,676.643,61.513
1414,HOUSTON,Texas,4009,2025-03-19 13:57:00,Running Shoes,1,485.53,534.083,48.553
2434,LAS VEGAS,Nevada,2288,2025-03-20 13:22:00,Running Shoes,1,563.93,620.323,56.393
5658,EL PASO,Texas,3654,2025-03-23 13:50:00,Running Shoes,1,485.53,534.083,48.553
1797,DENVER,Colorado,2121,2025-03-19 18:53:00,Running Shoes,1,517.53,569.283,51.753
363,MIAMI,Florida,1097,2025-03-18 13:01:00,Running Shoes,1,537.13,590.843,53.713
2850,SCOTTSDALE,Arizona,2016,2025-03-20 18:40:00,Running Shoes,1,531.93,585.123,53.193
6280,BOYNTON BEACH,Florida,5417,2025-03-24 06:59:00,Running Shoes,1,531.93,585.123,53.193
3178,NEW YORK CITY,New York,6207,2025-03-21 00:20:00,Running Shoes,1,537.13,590.843,53.713
760,NEW YORK CITY,New York,3810,2025-03-18 19:21:00,Running Shoes,1,595.93,655.523,59.593
1836,CINCINNATI,Ohio,399,2025-03-19 19:23:00,Running Shoes,1,517.53,569.283,51.753
5539,LAS VEGAS,Nevada,129,2025-03-23 12:11:00,Running Shoes,1,497.13,546.843,49.713
2814,MELBOURNE,Florida,3930,2025-03-20 18:13:00,Running Shoes,1,537.13,590.843,53.713
3408,RENO,Nevada,426,2025-03-21 11:26:00,Running Shoes,1,527.13,579.843,52.713
3853,PITTSBURGH,Pennsylvania,554,2025-03-21 18:28:00,Running Shoes,1,893.53,982.883,89.353
2920,LANSING,Michigan,6260,2025-03-20 19:27:00,Running Shoes,1,497.13,546.843,49.713
4119,HOUSTON,Texas,4172,2025-03-21 23:24:00,Running Shoes,1,595.13,654.643,59.513
956,ROCHESTER,New York,2802,2025-03-19 00:37:00,Running Shoes,1,507.13,557.843,50.713
4789,SPRINGFIELD,Missouri,3671,2025-03-22 15:19:00,Running Shoes,1,497.13,546.843,49.713
4631,ORLANDO,Florida,4641,2025-03-22 13:04:00,Running Shoes,1,635.13,698.643,63.513
1152,HUNTINGTON,West Virginia,1701,2025-03-19 10:54:00,Running Shoes,1,517.53,569.283,51.753
2883,DES MOINES,Iowa,5885,2025-03-20 19:02:00,Running Shoes,1,507.13,557.843,50.713
6663,TUCSON,Arizona,409,2025-03-24 11:55:00,Running Shoes,1,507.13,557.843,50.713
3573,HOUSTON,Texas,5320,2025-03-21 13:55:00,Running Shoes,1,527.13,579.843,52.713
1360,APACHE JUNCTION,Arizona,485,2025-03-19 13:22:00,Running Shoes,1,733.13,806.443,73.313
5689,BUFFALO,New York,4811,2025-03-23 14:25:00,Running Shoes,1,517.53,569.283,51.753
6768,DAVENPORT,Iowa,1603,2025-03-24 13:04:00,Running Shoes,1,563.93,620.323,56.393
2852,GRAND RAPIDS,Michigan,2587,2025-03-20 18:41:00,Running Shoes,1,652.13,717.343,65.213
3746,MOBILE,Alabama,4501,2025-03-21 16:37:00,Running Shoes,1,527.13,579.843,52.713
5964,FAIRFIELD,Connecticut,2822,2025-03-23 19:06:00,Running Shoes,1,605.13,665.643,60.513
3370,WATERBURY,Connecticut,2859,2025-03-21 10:54:00,Running Shoes,1,537.13,590.843,53.713
1814,ATLANTA,Georgia,1167,2025-03-19 19:06:00,Running Shoes,1,650.33,715.363,65.033
629,GILBERT,Arizona,4523,2025-03-18 16:33:00,Running Shoes,1,505.13,555.643,50.513
1589,WHITE PLAINS,New York,5374,2025-03-19 16:21:00,Running Shoes,1,497.13,546.843,49.713
2976,NEW HAVEN,Connecticut,1463,2025-03-20 20:25:00,Running Shoes,1,537.13,590.843,53.713
2836,PHOENIX,Arizona,2179,2025-03-20 18:31:00,Running Shoes,1,517.53,569.283,51.753
992,FARGO,North Dakota,4452,2025-03-19 07:43:00,Running Shoes,1,527.13,579.843,52.713
1886,POMONA,California,3086,2025-03-19 20:12:00,Running Shoes,1,527.13,579.843,52.713
3832,CORPUS CHRISTI,Texas,1786,2025-03-21 18:05:00,Running Shoes,1,527.13,579.843,52.713
4458,BROCKTON,Massachusetts,5111,2025-03-22 11:04:00,Running Shoes,1,527.13,579.843,52.713
6127,HUNTINGTON,West Virginia,4038,2025-03-23 21:40:00,Running Shoes,1,509.53,560.483,50.953
7306,NEW ORLEANS,Louisiana,1618,2025-03-24 20:51:00,Running Shoes,1,635.13,698.643,63.513
698,READING,Pennsylvania,488,2025-03-18 17:47:00,Running Shoes,1,625.13,687.643,62.513
860,GRAND RAPIDS,Michigan,2634,2025-03-18 21:31:00,Running Shoes,1,527.13,579.843,52.713
2297,JACKSONVILLE,Florida,419,2025-03-20 11:35:00,Running Shoes,1,527.13,579.843,52.713
4619,MORGANTOWN,West Virginia,5397,2025-03-22 12:57:00,Running Shoes,1,527.13,579.843,52.713
5426,BRONX,New York,5931,2025-03-23 09:55:00,Running Shoes,1,509.53,560.483,50.953
6394,CLEARWATER,Florida,4505,2025-03-24 09:11:00,Running Shoes,1,579.93,637.923,57.993
2947,OKLAHOMA CITY,Oklahoma,4528,2025-03-20 19:55:00,Running Shoes,1,560.03,616.033,56.003
7092,JACKSONVILLE,Florida,5164,2025-03-24 17:22:00,Running Shoes,1,509.53,560.483,50.953
5614,ATHENS,Georgia,4470,2025-03-23 13:11:00,Running Shoes,1,537.13,590.843,53.713
573,CHARLOTTE,North Carolina,4408,2025-03-18 15:48:00,Running Shoes,1,517.53,569.283,51.753
1062,JACKSONVILLE,Florida,4393,2025-03-19 09:38:00,Running Shoes,1,537.13,590.843,53.713
2170,LANCASTER,Pennsylvania,6296,2025-03-20 09:49:00,Running Shoes,1,517.53,569.283,51.753
7046,CHARLOTTE,North Carolina,3296,2025-03-24 16:41:00,Running Shoes,1,595.93,655.523,59.593
5479,KINGSPORT,Tennessee,2434,2025-03-23 11:04:00,Running Shoes,1,517.53,569.283,51.753
2631,MAPLE PLAIN,Minnesota,5154,2025-03-20 15:46:00,Running Shoes,1,517.13,568.843,51.713
4318,HOUSTON,Texas,5768,2025-03-22 09:39:00,Running Shoes,1,605.13,665.643,60.513
2651,WASHINGTON,District of Columbia,3833,2025-03-20 16:03:00,Running Shoes,1,501.53,551.683,50.153
3935,GRAND RAPIDS,Michigan,117,2025-03-21 19:39:00,Running Shoes,1,501.53,551.683,50.153
7237,PEORIA,Illinois,3897,2025-03-24 19:41:00,Running Shoes,1,579.93,637.923,57.993
789,HOUSTON,Texas,2214,2025-03-18 20:07:00,Running Shoes,1,595.13,654.643,59.513
1403,OCEANSIDE,California,5373,2025-03-19 13:45:00,Running Shoes,1,555.93,611.523,55.593
5959,SEMINOLE,Florida,4198,2025-03-23 19:00:00,Running Shoes,1,531.93,585.123,53.193
949,ALPHARETTA,Georgia,2503,2025-03-19 00:03:00,Running Shoes,1,497.13,546.843,49.713
1058,WORCESTER,Massachusetts,2762,2025-03-19 09:35:00,Running Shoes,1,531.93,585.123,53.193
5250,TACOMA,Washington,5900,2025-03-22 22:54:00,Running Shoes,1,485.53,534.083,48.553
7301,EL PASO,Texas,5950,2025-03-24 20:44:00,Running Shoes,1,555.93,611.523,55.593
3340,BOSTON,Massachusetts,86,2025-03-21 10:35:00,Running Shoes,1,555.13,610.643,55.513
3718,WASHINGTON,District of Columbia,3599,2025-03-21 16:13:00,Running Shoes,1,555.13,610.643,55.513
4184,LAS VEGAS,Nevada,3585,2025-03-22 07:35:00,Running Shoes,1,497.13,546.843,49.713
2458,TAMPA,Florida,3902,2025-03-20 13:46:00,Running Shoes,1,488.43,537.273,48.843
1859,MONTICELLO,Minnesota,1080,2025-03-19 19:41:00,Running Shoes,1,497.13,546.843,49.713
2071,SPRINGFIELD,Massachusetts,4142,2025-03-20 07:32:00,Running Shoes,1,497.13,546.843,49.713
6527,SALT LAKE CITY,Utah,3076,2025-03-24 10:31:00,Running Shoes,1,497.13,546.843,49.713
6107,DETROIT,Michigan,3981,2025-03-23 21:24:00,Running Shoes,1,531.93,585.123,53.193
7215,MOBILE,Alabama,5137,2025-03-24 19:25:00,Running Shoes,1,635.13,698.643,63.513
552,GLENDALE,California,1790,2025-03-18 15:31:00,Running Shoes,1,537.13,590.843,53.713
1407,BOSTON,Massachusetts,3790,2025-03-19 13:50:00,Running Shoes,1,517.53,569.283,51.753
5892,STOCKTON,California,5235,2025-03-23 17:40:00,Running Shoes,1,728.73,801.603,72.873
1964,CONCORD,California,4381,2025-03-19 21:55:00,Running Shoes,1,517.53,569.283,51.753
4690,ATLANTA,Georgia,4177,2025-03-22 13:52:00,Running Shoes,1,517.53,569.283,51.753
4650,DENVER,Colorado,5734,2025-03-22 13:22:00,Running Shoes,1,531.93,585.123,53.193
3236,AUSTIN,Texas,1962,2025-03-21 08:11:00,Running Shoes,1,537.13,590.843,53.713
2108,SAVANNAH,Georgia,2689,2025-03-20 08:55:00,Running Shoes,1,585.13,643.643,58.513
560,HARRISBURG,Pennsylvania,5784,2025-03-18 15:36:00,Running Shoes,1,537.13,590.843,53.713
962,TYLER,Texas,6417,2025-03-19 01:18:00,Running Shoes,1,595.93,655.523,59.593
5806,JOHNSON CITY,Tennessee,5425,2025-03-23 16:15:00,Running Shoes,1,595.93,655.523,59.593
4287,DETROIT,Michigan,6261,2025-03-22 09:20:00,Running Shoes,1,625.13,687.643,62.513
7375,SYRACUSE,New York,1868,2025-03-24 22:25:00,Running Shoes,1,537.13,590.843,53.713
6969,MEMPHIS,Tennessee,2517,2025-03-24 15:40:00,Running Shoes,1,517.53,569.283,51.753
1310,SAN JOSE,California,5784,2025-03-19 12:41:00,Running Shoes,1,497.13,546.843,49.713
618,KANSAS CITY,Kansas,4029,2025-03-18 16:25:00,Running Shoes,1,485.53,534.083,48.553
2452,COLORADO SPRINGS,Colorado,3676,2025-03-20 13:39:00,Running Shoes,1,527.13,579.843,52.713
783,EL PASO,Texas,3901,2025-03-18 20:00:00,Running Shoes,1,517.53,569.283,51.753
353,TULSA,Oklahoma,1946,2025-03-18 12:53:00,Running Shoes,1,625.13,687.643,62.513
2310,ORLANDO,Florida,3401,2025-03-20 11:43:00,Running Shoes,1,537.13,590.843,53.713
2622,PORTSMOUTH,Virginia,1575,2025-03-20 15:41:00,Running Shoes,1,635.13,698.643,63.513
531,RICHMOND,Virginia,5490,2025-03-18 15:10:00,Running Shoes,1,522.43,574.673,52.243
686,DANBURY,Connecticut,2395,2025-03-18 17:31:00,Running Shoes,1,517.53,569.283,51.753
7125,SAN FRANCISCO,California,1680,2025-03-24 17:59:00,Running Shoes,1,635.13,698.643,63.513
1780,LYNCHBURG,Virginia,6392,2025-03-19 18:43:00,Running Shoes,1,693.13,762.443,69.313
5946,MADISON,Wisconsin,5269,2025-03-23 18:44:00,Running Shoes,1,585.13,643.643,58.513
7209,WILKES BARRE,Pennsylvania,6079,2025-03-24 19:21:00,Running Shoes,1,517.13,568.843,51.713
1303,CEDAR RAPIDS,Iowa,4959,2025-03-19 12:37:00,Running Shoes,1,509.53,560.483,50.953
951,LEXINGTON,Kentucky,4442,2025-03-19 00:12:00,Running Shoes,1,693.13,762.443,69.313
6074,SPRINGFIELD,Missouri,6198,2025-03-23 20:58:00,Running Shoes,1,587.93,646.723,58.793
6919,HOUSTON,Texas,5501,2025-03-24 14:55:00,Running Shoes,1,713.13,784.443,71.313
4623,SPRINGFIELD,Massachusetts,1321,2025-03-22 12:59:00,Running Shoes,1,537.13,590.843,53.713
1337,TAMPA,Florida,664,2025-03-19 13:03:00,Running Shoes,1,537.13,590.843,53.713
5310,DENTON,Texas,4823,2025-03-23 01:56:00,Running Shoes,1,517.53,569.283,51.753
1378,WATERTOWN,Massachusetts,1462,2025-03-19 13:33:00,Running Shoes,1,537.13,590.843,53.713
6750,PHOENIX,Arizona,300,2025-03-24 12:53:00,Running Shoes,1,527.13,579.843,52.713
266,SHAWNEE MISSION,Kansas,3134,2025-03-18 11:36:00,Running Shoes,1,527.13,579.843,52.713
264,LONDON,Kentucky,5698,2025-03-18 11:32:00,Running Shoes,1,485.53,534.083,48.553
2005,SAINT LOUIS,Missouri,3135,2025-03-19 22:52:00,Running Shoes,1,485.53,534.083,48.553
6104,SAN FRANCISCO,California,1591,2025-03-23 21:22:00,Running Shoes,1,509.53,560.483,50.953
5156,BUFFALO,New York,2109,2025-03-22 20:51:00,Running Shoes,1,537.13,590.843,53.713
627,MIAMI,Florida,5489,2025-03-18 16:32:00,Running Shoes,1,483.13,531.443,48.313
1289,WEST PALM BEACH,Florida,2948,2025-03-19 12:26:00,Running Shoes,1,537.13,590.843,53.713
4269,WHITE PLAINS,New York,4483,2025-03-22 09:00:00,Running Shoes,1,723.13,795.443,72.313
4667,AUSTIN,Texas,1360,2025-03-22 13:37:00,Running Shoes,1,505.13,555.643,50.513
5396,SEATTLE,Washington,4326,2025-03-23 09:29:00,Running Shoes,1,537.13,590.843,53.713
150,YORK,Pennsylvania,3445,2025-03-18 10:11:00,Running Shoes,1,537.13,590.843,53.713
6946,HARRISBURG,Pennsylvania,341,2025-03-24 15:18:00,Running Shoes,1,723.13,795.443,72.313
2061,NEWARK,New Jersey,2325,2025-03-20 02:42:00,Running Shoes,1,497.13,546.843,49.713
5995,HARRISBURG,Pennsylvania,1289,2025-03-23 19:43:00,Running Shoes,1,650.33,715.363,65.033
5813,NEWARK,New Jersey,2342,2025-03-23 16:20:00,Running Shoes,1,635.13,698.643,63.513
24,DALLAS,Texas,1888,2025-03-18 01:26:00,Running Shoes,1,555.13,610.643,55.513
2834,PHILADELPHIA,Pennsylvania,3660,2025-03-20 18:30:00,Running Shoes,1,527.13,579.843,52.713
7335,DULUTH,Minnesota,5675,2025-03-24 21:31:00,Running Shoes,1,485.53,534.083,48.553
697,CORPUS CHRISTI,Texas,3216,2025-03-18 17:45:00,Running Shoes,1,527.13,579.843,52.713
6397,NEW HAVEN,Connecticut,1644,2025-03-24 09:13:00,Running Shoes,1,537.13,590.843,53.713
5299,HAGERSTOWN,Maryland,4691,2025-03-23 00:45:00,Running Shoes,1,517.53,569.283,51.753
7189,MILWAUKEE,Wisconsin,955,2025-03-24 19:03:00,Running Shoes,1,517.53,569.283,51.753
4362,ATLANTA,Georgia,4086,2025-03-22 10:07:00,Running Shoes,1,625.13,687.643,62.513
6550,SAN JOSE,California,4060,2025-03-24 10:44:00,Running Shoes,1,509.53,560.483,50.953
6516,KANSAS CITY,Kansas,5602,2025-03-24 10:24:00,Running Shoes,1,517.53,569.283,51.753
2378,OMAHA,Nebraska,3796,2025-03-20 12:35:00,Running Shoes,1,537.13,590.843,53.713
2724,NASHVILLE,Tennessee,3624,2025-03-20 17:14:00,Running Shoes,1,615.13,676.643,61.513
6733,ROCHESTER,New York,1399,2025-03-24 12:42:00,Running Shoes,1,537.13,590.843,53.713
279,BEAUFORT,South Carolina,1389,2025-03-18 11:46:00,Running Shoes,1,517.53,569.283,51.753
6075,FULLERTON,California,946,2025-03-23 20:59:00,Running Shoes,1,595.93,655.523,59.593
6046,PHOENIX,Arizona,1633,2025-03-23 20:38:00,Running Shoes,1,517.13,568.843,51.713
2701,TAMPA,Florida,5538,2025-03-20 16:51:00,Running Shoes,1,493.53,542.883,49.353
5996,FRESNO,California,6246,2025-03-23 19:45:00,Running Shoes,1,680.73,748.803,68.073
1548,DAYTON,Ohio,3120,2025-03-19 15:54:00,Running Shoes,1,501.53,551.683,50.153
5870,MACON,Georgia,4305,2025-03-23 17:19:00,Running Shoes,1,547.93,602.723,54.793
6938,LAFAYETTE,Indiana,5794,2025-03-24 15:14:00,Running Shoes,1,497.13,546.843,49.713
3797,POMPANO BEACH,Florida,1680,2025-03-21 17:22:00,Running Shoes,1,527.13,579.843,52.713
5177,LITTLETON,Colorado,4959,2025-03-22 21:17:00,Running Shoes,1,537.13,590.843,53.713
5685,SYRACUSE,New York,2448,2025-03-23 14:19:00,Running Shoes,1,497.13,546.843,49.713
6099,BIRMINGHAM,Alabama,1853,2025-03-23 21:17:00,Running Shoes,1,635.13,698.643,63.513
3086,HARTFORD,Connecticut,5683,2025-03-20 21:51:00,Running Shoes,1,595.93,655.523,59.593
1329,AKRON,Ohio,5012,2025-03-19 12:56:00,Running Shoes,1,659.63,725.593,65.963
6699,PHILADELPHIA,Pennsylvania,4871,2025-03-24 12:16:00,Running Shoes,1,615.13,676.643,61.513
2627,BIRMINGHAM,Alabama,4211,2025-03-20 15:45:00,Running Shoes,1,485.53,534.083,48.553
5565,PITTSBURGH,Pennsylvania,5438,2025-03-23 12:28:00,Running Shoes,1,497.13,546.843,49.713
7085,JACKSONVILLE,Florida,792,2025-03-24 17:15:00,Running Shoes,1,497.13,546.843,49.713
2940,DAYTONA BEACH,Florida,2872,2025-03-20 19:45:00,Running Shoes,1,571.93,629.123,57.193
3937,ALBUQUERQUE,New Mexico,3808,2025-03-21 19:40:00,Running Shoes,1,493.53,542.883,49.353
2351,NEW YORK CITY,New York,2642,2025-03-20 12:15:00,Running Shoes,1,517.53,569.283,51.753
1075,CINCINNATI,Ohio,2826,2025-03-19 09:56:00,Running Shoes,1,635.13,698.643,63.513
4306,EL PASO,Texas,1995,2025-03-22 09:31:00,Running Shoes,1,587.93,646.723,58.793
6552,PATERSON,New Jersey,2839,2025-03-24 10:45:00,Running Shoes,1,571.93,629.123,57.193
5580,LOUISVILLE,Kentucky,752,2025-03-23 12:40:00,Running Shoes,1,517.53,569.283,51.753
3771,CARSON CITY,Nevada,630,2025-03-21 16:55:00,Running Shoes,1,507.13,557.843,50.713
1883,MERIDIAN,Mississippi,184,2025-03-19 20:10:00,Running Shoes,1,507.13,557.843,50.713
4934,CHICAGO,Illinois,6386,2025-03-22 17:22:00,Running Shoes,1,497.13,546.843,49.713
5433,LAS VEGAS,Nevada,2247,2025-03-23 10:02:00,Running Shoes,1,485.53,534.083,48.553
7203,PHILADELPHIA,Pennsylvania,2743,2025-03-24 19:17:00,Running Shoes,1,497.13,546.843,49.713
755,SAVANNAH,Georgia,3060,2025-03-18 19:18:00,Running Shoes,1,497.13,546.843,49.713
4419,LAS CRUCES,New Mexico,251,2025-03-22 10:39:00,Running Shoes,1,537.13,590.843,53.713
7102,NEW ORLEANS,Louisiana,2043,2025-03-24 17:36:00,Running Shoes,1,497.13,546.843,49.713
5085,LEXINGTON,Kentucky,5773,2025-03-22 19:49:00,Running Shoes,1,509.53,560.483,50.953
7039,MADISON,Wisconsin,6313,2025-03-24 16:37:00,Running Shoes,1,497.13,546.843,49.713
3121,DES MOINES,Iowa,2404,2025-03-20 22:39:00,Running Shoes,1,537.13,590.843,53.713
663,PENSACOLA,Florida,5247,2025-03-18 17:10:00,Running Shoes,1,517.13,568.843,51.713
6054,READING,Pennsylvania,5833,2025-03-23 20:47:00,Running Shoes,1,595.93,655.523,59.593
3766,ELIZABETH,New Jersey,5977,2025-03-21 16:50:00,Running Shoes,1,537.13,590.843,53.713
5520,RESTON,Virginia,2557,2025-03-23 11:48:00,Running Shoes,1,509.53,560.483,50.953
4848,SANTA CLARA,California,4059,2025-03-22 16:11:00,Running Shoes,1,485.53,534.083,48.553
6848,OAKLAND,California,5470,2025-03-24 14:01:00,Running Shoes,1,563.93,620.323,56.393
4190,PEORIA,Illinois,6286,2025-03-22 07:48:00,Running Shoes,1,587.93,646.723,58.793
887,MIAMI,Florida,386,2025-03-18 22:09:00,Running Shoes,1,537.13,590.843,53.713
2376,WASHINGTON,District of Columbia,3496,2025-03-20 12:33:00,Running Shoes,1,723.13,795.443,72.313
4558,DAYTON,Ohio,3203,2025-03-22 12:15:00,Running Shoes,1,537.13,590.843,53.713
6386,MOUNT VERNON,New York,4432,2025-03-24 09:06:00,Running Shoes,1,512.63,563.893,51.263
2822,HUNTSVILLE,Alabama,5091,2025-03-20 18:17:00,Running Shoes,1,635.13,698.643,63.513
6246,COLUMBIA,South Carolina,3940,2025-03-24 01:35:00,Running Shoes,1,1009.13,1110.043,100.913
707,UTICA,New York,1978,2025-03-18 17:57:00,Running Shoes,1,517.53,569.283,51.753
6543,ARLINGTON,Virginia,4145,2025-03-24 10:40:00,Running Shoes,1,587.93,646.723,58.793
758,WASHINGTON,District of Columbia,2238,2025-03-18 19:19:00,Running Shoes,1,527.13,579.843,52.713
108,DETROIT,Michigan,3535,2025-03-18 09:27:00,Running Shoes,1,537.13,590.843,53.713
3073,RICHMOND,Virginia,6234,2025-03-20 21:41:00,Running Shoes,1,595.13,654.643,59.513
2609,NORTH PORT,Florida,468,2025-03-20 15:33:00,Running Shoes,1,537.13,590.843,53.713
1008,LAS VEGAS,Nevada,2002,2025-03-19 08:32:00,Running Shoes,1,517.53,569.283,51.753
1708,PUEBLO,Colorado,365,2025-03-19 17:48:00,Running Shoes,1,565.13,621.643,56.513
4471,SAN DIEGO,California,3829,2025-03-22 11:14:00,Running Shoes,1,733.13,806.443,73.313
4708,TUCSON,Arizona,328,2025-03-22 14:10:00,Running Shoes,1,635.13,698.643,63.513
5600,RESTON,Virginia,4128,2025-03-23 13:01:00,Running Shoes,1,595.93,655.523,59.593
7091,DALLAS,Texas,1944,2025-03-24 17:21:00,Running Shoes,1,625.13,687.643,62.513
1668,MINNEAPOLIS,Minnesota,3382,2025-03-19 17:09:00,Running Shoes,1,537.13,590.843,53.713
5842,WARREN,Ohio,5403,2025-03-23 16:52:00,Running Shoes,1,537.13,590.843,53.713
6077,NEW ORLEANS,Louisiana,961,2025-03-23 21:00:00,Running Shoes,1,663.13,729.443,66.313
1577,DES MOINES,Iowa,353,2025-03-19 16:13:00,Climbing Shoes,1,517.53,569.283,51.753
6335,CINCINNATI,Ohio,5713,2025-03-24 08:27:00,Climbing Shoes,1,517.53,569.283,51.753
6903,RICHMOND,Virginia,4837,2025-03-24 14:40:00,Climbing Shoes,1,537.13,590.843,53.713
914,NEW ORLEANS,Louisiana,2310,2025-03-18 22:58:00,Climbing Shoes,1,497.13,546.843,49.713
6391,PASADENA,California,5403,2025-03-24 09:10:00,Climbing Shoes,1,539.93,593.923,53.993
6979,HUNTINGTON,West Virginia,5914,2025-03-24 15:47:00,Climbing Shoes,1,485.53,534.083,48.553
239,SAN FRANCISCO,California,5436,2025-03-18 11:16:00,Climbing Shoes,1,537.13,590.843,53.713
271,SACRAMENTO,California,2908,2025-03-18 11:38:00,Climbing Shoes,1,537.13,590.843,53.713
5749,DAYTON,Ohio,4868,2025-03-23 15:20:00,Climbing Shoes,1,635.13,698.643,63.513
2235,NEW YORK CITY,New York,1067,2025-03-20 10:45:00,Climbing Shoes,1,509.53,560.483,50.953
2864,ROANOKE,Virginia,3902,2025-03-20 18:49:00,Climbing Shoes,1,509.53,560.483,50.953
2385,KNOXVILLE,Tennessee,527,2025-03-20 12:42:00,Climbing Shoes,1,537.13,590.843,53.713
4110,SANTA BARBARA,California,5103,2025-03-21 23:12:00,Climbing Shoes,1,635.13,698.643,63.513
6731,AURORA,Illinois,5768,2025-03-24 12:39:00,Climbing Shoes,1,537.13,590.843,53.713
257,SAINT PETERSBURG,Florida,5475,2025-03-18 11:24:00,Climbing Shoes,1,595.93,655.523,59.593
1078,ARVADA,Colorado,2440,2025-03-19 09:59:00,Climbing Shoes,1,517.53,569.283,51.753
3447,WASHINGTON,District of Columbia,859,2025-03-21 12:12:00,Climbing Shoes,1,587.93,646.723,58.793
7191,HOUSTON,Texas,4021,2025-03-24 19:05:00,Climbing Shoes,1,635.13,698.643,63.513
393,MOBILE,Alabama,3861,2025-03-18 13:17:00,Climbing Shoes,1,527.13,579.843,52.713
3765,MEMPHIS,Tennessee,526,2025-03-21 16:50:00,Climbing Shoes,1,527.13,579.843,52.713
3683,CHARLOTTE,North Carolina,238,2025-03-21 15:42:00,Climbing Shoes,1,509.53,560.483,50.953
6961,PORTSMOUTH,Virginia,541,2025-03-24 15:34:00,Climbing Shoes,1,509.53,560.483,50.953
4849,SPRINGFIELD,Illinois,2040,2025-03-22 16:11:00,Climbing Shoes,1,733.13,806.443,73.313
3662,SYRACUSE,New York,3737,2025-03-21 15:21:00,Climbing Shoes,1,537.13,590.843,53.713
5119,OKLAHOMA CITY,Oklahoma,2775,2025-03-22 20:22:00,Climbing Shoes,1,537.13,590.843,53.713
6268,NEW ORLEANS,Louisiana,6145,2025-03-24 06:12:00,Climbing Shoes,1,733.13,806.443,73.313
3558,CLEVELAND,Ohio,644,2025-03-21 13:44:00,Climbing Shoes,1,595.93,655.523,59.593
6012,PORTSMOUTH,New Hampshire,3424,2025-03-23 20:00:00,Climbing Shoes,1,539.93,593.923,53.993
4280,MIAMI,Florida,481,2025-03-22 09:10:00,Climbing Shoes,1,751.13,826.243,75.113
5359,SCOTTSDALE,Arizona,3672,2025-03-23 08:29:00,Climbing Shoes,1,565.13,621.643,56.513
5664,RESTON,Virginia,1893,2025-03-23 13:56:00,Climbing Shoes,1,605.13,665.643,60.513
4573,MOBILE,Alabama,6056,2025-03-22 12:23:00,Climbing Shoes,1,625.13,687.643,62.513
4821,EVANSVILLE,Indiana,6184,2025-03-22 15:50:00,Climbing Shoes,1,517.53,569.283,51.753
2194,HAMPTON,Virginia,5798,2025-03-20 10:08:00,Climbing Shoes,1,527.13,579.843,52.713
2222,HUNTSVILLE,Texas,3838,2025-03-20 10:38:00,Climbing Shoes,1,527.13,579.843,52.713
2949,MIDLAND,Texas,5019,2025-03-20 19:57:00,Climbing Shoes,1,527.13,579.843,52.713
4310,WASHINGTON,District of Columbia,872,2025-03-22 09:33:00,Climbing Shoes,1,587.93,646.723,58.793
4402,MONTGOMERY,Alabama,6024,2025-03-22 10:29:00,Climbing Shoes,1,509.53,560.483,50.953
1800,GREENVILLE,South Carolina,5731,2025-03-19 18:54:00,Climbing Shoes,1,537.13,590.843,53.713
2094,DALLAS,Texas,3534,2025-03-20 08:34:00,Climbing Shoes,1,537.13,590.843,53.713
710,OKLAHOMA CITY,Oklahoma,1452,2025-03-18 18:04:00,Climbing Shoes,1,587.93,646.723,58.793
882,INDIANAPOLIS,Indiana,4021,2025-03-18 22:00:00,Climbing Shoes,1,517.53,569.283,51.753
2711,MIAMI,Florida,6193,2025-03-20 16:58:00,Climbing Shoes,1,587.93,646.723,58.793
3747,MIAMI,Florida,2598,2025-03-21 16:39:00,Climbing Shoes,1,517.53,569.283,51.753
6771,EVANSVILLE,Indiana,2687,2025-03-24 13:10:00,Climbing Shoes,1,517.53,569.283,51.753
7023,CHARLOTTE,North Carolina,4728,2025-03-24 16:24:00,Climbing Shoes,1,517.53,569.283,51.753
7060,SAINT PETERSBURG,Florida,1665,2025-03-24 16:50:00,Climbing Shoes,1,666.33,732.963,66.633
7156,ORLANDO,Florida,4989,2025-03-24 18:27:00,Climbing Shoes,1,635.13,698.643,63.513
4643,TUCSON,Arizona,2327,2025-03-22 13:13:00,Climbing Shoes,1,527.13,579.843,52.713
4904,NEW HAVEN,Connecticut,4445,2025-03-22 16:58:00,Climbing Shoes,1,527.13,579.843,52.713
4010,SACRAMENTO,California,3254,2025-03-21 20:58:00,Climbing Shoes,1,537.13,590.843,53.713
2314,INDIANAPOLIS,Indiana,6139,2025-03-20 11:44:00,Climbing Shoes,1,537.13,590.843,53.713
6491,METAIRIE,Louisiana,1738,2025-03-24 10:11:00,Climbing Shoes,1,635.13,698.643,63.513
7422,ERIE,Pennsylvania,2941,2025-03-24 23:42:00,Climbing Shoes,1,625.13,687.643,62.513
4602,SACRAMENTO,California,1012,2025-03-22 12:47:00,Climbing Shoes,1,509.53,560.483,50.953
6781,GREENVILLE,South Carolina,4931,2025-03-24 13:18:00,Climbing Shoes,1,571.93,629.123,57.193
1749,WILMINGTON,Delaware,5188,2025-03-19 18:24:00,Climbing Shoes,1,527.13,579.843,52.713
4145,OMAHA,Nebraska,4277,2025-03-22 00:33:00,Climbing Shoes,1,527.13,579.843,52.713
6724,ATLANTA,Georgia,5655,2025-03-24 12:34:00,Climbing Shoes,1,658.33,724.163,65.833
3063,TOLEDO,Ohio,4433,2025-03-20 21:33:00,Climbing Shoes,1,517.53,569.283,51.753
3343,CHARLESTON,South Carolina,4167,2025-03-21 10:38:00,Climbing Shoes,1,635.13,698.643,63.513
18,JAMAICA,New York,6055,2025-03-18 01:08:00,Climbing Shoes,1,517.53,569.283,51.753
3060,FORT WAYNE,Indiana,2478,2025-03-20 21:32:00,Climbing Shoes,1,517.53,569.283,51.753
870,PROVO,Utah,686,2025-03-18 21:47:00,Climbing Shoes,1,509.53,560.483,50.953
2514,BALTIMORE,Maryland,2891,2025-03-20 14:34:00,Climbing Shoes,1,509.53,560.483,50.953
5838,AUSTIN,Texas,1864,2025-03-23 16:47:00,Climbing Shoes,1,509.53,560.483,50.953
7232,HOUSTON,Texas,4295,2025-03-24 19:37:00,Climbing Shoes,1,527.13,579.843,52.713
5956,WARREN,Michigan,311,2025-03-23 18:59:00,Climbing Shoes,1,517.53,569.283,51.753
4034,BAKERSFIELD,California,314,2025-03-21 21:33:00,Climbing Shoes,1,733.13,806.443,73.313
703,EL PASO,Texas,2054,2025-03-18 17:52:00,Climbing Shoes,1,497.13,546.843,49.713
1623,NEWPORT BEACH,California,5145,2025-03-19 16:42:00,Climbing Shoes,1,517.53,569.283,51.753
5010,ROANOKE,Virginia,3570,2025-03-22 18:47:00,Climbing Shoes,1,527.13,579.843,52.713
4669,ERIE,Pennsylvania,1734,2025-03-22 13:38:00,Climbing Shoes,1,563.93,620.323,56.393
7377,TRENTON,New Jersey,2966,2025-03-24 22:29:00,Climbing Shoes,1,527.13,579.843,52.713
2557,FORT WORTH,Texas,2516,2025-03-20 15:01:00,Climbing Shoes,1,527.13,579.843,52.713
3716,WASHINGTON,District of Columbia,1322,2025-03-21 16:11:00,Climbing Shoes,1,537.13,590.843,53.713
3815,JOLIET,Illinois,455,2025-03-21 17:51:00,Climbing Shoes,1,587.93,646.723,58.793
7037,SAN ANTONIO,Texas,5663,2025-03-24 16:35:00,Climbing Shoes,1,527.13,579.843,52.713
5771,WASHINGTON,District of Columbia,5619,2025-03-23 15:45:00,Climbing Shoes,1,527.13,579.843,52.713
5554,SANTA CLARA,California,1090,2025-03-23 12:24:00,Climbing Shoes,1,527.13,579.843,52.713
3977,CAROL STREAM,Illinois,3599,2025-03-21 20:22:00,Climbing Shoes,1,497.13,546.843,49.713
4743,HUNTSVILLE,Alabama,1781,2025-03-22 14:38:00,Climbing Shoes,1,517.53,569.283,51.753
6865,CHARLESTON,South Carolina,253,2025-03-24 14:10:00,Climbing Shoes,1,509.53,560.483,50.953
169,PORTLAND,Oregon,825,2025-03-18 10:25:00,Climbing Shoes,1,527.13,579.843,52.713
3285,PITTSBURGH,Pennsylvania,4820,2025-03-21 09:45:00,Climbing Shoes,1,537.13,590.843,53.713
3751,OCEANSIDE,California,1215,2025-03-21 16:42:00,Climbing Shoes,1,537.13,590.843,53.713
4261,CHARLOTTE,North Carolina,6311,2025-03-22 08:56:00,Climbing Shoes,1,537.13,590.843,53.713
4616,RIVERSIDE,California,658,2025-03-22 12:55:00,Climbing Shoes,1,537.13,590.843,53.713
4439,NASHVILLE,Tennessee,1545,2025-03-22 10:53:00,Climbing Shoes,1,517.53,569.283,51.753
2526,ARLINGTON,Texas,981,2025-03-20 14:39:00,Climbing Shoes,1,635.13,698.643,63.513
2165,ATLANTA,Georgia,4543,2025-03-20 09:45:00,Climbing Shoes,1,537.13,590.843,53.713
2734,AMARILLO,Texas,1250,2025-03-20 17:20:00,Climbing Shoes,1,509.53,560.483,50.953
5461,PEORIA,Illinois,1376,2025-03-23 10:33:00,Climbing Shoes,1,555.13,610.643,55.513
2893,LOUISVILLE,Kentucky,1525,2025-03-20 19:10:00,Climbing Shoes,1,537.13,590.843,53.713
5463,SAINT PETERSBURG,Florida,2025,2025-03-23 10:37:00,Climbing Shoes,1,537.13,590.843,53.713
4382,HOUSTON,Texas,5607,2025-03-22 10:16:00,Climbing Shoes,1,517.53,569.283,51.753
1737,HOUSTON,Texas,208,2025-03-19 18:08:00,Climbing Shoes,1,537.13,590.843,53.713
3129,NEW ORLEANS,Louisiana,2423,2025-03-20 22:49:00,Climbing Shoes,1,635.13,698.643,63.513
7315,INDIANAPOLIS,Indiana,4778,2025-03-24 21:03:00,Climbing Shoes,1,517.53,569.283,51.753
6751,BIRMINGHAM,Alabama,3099,2025-03-24 12:53:00,Climbing Shoes,1,595.13,654.643,59.513
6949,WASHINGTON,District of Columbia,4203,2025-03-24 15:20:00,Climbing Shoes,1,555.93,611.523,55.593
2895,LAS VEGAS,Nevada,1914,2025-03-20 19:11:00,Climbing Shoes,1,537.13,590.843,53.713
683,WICHITA,Kansas,5359,2025-03-18 17:29:00,Climbing Shoes,1,501.53,551.683,50.153
6140,SPRINGFIELD,Illinois,5994,2025-03-23 21:53:00,Climbing Shoes,1,517.13,568.843,51.713
5239,MINNEAPOLIS,Minnesota,3286,2025-03-22 22:39:00,Climbing Shoes,1,615.13,676.643,61.513
4100,WICHITA,Kansas,1061,2025-03-21 22:57:00,Climbing Shoes,1,527.13,579.843,52.713
1537,EL PASO,Texas,4081,2025-03-19 15:45:00,Climbing Shoes,1,527.13,579.843,52.713
6531,BAKERSFIELD,California,1913,2025-03-24 10:33:00,Climbing Shoes,1,655.13,720.643,65.513
3435,EVANSVILLE,Indiana,1638,2025-03-21 11:55:00,Climbing Shoes,1,527.13,579.843,52.713
3954,WEST PALM BEACH,Florida,1261,2025-03-21 20:01:00,Climbing Shoes,1,537.13,590.843,53.713
784,MILWAUKEE,Wisconsin,1786,2025-03-18 20:01:00,Climbing Shoes,1,537.13,590.843,53.713
3724,PENSACOLA,Florida,5585,2025-03-21 16:17:00,Climbing Shoes,1,517.53,569.283,51.753
430,VISALIA,California,1688,2025-03-18 13:44:00,Climbing Shoes,1,527.13,579.843,52.713
2396,SUFFOLK,Virginia,6028,2025-03-20 12:56:00,Climbing Shoes,1,527.13,579.843,52.713
617,CHICAGO,Illinois,5360,2025-03-18 16:25:00,Climbing Shoes,1,509.53,560.483,50.953
2429,INDIANAPOLIS,Indiana,5708,2025-03-20 13:18:00,Climbing Shoes,1,517.13,568.843,51.713
1323,MADISON,Wisconsin,6440,2025-03-19 12:53:00,Climbing Shoes,1,537.13,590.843,53.713
2477,VAN NUYS,California,4963,2025-03-20 13:58:00,Climbing Shoes,1,537.13,590.843,53.713
2712,NASHVILLE,Tennessee,3856,2025-03-20 16:59:00,Climbing Shoes,1,537.13,590.843,53.713
2321,STOCKTON,California,4844,2025-03-20 11:46:00,Climbing Shoes,1,571.93,629.123,57.193
2735,LITTLETON,Colorado,4504,2025-03-20 17:20:00,Climbing Shoes,1,507.13,557.843,50.713
6344,PEORIA,Illinois,3332,2025-03-24 08:36:00,Climbing Shoes,1,537.13,590.843,53.713
3671,SAINT LOUIS,Missouri,2040,2025-03-21 15:30:00,Climbing Shoes,1,527.13,579.843,52.713
2990,ROCHESTER,New York,510,2025-03-20 20:35:00,Climbing Shoes,1,537.13,590.843,53.713
528,AURORA,Colorado,1911,2025-03-18 15:06:00,Climbing Shoes,1,507.13,557.843,50.713
1010,SAN JOSE,California,4035,2025-03-19 08:35:00,Climbing Shoes,1,537.13,590.843,53.713
6803,CHICAGO,Illinois,1536,2025-03-24 13:33:00,Climbing Shoes,1,537.13,590.843,53.713
1528,NASHVILLE,Tennessee,2406,2025-03-19 15:36:00,Climbing Shoes,1,517.53,569.283,51.753
3051,BIRMINGHAM,Alabama,5330,2025-03-20 21:26:00,Climbing Shoes,1,537.13,590.843,53.713
3834,CHARLOTTE,North Carolina,5858,2025-03-21 18:07:00,Climbing Shoes,1,537.13,590.843,53.713
7413,ARLINGTON,Virginia,203,2025-03-24 23:22:00,Climbing Shoes,1,509.53,560.483,50.953
6299,MIAMI,Florida,5609,2025-03-24 07:45:00,Climbing Shoes,1,517.53,569.283,51.753
6811,CHARLOTTE,North Carolina,491,2025-03-24 13:40:00,Climbing Shoes,1,493.53,542.883,49.353
4414,KANSAS CITY,Missouri,5986,2025-03-22 10:36:00,Climbing Shoes,1,527.13,579.843,52.713
1628,BATON ROUGE,Louisiana,2573,2025-03-19 16:44:00,Climbing Shoes,1,537.13,590.843,53.713
2794,AMARILLO,Texas,5197,2025-03-20 17:57:00,Climbing Shoes,1,527.13,579.843,52.713
1004,DENVER,Colorado,1416,2025-03-19 08:21:00,Climbing Shoes,1,507.13,557.843,50.713
1694,HUNTSVILLE,Alabama,1356,2025-03-19 17:37:00,Climbing Shoes,1,507.13,557.843,50.713
5284,ALEXANDRIA,Virginia,4622,2025-03-23 00:00:00,Climbing Shoes,1,537.13,590.843,53.713
3731,AUSTIN,Texas,4395,2025-03-21 16:19:00,Climbing Shoes,1,527.13,579.843,52.713
4305,SAN JOSE,California,3113,2025-03-22 09:31:00,Climbing Shoes,1,635.13,698.643,63.513
6201,DES MOINES,Iowa,4468,2025-03-23 23:13:00,Climbing Shoes,1,537.13,590.843,53.713
5529,VIENNA,Virginia,5940,2025-03-23 11:59:00,Climbing Shoes,1,595.93,655.523,59.593
1916,SIOUX CITY,Iowa,432,2025-03-19 20:48:00,Climbing Shoes,1,507.13,557.843,50.713
5750,CHICAGO,Illinois,5548,2025-03-23 15:20:00,Climbing Shoes,1,507.13,557.843,50.713
6764,DEARBORN,Michigan,1515,2025-03-24 12:59:00,Climbing Shoes,1,537.13,590.843,53.713
2425,SAN FRANCISCO,California,1958,2025-03-20 13:16:00,Climbing Shoes,1,595.93,655.523,59.593
9,SAN ANTONIO,Texas,2452,2025-03-18 00:25:00,Climbing Shoes,1,527.13,579.843,52.713
6981,MADISON,Wisconsin,5888,2025-03-24 15:50:00,Climbing Shoes,1,527.13,579.843,52.713
5912,SARASOTA,Florida,1918,2025-03-23 18:01:00,Climbing Shoes,1,527.13,579.843,52.713
5500,SAN DIEGO,California,1034,2025-03-23 11:27:00,Climbing Shoes,1,537.13,590.843,53.713
3609,KANSAS CITY,Missouri,2530,2025-03-21 14:25:00,Climbing Shoes,1,537.13,590.843,53.713
1863,LITTLE ROCK,Arkansas,6061,2025-03-19 19:43:00,Climbing Shoes,1,507.13,557.843,50.713
4337,OCALA,Florida,5048,2025-03-22 09:48:00,Climbing Shoes,1,507.13,557.843,50.713
155,SAGINAW,Michigan,1596,2025-03-18 10:13:00,Climbing Shoes,1,537.13,590.843,53.713
2610,AKRON,Ohio,3289,2025-03-20 15:33:00,Climbing Shoes,1,537.13,590.843,53.713
6747,HOUSTON,Texas,6041,2025-03-24 12:52:00,Climbing Shoes,1,537.13,590.843,53.713
3952,HIGH POINT,North Carolina,6291,2025-03-21 20:00:00,Climbing Shoes,1,537.13,590.843,53.713
7428,CHULA VISTA,California,5089,2025-03-24 23:53:00,Climbing Shoes,1,537.13,590.843,53.713
6647,LONGVIEW,Texas,4050,2025-03-24 11:44:00,Climbing Shoes,1,537.13,590.843,53.713
2731,BOSTON,Massachusetts,5026,2025-03-20 17:18:00,Climbing Shoes,1,537.13,590.843,53.713
3981,PASADENA,California,4565,2025-03-21 20:30:00,Climbing Shoes,1,537.13,590.843,53.713
5593,MONROE,Louisiana,4124,2025-03-23 12:49:00,Climbing Shoes,1,517.53,569.283,51.753
2963,SCHENECTADY,New York,5210,2025-03-20 20:10:00,Climbing Shoes,1,537.13,590.843,53.713
1175,GLENDALE,Arizona,3768,2025-03-19 11:16:00,Climbing Shoes,1,517.53,569.283,51.753
6672,PORT CHARLOTTE,Florida,3721,2025-03-24 11:58:00,Climbing Shoes,1,517.53,569.283,51.753
4368,MINNEAPOLIS,Minnesota,2814,2025-03-22 10:10:00,Climbing Shoes,1,517.53,569.283,51.753
5598,BURBANK,California,215,2025-03-23 12:57:00,Climbing Shoes,1,537.13,590.843,53.713
4156,PHOENIX,Arizona,1595,2025-03-22 01:31:00,Climbing Shoes,1,537.13,590.843,53.713
6324,WASHINGTON,District of Columbia,2037,2025-03-24 08:18:00,Climbing Shoes,1,497.13,546.843,49.713
4625,SCHENECTADY,New York,5588,2025-03-22 13:02:00,Climbing Shoes,1,509.53,560.483,50.953
7267,NAPLES,Florida,1637,2025-03-24 20:14:00,Climbing Shoes,1,517.53,569.283,51.753
6177,CHARLOTTE,North Carolina,1529,2025-03-23 22:37:00,Climbing Shoes,1,537.13,590.843,53.713
4005,DENVER,Colorado,3192,2025-03-21 20:51:00,Climbing Shoes,1,517.53,569.283,51.753
7012,GRAND JUNCTION,Colorado,476,2025-03-24 16:18:00,Climbing Shoes,1,537.13,590.843,53.713
1186,TERRE HAUTE,Indiana,1522,2025-03-19 11:21:00,Climbing Shoes,1,537.13,590.843,53.713
876,CORPUS CHRISTI,Texas,2666,2025-03-18 21:50:00,Climbing Shoes,1,512.63,563.893,51.263
4422,KNOXVILLE,Tennessee,4208,2025-03-22 10:41:00,Climbing Shoes,1,625.13,687.643,62.513
4179,BALTIMORE,Maryland,5733,2025-03-22 07:21:00,Climbing Shoes,1,733.13,806.443,73.313
4367,LITTLE ROCK,Arkansas,3419,2025-03-22 10:09:00,Climbing Shoes,1,517.53,569.283,51.753
3206,EVANSVILLE,Indiana,3812,2025-03-21 03:11:00,Climbing Shoes,1,537.13,590.843,53.713
7291,SANTA CLARA,California,539,2025-03-24 20:33:00,Climbing Shoes,1,537.13,590.843,53.713
5057,WASHINGTON,District of Columbia,4146,2025-03-22 19:26:00,Climbing Shoes,1,537.13,590.843,53.713
5425,NEW HYDE PARK,New York,5902,2025-03-23 09:54:00,Climbing Shoes,1,595.93,655.523,59.593
1142,BOISE,Idaho,56,2025-03-19 10:48:00,Climbing Shoes,1,537.13,590.843,53.713
6382,JAMAICA,New York,4532,2025-03-24 09:03:00,Climbing Shoes,1,512.63,563.893,51.263
2729,WILMINGTON,Delaware,2356,2025-03-20 17:18:00,Climbing Shoes,1,527.13,579.843,52.713
255,GRAND RAPIDS,Michigan,4749,2025-03-18 11:23:00,Climbing Shoes,1,537.13,590.843,53.713
2991,RICHMOND,Virginia,5006,2025-03-20 20:36:00,Climbing Shoes,1,537.13,590.843,53.713
7390,WASHINGTON,District of Columbia,2919,2025-03-24 22:50:00,Climbing Shoes,1,509.53,560.483,50.953
289,SAN JOSE,California,5060,2025-03-18 11:51:00,Climbing Shoes,1,537.13,590.843,53.713
6198,SACRAMENTO,California,3130,2025-03-23 23:08:00,Climbing Shoes,1,537.13,590.843,53.713
69,LUBBOCK,Texas,5722,2025-03-18 08:14:00,Climbing Shoes,1,517.13,568.843,51.713
2899,PHILADELPHIA,Pennsylvania,3914,2025-03-20 19:13:00,Climbing Shoes,1,537.13,590.843,53.713
3391,MILWAUKEE,Wisconsin,3043,2025-03-21 11:18:00,Climbing Shoes,1,537.13,590.843,53.713
5211,SALT LAKE CITY,Utah,3880,2025-03-22 21:58:00,Climbing Shoes,1,517.13,568.843,51.713
5543,ORLANDO,Florida,4110,2025-03-23 12:13:00,Climbing Shoes,1,537.13,590.843,53.713
4839,NEWARK,Delaware,4791,2025-03-22 16:05:00,Climbing Shoes,1,501.53,551.683,50.153
345,SPRINGFIELD,Massachusetts,4841,2025-03-18 12:46:00,Climbing Shoes,1,512.63,563.893,51.263
564,SACRAMENTO,California,1282,2025-03-18 15:39:00,Climbing Shoes,1,517.13,568.843,51.713
4188,GREELEY,Colorado,5848,2025-03-22 07:40:00,Climbing Shoes,1,501.53,551.683,50.153
3791,SAN FRANCISCO,California,4866,2025-03-21 17:16:00,Climbing Shoes,1,537.13,590.843,53.713
2238,DENVER,Colorado,5391,2025-03-20 10:51:00,Climbing Shoes,1,517.53,569.283,51.753
4735,TUSCALOOSA,Alabama,2078,2025-03-22 14:29:00,Climbing Shoes,1,537.13,590.843,53.713
2671,WEST HARTFORD,Connecticut,2774,2025-03-20 16:19:00,Climbing Shoes,1,537.13,590.843,53.713
2824,HOUSTON,Texas,1913,2025-03-20 18:20:00,Climbing Shoes,1,537.13,590.843,53.713
367,ATLANTA,Georgia,4535,2025-03-18 13:03:00,Climbing Shoes,1,537.13,590.843,53.713
810,LOS ANGELES,California,5742,2025-03-18 20:32:00,Climbing Shoes,1,517.53,569.283,51.753
504,HATTIESBURG,Mississippi,5546,2025-03-18 14:41:00,Climbing Shoes,1,537.13,590.843,53.713
1425,SANTA CLARA,California,2016,2025-03-19 14:06:00,Climbing Shoes,1,537.13,590.843,53.713
1510,LOUISVILLE,Kentucky,1314,2025-03-19 15:17:00,Climbing Shoes,1,537.13,590.843,53.713
2713,TRENTON,New Jersey,6346,2025-03-20 17:00:00,Climbing Shoes,1,517.53,569.283,51.753
6895,NEW HYDE PARK,New York,6300,2025-03-24 14:29:00,Climbing Shoes,1,537.13,590.843,53.713
2019,HOUSTON,Texas,4210,2025-03-19 23:29:00,Climbing Shoes,1,517.53,569.283,51.753
2812,HARTFORD,Connecticut,2407,2025-03-20 18:09:00,Climbing Shoes,1,517.53,569.283,51.753
6755,ROCHESTER,New York,1641,2025-03-24 12:54:00,Climbing Shoes,1,537.13,590.843,53.713
5086,JAMAICA,New York,3574,2025-03-22 19:51:00,Climbing Shoes,1,537.13,590.843,53.713
2087,LUBBOCK,Texas,5410,2025-03-20 08:27:00,Climbing Shoes,1,537.13,590.843,53.713
4352,WHITE PLAINS,New York,4483,2025-03-22 09:58:00,Climbing Shoes,1,537.13,590.843,53.713
4792,WASHINGTON,District of Columbia,5273,2025-03-22 15:23:00,Climbing Shoes,1,537.13,590.843,53.713
6988,LAKELAND,Florida,4915,2025-03-24 15:53:00,Climbing Shoes,1,537.13,590.843,53.713
4051,RENO,Nevada,4100,2025-03-21 21:53:00,Climbing Shoes,1,517.53,569.283,51.753
317,COLORADO SPRINGS,Colorado,835,2025-03-18 12:18:00,Climbing Shoes,1,537.13,590.843,53.713
4351,TAMPA,Florida,5685,2025-03-22 09:58:00,Climbing Shoes,1,517.53,569.283,51.753
6601,TULSA,Oklahoma,5131,2025-03-24 11:19:00,Climbing Shoes,1,517.53,569.283,51.753
4285,RIVERSIDE,California,4187,2025-03-22 09:18:00,Climbing Shoes,1,537.13,590.843,53.713
4863,SAINT LOUIS,Missouri,5028,2025-03-22 16:29:00,Climbing Shoes,1,537.13,590.843,53.713
7303,WASHINGTON,District of Columbia,1232,2025-03-24 20:46:00,Climbing Shoes,1,537.13,590.843,53.713
3960,BOSTON,Massachusetts,1891,2025-03-21 20:06:00,Climbing Shoes,1,517.53,569.283,51.753
5507,MIDLAND,Texas,3354,2025-03-23 11:38:00,Climbing Shoes,1,537.13,590.843,53.713
2804,HOUSTON,Texas,5582,2025-03-20 18:05:00,Running Shoes,1,537.13,590.843,53.713
2786,DURHAM,North Carolina,791,2025-03-20 17:52:00,Running Shoes,1,567.13,623.843,56.713
6847,LOUISVILLE,Kentucky,3914,2025-03-24 14:00:00,Running Shoes,1,541.53,595.683,54.153
4855,MIDLAND,Michigan,5789,2025-03-22 16:20:00,Running Shoes,1,541.53,595.683,54.153
830,MOBILE,Alabama,6302,2025-03-18 21:01:00,Running Shoes,1,541.53,595.683,54.153
981,JACKSONVILLE,Florida,1791,2025-03-19 06:49:00,Running Shoes,1,567.13,623.843,56.713
6068,DALLAS,Texas,5047,2025-03-23 20:54:00,Running Shoes,1,567.13,623.843,56.713
3858,DALLAS,Texas,1253,2025-03-21 18:33:00,Running Shoes,1,547.93,602.723,54.793
113,LAWRENCEVILLE,Georgia,6438,2025-03-18 09:30:00,Running Shoes,1,541.53,595.683,54.153
3936,WILMINGTON,Delaware,4402,2025-03-21 19:40:00,Running Shoes,1,541.53,595.683,54.153
6319,ROANOKE,Virginia,5124,2025-03-24 08:15:00,Running Shoes,1,541.53,595.683,54.153
2446,NEWPORT NEWS,Virginia,984,2025-03-20 13:35:00,Running Shoes,1,535.13,588.643,53.513
3022,FRESNO,California,5886,2025-03-20 21:04:00,Running Shoes,1,567.13,623.843,56.713
487,LITTLETON,Colorado,414,2025-03-18 14:27:00,Running Shoes,1,567.13,623.843,56.713
5089,LITTLETON,Colorado,725,2025-03-22 19:52:00,Running Shoes,1,567.13,623.843,56.713
2629,SAN ANTONIO,Texas,4701,2025-03-20 15:45:00,Running Shoes,1,541.53,595.683,54.153
1087,PATERSON,New Jersey,1092,2025-03-19 10:03:00,Running Shoes,1,567.13,623.843,56.713
6399,TOPEKA,Kansas,5670,2025-03-24 09:13:00,Walking Shoes,1,517.13,568.843,51.713
5294,CHARLOTTE,North Carolina,2537,2025-03-23 00:25:00,Walking Shoes,1,517.13,568.843,51.713
3222,SAN DIEGO,California,2094,2025-03-21 07:32:00,Walking Shoes,1,586.13,644.743,58.613
3174,JAMAICA,New York,5312,2025-03-21 00:09:00,Walking Shoes,1,517.13,568.843,51.713
6815,HIGH POINT,North Carolina,4478,2025-03-24 13:43:00,Walking Shoes,1,517.13,568.843,51.713
4155,JACKSONVILLE,Florida,6193,2025-03-22 01:16:00,Walking Shoes,1,517.13,568.843,51.713
4484,PUEBLO,Colorado,588,2025-03-22 11:22:00,Walking Shoes,1,517.13,568.843,51.713
2803,HARRISBURG,Pennsylvania,3895,2025-03-20 18:03:00,Walking Shoes,1,575.13,632.643,57.513
3172,WEST PALM BEACH,Florida,5102,2025-03-21 00:05:00,Walking Shoes,1,656.73,722.403,65.673
2660,CLEARWATER,Florida,627,2025-03-20 16:15:00,Walking Shoes,1,559.13,615.043,55.913
5329,MONTICELLO,Minnesota,5936,2025-03-23 07:10:00,Walking Shoes,1,829.13,912.043,82.913
1497,LAWRENCEVILLE,Georgia,2825,2025-03-19 15:07:00,Walking Shoes,1,497.13,546.843,49.713
4915,CINCINNATI,Ohio,5004,2025-03-22 17:05:00,Walking Shoes,1,501.53,551.683,50.153
4186,DENVER,Colorado,3216,2025-03-22 07:39:00,Walking Shoes,1,693.13,762.443,69.313
463,GRAND RAPIDS,Michigan,744,2025-03-18 14:07:00,Walking Shoes,1,501.53,551.683,50.153
3177,CAMDEN,New Jersey,6218,2025-03-21 00:17:00,Walking Shoes,1,501.53,551.683,50.153
965,RALEIGH,North Carolina,4880,2025-03-19 01:36:00,Walking Shoes,1,501.53,551.683,50.153
4428,ATLANTA,Georgia,6006,2025-03-22 10:44:00,Walking Shoes,1,517.13,568.843,51.713
5187,LOS ANGELES,California,482,2025-03-22 21:24:00,Walking Shoes,1,517.13,568.843,51.713
1543,INDIANAPOLIS,Indiana,3015,2025-03-19 15:52:00,Walking Shoes,1,509.53,560.483,50.953
1334,TYLER,Texas,2105,2025-03-19 13:00:00,Walking Shoes,1,673.13,740.443,67.313
2863,ATLANTA,Georgia,1295,2025-03-20 18:49:00,Walking Shoes,1,547.93,602.723,54.793
6503,WASHINGTON,District of Columbia,1774,2025-03-24 10:16:00,Walking Shoes,1,517.13,568.843,51.713
859,SAN BERNARDINO,California,2246,2025-03-18 21:30:00,Walking Shoes,1,571.93,629.123,57.193
4152,MONTICELLO,Minnesota,3701,2025-03-22 01:05:00,Walking Shoes,1,517.13,568.843,51.713
2545,MINNEAPOLIS,Minnesota,6010,2025-03-20 14:53:00,Walking Shoes,1,595.13,654.643,59.513
4736,ATLANTA,Georgia,4502,2025-03-22 14:30:00,Walking Shoes,1,517.13,568.843,51.713
5875,DURHAM,North Carolina,3099,2025-03-23 17:21:00,Walking Shoes,1,575.13,632.643,57.513
6051,COLUMBUS,Ohio,2135,2025-03-23 20:45:00,Walking Shoes,1,517.13,568.843,51.713
3867,TOLEDO,Ohio,2630,2025-03-21 18:37:00,Walking Shoes,1,501.53,551.683,50.153
2732,TRENTON,New Jersey,5122,2025-03-20 17:19:00,Walking Shoes,1,497.13,546.843,49.713
4149,BATTLE CREEK,Michigan,5613,2025-03-22 00:43:00,Walking Shoes,1,610.33,671.363,61.033
7426,WORCESTER,Massachusetts,2708,2025-03-24 23:49:00,Walking Shoes,1,539.93,593.923,53.993
5674,COLORADO SPRINGS,Colorado,3440,2025-03-23 14:05:00,Walking Shoes,1,501.53,551.683,50.153
5193,DAYTON,Ohio,5868,2025-03-22 21:33:00,Walking Shoes,1,575.13,632.643,57.513
6276,KANSAS CITY,Missouri,4714,2025-03-24 06:49:00,Walking Shoes,1,555.13,610.643,55.513
6037,PHILADELPHIA,Pennsylvania,3199,2025-03-23 20:26:00,Walking Shoes,1,517.13,568.843,51.713
4583,MONTICELLO,Minnesota,3661,2025-03-22 12:31:00,Walking Shoes,1,485.53,534.083,48.553
7205,SAINT LOUIS,Missouri,298,2025-03-24 19:18:00,Walking Shoes,1,527.13,579.843,52.713
4886,INDIANAPOLIS,Indiana,295,2025-03-22 16:45:00,Walking Shoes,1,537.13,590.843,53.713
7128,CHARLOTTESVILLE,Virginia,12,2025-03-24 18:02:00,Walking Shoes,1,497.13,546.843,49.713
604,PHOENIX,Arizona,3801,2025-03-18 16:17:00,Walking Shoes,1,485.53,534.083,48.553
4624,CHICAGO,Illinois,975,2025-03-22 13:00:00,Walking Shoes,1,497.13,546.843,49.713
2332,BOSTON,Massachusetts,2880,2025-03-20 11:56:00,Walking Shoes,1,517.53,569.283,51.753
1732,GAINESVILLE,Florida,433,2025-03-19 18:06:00,Walking Shoes,1,517.53,569.283,51.753
1520,KALAMAZOO,Michigan,733,2025-03-19 15:28:00,Walking Shoes,1,512.63,563.893,51.263
5129,NEW YORK CITY,New York,4757,2025-03-22 20:29:00,Walking Shoes,1,497.13,546.843,49.713
3250,SIOUX CITY,Iowa,1103,2025-03-21 08:42:00,Walking Shoes,1,497.13,546.843,49.713
2034,LITTLETON,Colorado,6452,2025-03-19 23:58:00,Walking Shoes,1,517.53,569.283,51.753
3844,SAINT LOUIS,Missouri,85,2025-03-21 18:23:00,Walking Shoes,1,517.53,569.283,51.753
1688,SAINT LOUIS,Missouri,994,2025-03-19 17:32:00,Walking Shoes,1,537.13,590.843,53.713
6994,PORTSMOUTH,New Hampshire,812,2025-03-24 16:00:00,Walking Shoes,1,497.13,546.843,49.713
2395,LAS VEGAS,Nevada,3267,2025-03-20 12:55:00,Walking Shoes,1,517.53,569.283,51.753
6500,SALEM,Oregon,562,2025-03-24 10:13:00,Water Shoes,1,497.13,546.843,49.713
675,PHOENIX,Arizona,3057,2025-03-18 17:24:00,Running Shoes,1,478.13,525.943,47.813
407,JEFFERSON CITY,Missouri,566,2025-03-18 13:27:00,Running Shoes,1,497.13,546.843,49.713
4584,SACRAMENTO,California,573,2025-03-22 12:32:00,Running Shoes,1,497.13,546.843,49.713
5367,DULUTH,Georgia,5528,2025-03-23 08:46:00,Clogs,1,477.53,525.283,47.753
3230,SAN ANTONIO,Texas,2537,2025-03-21 07:49:00,Clogs,1,487.13,535.843,48.713
1903,SAINT LOUIS,Missouri,4824,2025-03-19 20:33:00,Boy's,1,511.13,562.243,51.113
5751,LANSING,Michigan,5138,2025-03-23 15:20:00,Boy's,1,461.53,507.683,46.153
715,FORT WAYNE,Indiana,754,2025-03-18 18:09:00,Running Shoes,2,672.73,740.003,67.273
4431,MIAMI,Florida,2049,2025-03-22 10:45:00,Running Shoes,2,615.13,676.643,61.513
4962,PEORIA,Illinois,3814,2025-03-22 17:57:00,Running Shoes,2,615.13,676.643,61.513
272,OKLAHOMA CITY,Oklahoma,2089,2025-03-18 11:40:00,Running Shoes,2,615.13,676.643,61.513
2866,AURORA,Colorado,6315,2025-03-20 18:49:00,Running Shoes,2,635.13,698.643,63.513
4604,TAMPA,Florida,2511,2025-03-22 12:48:00,Running Shoes,2,595.13,654.643,59.513
5755,ROCHESTER,New York,4078,2025-03-23 15:24:00,Running Shoes,2,879.13,967.043,87.913
1084,MADISON,Wisconsin,312,2025-03-19 10:01:00,Running Shoes,2,595.13,654.643,59.513
1692,AURORA,Colorado,3977,2025-03-19 17:34:00,Running Shoes,3,650.33,715.363,65.033
231,OKLAHOMA CITY,Oklahoma,6165,2025-03-18 11:09:00,Running Shoes,1,501.53,551.683,50.153
2635,AKRON,Ohio,5264,2025-03-20 15:51:00,Running Shoes,1,625.13,687.643,62.513
7162,LUBBOCK,Texas,3322,2025-03-24 18:33:00,Running Shoes,1,517.13,568.843,51.713
4576,CHARLESTON,West Virginia,2727,2025-03-22 12:27:00,Boots,1,505.13,555.643,50.513
7160,SARASOTA,Florida,5689,2025-03-24 18:31:00,Sandals,1,565.13,621.643,56.513
392,SAN BERNARDINO,California,1680,2025-03-18 13:17:00,Sandals,1,859.13,945.043,85.913
439,PITTSBURGH,Pennsylvania,5565,2025-03-18 13:52:00,Running Shoes,1,635.13,698.643,63.513
1767,SAINT PETERSBURG,Florida,6300,2025-03-19 18:33:00,Running Shoes,1,605.13,665.643,60.513
4856,AMARILLO,Texas,247,2025-03-22 16:21:00,Running Shoes,1,476.83,524.513,47.683
6844,PATERSON,New Jersey,2408,2025-03-24 13:59:00,Running Shoes,1,482.63,530.893,48.263
1176,NORFOLK,Virginia,2640,2025-03-19 11:17:00,Running Shoes,1,571.93,629.123,57.193
70,GREENSBORO,North Carolina,5033,2025-03-18 08:17:00,Running Shoes,1,485.53,534.083,48.553
6928,FORT WORTH,Texas,3383,2025-03-24 15:07:00,Running Shoes,1,713.13,784.443,71.313
7042,WHITE PLAINS,New York,129,2025-03-24 16:39:00,Running Shoes,1,586.13,644.743,58.613
5925,LINCOLN,Nebraska,2076,2025-03-23 18:16:00,Running Shoes,1,517.13,568.843,51.713
885,KNOXVILLE,Tennessee,2311,2025-03-18 22:05:00,Running Shoes,1,595.93,655.523,59.593
6849,OKLAHOMA CITY,Oklahoma,6490,2025-03-24 14:02:00,Running Shoes,1,537.13,590.843,53.713
6534,HOUSTON,Texas,5825,2025-03-24 10:37:00,Running Shoes,1,517.53,569.283,51.753
2029,CHARLESTON,West Virginia,6452,2025-03-19 23:46:00,Running Shoes,1,585.13,643.643,58.513
7225,NEW ORLEANS,Louisiana,6483,2025-03-24 19:31:00,Running Shoes,1,517.13,568.843,51.713
2147,WHITE PLAINS,New York,2140,2025-03-20 09:35:00,Running Shoes,1,527.13,579.843,52.713
1416,FORT WORTH,Texas,3681,2025-03-19 13:58:00,Running Shoes,1,509.53,560.483,50.953
5339,JACKSONVILLE,Florida,3769,2025-03-23 07:34:00,Running Shoes,1,485.53,534.083,48.553
3955,SAVANNAH,Georgia,1413,2025-03-21 20:01:00,Running Shoes,1,537.13,590.843,53.713
4469,CHARLOTTE,North Carolina,6216,2025-03-22 11:12:00,Running Shoes,1,537.13,590.843,53.713
5331,EL PASO,Texas,1866,2025-03-23 07:26:00,Running Shoes,1,497.13,546.843,49.713
2239,PITTSBURGH,Pennsylvania,4963,2025-03-20 10:54:00,Walking Shoes,1,517.13,568.843,51.713
5862,PITTSBURGH,Pennsylvania,2370,2025-03-23 17:11:00,Running Shoes,5,634.13,697.543,63.413
6418,DALLAS,Texas,2046,2025-03-24 09:23:00,Running Shoes,1,537.13,590.843,53.713
5309,BROOKLYN,New York,3783,2025-03-23 01:43:00,Boots,1,603.13,663.443,60.313
4118,PORTLAND,Oregon,5516,2025-03-21 23:24:00,Boots,1,666.33,732.963,66.633
7295,ROANOKE,Virginia,5431,2025-03-24 20:39:00,Running Shoes,1,615.13,676.643,61.513
2499,RICHMOND,Virginia,4435,2025-03-20 14:18:00,Running Shoes,1,760.73,836.803,76.073
4331,SAN FRANCISCO,California,3397,2025-03-22 09:45:00,Running Shoes,1,501.53,551.683,50.153
1686,HARTFORD,Connecticut,2054,2025-03-19 17:30:00,Running Shoes,1,635.13,698.643,63.513
7074,LINCOLN,Nebraska,2618,2025-03-24 17:02:00,Running Shoes,1,713.13,784.443,71.313
4400,AUSTIN,Texas,3975,2025-03-22 10:24:00,Running Shoes,1,849.13,934.043,84.913
6341,INGLEWOOD,California,2507,2025-03-24 08:33:00,Running Shoes,1,537.13,590.843,53.713
5785,EVANSVILLE,Indiana,941,2025-03-23 16:00:00,Running Shoes,1,723.13,795.443,72.313
3934,CLEVELAND,Ohio,2329,2025-03-21 19:37:00,Running Shoes,1,666.33,732.963,66.633
2083,JACKSONVILLE,Florida,2702,2025-03-20 08:24:00,Running Shoes,1,713.13,784.443,71.313
5777,SOUTH BEND,Indiana,2999,2025-03-23 15:52:00,Flip-Flops,1,525.53,578.083,52.553
2196,ERIE,Pennsylvania,1638,2025-03-20 10:10:00,Running Shoes,1,501.53,551.683,50.153
4885,TALLAHASSEE,Florida,4821,2025-03-22 16:45:00,Sandals,1,535.13,588.643,53.513
5113,RICHMOND,Virginia,2341,2025-03-22 20:14:00,Running Shoes,1,517.53,569.283,51.753
6020,VERO BEACH,Florida,3117,2025-03-23 20:09:00,Running Shoes,1,625.13,687.643,62.513
3070,NEW ORLEANS,Louisiana,2716,2025-03-20 21:39:00,Running Shoes,1,517.53,569.283,51.753
5271,NORFOLK,Virginia,441,2025-03-22 23:32:00,Running Shoes,1,595.13,654.643,59.513
267,BIRMINGHAM,Alabama,2581,2025-03-18 11:36:00,Running Shoes,1,683.13,751.443,68.313
45,MESA,Arizona,4478,2025-03-18 07:13:00,Running Shoes,1,831.13,914.243,83.113
1804,AMARILLO,Texas,2726,2025-03-19 18:58:00,Running Shoes,1,763.13,839.443,76.313
6363,HOUSTON,Texas,4024,2025-03-24 08:47:00,Running Shoes,1,929.13,1022.043,92.913
1124,CINCINNATI,Ohio,3703,2025-03-19 10:29:00,Running Shoes,1,693.13,762.443,69.313
6238,LAS VEGAS,Nevada,70,2025-03-24 00:38:00,Running Shoes,1,733.13,806.443,73.313
3382,GAINESVILLE,Florida,5422,2025-03-21 11:09:00,Running Shoes,1,537.13,590.843,53.713
5934,MADISON,Wisconsin,2171,2025-03-23 18:26:00,Running Shoes,1,537.13,590.843,53.713
3053,DECATUR,Georgia,3971,2025-03-20 21:26:00,Running Shoes,1,869.13,956.043,86.913
4111,NEW ORLEANS,Louisiana,3308,2025-03-21 23:13:00,Running Shoes,1,579.93,637.923,57.993
6156,ALBANY,New York,5778,2025-03-23 22:05:00,Running Shoes,1,1223.13,1345.443,122.313
3373,LINCOLN,Nebraska,1717,2025-03-21 10:58:00,Running Shoes,1,658.33,724.163,65.833
2128,BIRMINGHAM,Alabama,3277,2025-03-20 09:14:00,Running Shoes,1,497.13,546.843,49.713
2355,CORPUS CHRISTI,Texas,4367,2025-03-20 12:17:00,Running Shoes,1,625.13,687.643,62.513
3695,BATTLE CREEK,Michigan,6111,2025-03-21 15:53:00,Running Shoes,1,674.33,741.763,67.433
1500,SPARKS,Nevada,5797,2025-03-19 15:09:00,Running Shoes,1,497.13,546.843,49.713
3354,SAN ANTONIO,Texas,464,2025-03-21 10:44:00,Running Shoes,1,563.93,620.323,56.393
1988,AURORA,Colorado,2631,2025-03-19 22:23:00,Running Shoes,1,723.13,795.443,72.313
3049,HOUSTON,Texas,5354,2025-03-20 21:24:00,Running Shoes,1,527.13,579.843,52.713
5628,HOUSTON,Texas,2197,2025-03-23 13:21:00,Running Shoes,1,501.53,551.683,50.153
4314,DECATUR,Georgia,6064,2025-03-22 09:36:00,Running Shoes,1,625.13,687.643,62.513
4300,TUCSON,Arizona,3929,2025-03-22 09:29:00,Running Shoes,1,666.33,732.963,66.633
1446,WASHINGTON,District of Columbia,6102,2025-03-19 14:26:00,Running Shoes,1,497.13,546.843,49.713
926,BRONX,New York,2754,2025-03-18 23:21:00,Running Shoes,1,509.53,560.483,50.953
5616,SEATTLE,Washington,2296,2025-03-23 13:12:00,Running Shoes,1,537.13,590.843,53.713
3184,DES MOINES,Iowa,6414,2025-03-21 00:40:00,Running Shoes,1,537.13,590.843,53.713
6272,SCHENECTADY,New York,4580,2025-03-24 06:36:00,Running Shoes,1,517.53,569.283,51.753
3892,NASHVILLE,Tennessee,652,2025-03-21 19:01:00,Running Shoes,1,642.33,706.563,64.233
1638,SANTA CLARA,California,3304,2025-03-19 16:47:00,Running Shoes,1,527.13,579.843,52.713
489,TALLAHASSEE,Florida,1220,2025-03-18 14:29:00,Running Shoes,1,527.13,579.843,52.713
129,GASTONIA,North Carolina,2008,2025-03-18 09:44:00,Running Shoes,1,527.13,579.843,52.713
450,COLUMBUS,Georgia,5785,2025-03-18 13:58:00,Running Shoes,1,527.13,579.843,52.713
4250,DULUTH,Minnesota,971,2025-03-22 08:44:00,Running Shoes,1,493.53,542.883,49.353
6639,NASHVILLE,Tennessee,3758,2025-03-24 11:40:00,Running Shoes,1,655.13,720.643,65.513
1542,CORONA,California,4592,2025-03-19 15:52:00,Running Shoes,1,527.13,579.843,52.713
4528,AMARILLO,Texas,5878,2025-03-22 11:49:00,Running Shoes,1,527.13,579.843,52.713
3518,ODESSA,Texas,403,2025-03-21 13:14:00,Running Shoes,1,625.13,687.643,62.513
3335,SAINT LOUIS,Missouri,2418,2025-03-21 10:30:00,Running Shoes,1,635.13,698.643,63.513
443,EL PASO,Texas,4749,2025-03-18 13:54:00,Running Shoes,1,537.13,590.843,53.713
7033,AUSTIN,Texas,6021,2025-03-24 16:33:00,Running Shoes,1,635.13,698.643,63.513
2435,KANSAS CITY,Missouri,3997,2025-03-20 13:23:00,Running Shoes,1,539.93,593.923,53.993
3282,BOYNTON BEACH,Florida,5077,2025-03-21 09:41:00,Running Shoes,1,635.13,698.643,63.513
4680,ASHEVILLE,North Carolina,1800,2025-03-22 13:46:00,Running Shoes,1,723.13,795.443,72.313
2470,DALLAS,Texas,4223,2025-03-20 13:52:00,Running Shoes,1,517.53,569.283,51.753
1867,SAN DIEGO,California,2067,2025-03-19 19:50:00,Running Shoes,1,674.33,741.763,67.433
2659,SAINT PAUL,Minnesota,584,2025-03-20 16:14:00,Running Shoes,1,517.53,569.283,51.753
4072,KANSAS CITY,Missouri,5210,2025-03-21 22:24:00,Running Shoes,1,527.13,579.843,52.713
722,SPRING HILL,Florida,3034,2025-03-18 18:25:00,Running Shoes,1,635.13,698.643,63.513
411,AUSTIN,Texas,2593,2025-03-18 13:28:00,Running Shoes,1,527.13,579.843,52.713
7392,JACKSONVILLE,Florida,1666,2025-03-24 22:51:00,Running Shoes,1,587.93,646.723,58.793
1473,FORT LAUDERDALE,Florida,2996,2025-03-19 14:53:00,Running Shoes,1,509.53,560.483,50.953
4130,BIRMINGHAM,Alabama,918,2025-03-21 23:45:00,Running Shoes,1,527.13,579.843,52.713
5210,FORT LAUDERDALE,Florida,395,2025-03-22 21:53:00,Running Shoes,1,517.53,569.283,51.753
1569,LANSING,Michigan,1255,2025-03-19 16:09:00,Running Shoes,1,537.13,590.843,53.713
1288,EVERETT,Washington,1841,2025-03-19 12:26:00,Running Shoes,1,517.53,569.283,51.753
1576,BUFFALO,New York,2288,2025-03-19 16:12:00,Running Shoes,1,605.13,665.643,60.513
5437,BEAVERTON,Oregon,6246,2025-03-23 10:04:00,Running Shoes,1,527.13,579.843,52.713
3924,MEMPHIS,Tennessee,2525,2025-03-21 19:32:00,Running Shoes,1,615.13,676.643,61.513
793,SAN ANTONIO,Texas,5489,2025-03-18 20:09:00,Running Shoes,1,537.13,590.843,53.713
6088,WASHINGTON,District of Columbia,1063,2025-03-23 21:09:00,Running Shoes,1,507.13,557.843,50.713
1822,SAN JOSE,California,6213,2025-03-19 19:09:00,Running Shoes,1,507.13,557.843,50.713
6888,IRVINE,California,4796,2025-03-24 14:25:00,Running Shoes,1,555.13,610.643,55.513
1206,ALBUQUERQUE,New Mexico,2838,2025-03-19 11:33:00,Running Shoes,1,537.13,590.843,53.713
1480,BEAVERTON,Oregon,6012,2025-03-19 14:57:00,Running Shoes,1,537.13,590.843,53.713
5101,NORFOLK,Virginia,1631,2025-03-22 20:02:00,Running Shoes,1,517.53,569.283,51.753
5653,VALLEY FORGE,Pennsylvania,834,2025-03-23 13:45:00,Walking Shoes,1,517.13,568.843,51.713
6635,GARDEN GROVE,California,2953,2025-03-24 11:38:00,Walking Shoes,1,595.13,654.643,59.513
6191,CUMMING,Georgia,2685,2025-03-23 22:56:00,Walking Shoes,1,537.13,590.843,53.713
3359,LEXINGTON,Kentucky,5783,2025-03-21 10:46:00,Running Shoes,1,537.13,590.843,53.713
3324,CHARLOTTE,North Carolina,257,2025-03-21 10:21:00,Running Shoes,2,673.13,740.443,67.313
4534,DALLAS,Texas,1247,2025-03-22 11:55:00,Running Shoes,1,537.13,590.843,53.713
4923,LOS ANGELES,California,4920,2025-03-22 17:14:00,Running Shoes,1,497.13,546.843,49.713
5398,MIAMI,Florida,2212,2025-03-23 09:30:00,Running Shoes,1,527.13,579.843,52.713
5326,LOS ANGELES,California,5336,2025-03-23 07:02:00,Running Shoes,1,527.13,579.843,52.713
6373,KANSAS CITY,Missouri,6278,2025-03-24 08:58:00,Running Shoes,1,517.13,568.843,51.713
6231,PEORIA,Illinois,1839,2025-03-24 00:11:00,Running Shoes,1,563.93,620.323,56.393
4820,MORENO VALLEY,California,4065,2025-03-22 15:50:00,Running Shoes,1,653.13,718.443,65.313
2445,HOUSTON,Texas,1658,2025-03-20 13:35:00,Boots,1,537.13,590.843,53.713
2925,CHICAGO,Illinois,5792,2025-03-20 19:33:00,Running Shoes,1,674.33,741.763,67.433
5922,READING,Pennsylvania,5799,2025-03-23 18:13:00,Running Shoes,1,527.13,579.843,52.713
4859,SAN JOSE,California,3512,2025-03-22 16:23:00,Running Shoes,1,555.93,611.523,55.593
4645,BRADENTON,Florida,623,2025-03-22 13:17:00,Running Shoes,1,493.53,542.883,49.353
5370,LITTLETON,Colorado,1200,2025-03-23 08:52:00,Running Shoes,1,527.13,579.843,52.713
5663,STAMFORD,Connecticut,4142,2025-03-23 13:55:00,Running Shoes,1,509.53,560.483,50.953
5879,BROCKTON,Massachusetts,6279,2025-03-23 17:28:00,Running Shoes,1,537.13,590.843,53.713
5475,GREENSBORO,North Carolina,1171,2025-03-23 10:56:00,Running Shoes,1,537.13,590.843,53.713
7072,HICKSVILLE,New York,436,2025-03-24 16:59:00,Running Shoes,1,517.53,569.283,51.753
5087,SALINAS,California,930,2025-03-22 19:51:00,Running Shoes,1,509.53,560.483,50.953
2117,HAYWARD,California,3635,2025-03-20 09:02:00,Running Shoes,1,527.13,579.843,52.713
3882,CINCINNATI,Ohio,2484,2025-03-21 18:52:00,Running Shoes,1,537.13,590.843,53.713
4532,AURORA,Colorado,2995,2025-03-22 11:51:00,Walking Shoes,1,605.13,665.643,60.513
5390,ORLANDO,Florida,1293,2025-03-23 09:25:00,Running Shoes,1,537.13,590.843,53.713
3657,DES MOINES,Iowa,2584,2025-03-21 15:18:00,Boots,1,674.33,741.763,67.433
5668,LONGVIEW,Texas,3435,2025-03-23 13:59:00,Running Shoes,1,595.93,655.523,59.593
3046,LOS ANGELES,California,5266,2025-03-20 21:20:00,Running Shoes,1,595.13,654.643,59.513
3520,CHARLOTTE,North Carolina,6379,2025-03-21 13:15:00,Running Shoes,1,578.33,636.163,57.833
535,PORTSMOUTH,New Hampshire,3059,2025-03-18 15:13:00,Running Shoes,1,521.53,573.683,52.153
2384,HOMESTEAD,Florida,4991,2025-03-20 12:42:00,Sandals,1,539.93,593.923,53.993
4654,BIRMINGHAM,Alabama,4501,2025-03-22 13:25:00,Running Shoes,1,723.13,795.443,72.313
1157,GADSDEN,Alabama,5681,2025-03-19 10:58:00,Running Shoes,1,674.33,741.763,67.433
6197,CORONA,California,5257,2025-03-23 23:07:00,Running Shoes,1,683.13,751.443,68.313
3894,VALDOSTA,Georgia,2031,2025-03-21 19:02:00,Running Shoes,1,635.13,698.643,63.513
3114,GRAND RAPIDS,Michigan,390,2025-03-20 22:28:00,Running Shoes,1,625.13,687.643,62.513
6682,BUFFALO,New York,647,2025-03-24 12:05:00,Running Shoes,1,527.13,579.843,52.713
3394,WINSTON SALEM,North Carolina,2834,2025-03-21 11:19:00,Running Shoes,1,531.93,585.123,53.193
3417,DALLAS,Texas,2648,2025-03-21 11:34:00,Running Shoes,1,635.13,698.643,63.513
6948,FAIRFAX,Virginia,4038,2025-03-24 15:19:00,Running Shoes,1,605.13,665.643,60.513
3113,SCOTTSDALE,Arizona,4641,2025-03-20 22:27:00,Running Shoes,1,767.13,843.843,76.713
1021,MONTGOMERY,Alabama,2582,2025-03-19 08:54:00,Running Shoes,1,791.13,870.243,79.113
81,WASHINGTON,District of Columbia,2440,2025-03-18 08:40:00,Running Shoes,1,605.13,665.643,60.513
2934,NEWARK,New Jersey,2406,2025-03-20 19:39:00,Running Shoes,1,674.33,741.763,67.433
2245,CRAWFORDSVILLE,Indiana,6076,2025-03-20 10:58:00,Running Shoes,1,537.13,590.843,53.713
4581,WASHINGTON,District of Columbia,970,2025-03-22 12:31:00,Running Shoes,1,615.13,676.643,61.513
5871,MOBILE,Alabama,1765,2025-03-23 17:19:00,Running Shoes,1,517.53,569.283,51.753
2873,BROCKTON,Massachusetts,483,2025-03-20 18:55:00,Running Shoes,1,635.13,698.643,63.513
4436,SAVANNAH,Georgia,3207,2025-03-22 10:51:00,Running Shoes,1,625.13,687.643,62.513
6624,EL PASO,Texas,5091,2025-03-24 11:34:00,Running Shoes,1,509.53,560.483,50.953
2184,WASHINGTON,District of Columbia,4867,2025-03-20 10:01:00,Running Shoes,1,693.13,762.443,69.313
4138,HAGERSTOWN,Maryland,1183,2025-03-22 00:09:00,Running Shoes,1,665.13,731.643,66.513
6794,RICHMOND,Virginia,2001,2025-03-24 13:25:00,Running Shoes,1,537.13,590.843,53.713
4171,WASHINGTON,District of Columbia,2946,2025-03-22 05:56:00,Running Shoes,1,537.13,590.843,53.713
2870,SHAWNEE MISSION,Kansas,4339,2025-03-20 18:51:00,Running Shoes,1,791.13,870.243,79.113
5170,ATLANTA,Georgia,4140,2025-03-22 21:09:00,Running Shoes,1,575.13,632.643,57.513
2160,PHILADELPHIA,Pennsylvania,3172,2025-03-20 09:42:00,Boots,1,571.13,628.243,57.113
124,ALBUQUERQUE,New Mexico,4001,2025-03-18 09:40:00,Running Shoes,1,720.73,792.803,72.073
6202,LITTLETON,Colorado,3347,2025-03-23 23:16:00,Running Shoes,1,650.33,715.363,65.033
2272,DAVENPORT,Iowa,3712,2025-03-20 11:22:00,Running Shoes,1,555.13,610.643,55.513
5975,BRYAN,Texas,5630,2025-03-23 19:15:00,Running Shoes,1,859.13,945.043,85.913
5576,BATON ROUGE,Louisiana,4502,2025-03-23 12:36:00,Running Shoes,1,497.13,546.843,49.713
6549,BRADENTON,Florida,2118,2025-03-24 10:42:00,Running Shoes,1,537.13,590.843,53.713
6298,NASHVILLE,Tennessee,3040,2025-03-24 07:43:00,Running Shoes,1,635.13,698.643,63.513
5114,ATLANTA,Georgia,4198,2025-03-22 20:14:00,Running Shoes,1,713.13,784.443,71.313
1173,WASHINGTON,District of Columbia,1833,2025-03-19 11:12:00,Running Shoes,1,831.13,914.243,83.113
5323,SPRINGFIELD,Illinois,2080,2025-03-23 05:51:00,Running Shoes,1,635.13,698.643,63.513
1645,JOLIET,Illinois,958,2025-03-19 16:53:00,Running Shoes,1,635.13,698.643,63.513
764,PORTLAND,Oregon,1984,2025-03-18 19:28:00,Running Shoes,1,537.13,590.843,53.713
4812,HIGH POINT,North Carolina,2020,2025-03-22 15:39:00,Running Shoes,1,811.13,892.243,81.113
4594,NEW YORK CITY,New York,6403,2025-03-22 12:39:00,Running Shoes,1,527.13,579.843,52.713
5739,TACOMA,Washington,1842,2025-03-23 15:12:00,Running Shoes,1,537.13,590.843,53.713
6007,SAN ANGELO,Texas,2380,2025-03-23 19:51:00,Running Shoes,4,752.73,828.003,75.273
4814,GREENSBORO,North Carolina,1766,2025-03-22 15:41:00,Running Shoes,1,497.13,546.843,49.713
5304,SAINT PAUL,Minnesota,4001,2025-03-23 01:12:00,Running Shoes,1,615.13,676.643,61.513
6251,HOUSTON,Texas,1721,2025-03-24 02:14:00,Boots,1,625.13,687.643,62.513
1539,PHILADELPHIA,Pennsylvania,4024,2025-03-19 15:47:00,Running Shoes,1,507.13,557.843,50.713
2857,WASHINGTON,District of Columbia,2775,2025-03-20 18:43:00,Sandals,1,671.13,738.243,67.113
3160,PITTSBURGH,Pennsylvania,5748,2025-03-20 23:35:00,Running Shoes,2,635.13,698.643,63.513
1214,WASHINGTON,District of Columbia,3543,2025-03-19 11:37:00,Running Shoes,1,517.53,569.283,51.753
692,GLENDALE,California,2921,2025-03-18 17:38:00,Walking Shoes,1,626.33,688.963,62.633
1070,GRAND FORKS,North Dakota,616,2025-03-19 09:50:00,Running Shoes,1,579.93,637.923,57.993
2544,TULSA,Oklahoma,6138,2025-03-20 14:53:00,Sandals,1,610.33,671.363,61.033
1540,WASHINGTON,District of Columbia,3985,2025-03-19 15:48:00,Running Shoes,1,537.13,590.843,53.713
1890,SAN ANTONIO,Texas,4237,2025-03-19 20:16:00,Walking Shoes,1,751.13,826.243,75.113
3405,OMAHA,Nebraska,5754,2025-03-21 11:25:00,Sandals,1,751.13,826.243,75.113
7255,MONTGOMERY,Alabama,4461,2025-03-24 20:04:00,Running Shoes,1,666.33,732.963,66.633
3302,CHARLESTON,West Virginia,4524,2025-03-21 09:59:00,Running Shoes,1,517.53,569.283,51.753
2597,TOPEKA,Kansas,2259,2025-03-20 15:24:00,Running Shoes,1,635.13,698.643,63.513
3106,NORFOLK,Virginia,3894,2025-03-20 22:18:00,Running Shoes,1,744.73,819.203,74.473
6163,MINNEAPOLIS,Minnesota,1273,2025-03-23 22:15:00,Running Shoes,1,625.13,687.643,62.513
6761,CORPUS CHRISTI,Texas,1158,2025-03-24 12:58:00,Running Shoes,1,567.13,623.843,56.713
1220,NEW YORK CITY,New York,4459,2025-03-19 11:42:00,Running Shoes,1,563.13,619.443,56.313
2479,OKLAHOMA CITY,Oklahoma,6233,2025-03-20 14:02:00,Running Shoes,1,693.13,762.443,69.313
2608,HOUSTON,Texas,2021,2025-03-20 15:32:00,Running Shoes,1,736.73,810.403,73.673
1718,TUCSON,Arizona,5366,2025-03-19 17:53:00,Running Shoes,1,493.53,542.883,49.353
3068,CINCINNATI,Ohio,3374,2025-03-20 21:37:00,Running Shoes,1,579.93,637.923,57.993
6606,WICHITA,Kansas,2927,2025-03-24 11:20:00,Jackets,1,648.23,713.053,64.823
5234,SHAWNEE MISSION,Kansas,4507,2025-03-22 22:28:00,Running Shoes,1,713.13,784.443,71.313
6019,PHILADELPHIA,Pennsylvania,1786,2025-03-23 20:08:00,Running Shoes,2,586.13,644.743,58.613
2556,LEXINGTON,Kentucky,5836,2025-03-20 14:59:00,Running Shoes,1,578.33,636.163,57.833
5474,ABILENE,Texas,6338,2025-03-23 10:55:00,Running Shoes,1,579.93,637.923,57.993
237,COLUMBUS,Ohio,3861,2025-03-18 11:15:00,Running Shoes,1,537.13,590.843,53.713
1755,FORT MYERS,Florida,2239,2025-03-19 18:27:00,Running Shoes,1,697.53,767.283,69.753
469,CINCINNATI,Ohio,1686,2025-03-18 14:11:00,Boots,1,693.13,762.443,69.313
6608,DALLAS,Texas,3524,2025-03-24 11:21:00,Boots,1,723.13,795.443,72.313
6367,LOS ANGELES,California,4031,2025-03-24 08:51:00,Running Shoes,1,634.33,697.763,63.433
3159,BROCKTON,Massachusetts,6125,2025-03-20 23:33:00,Boots,1,767.13,843.843,76.713
6529,DENVER,Colorado,3791,2025-03-24 10:32:00,Jackets,1,643.93,708.323,64.393
5768,DURHAM,North Carolina,2006,2025-03-23 15:38:00,Sandals,1,613.13,674.443,61.313
4926,ALBANY,New York,349,2025-03-22 17:15:00,Running Shoes,1,889.13,978.043,88.913
6151,CAROL STREAM,Illinois,5753,2025-03-23 21:59:00,Running Shoes,1,674.33,741.763,67.433
5243,FLORENCE,South Carolina,3396,2025-03-22 22:45:00,Running Shoes,1,650.33,715.363,65.033
966,LOS ANGELES,California,633,2025-03-19 01:46:00,Running Shoes,1,625.13,687.643,62.513
1196,COLORADO SPRINGS,Colorado,3503,2025-03-19 11:29:00,Running Shoes,1,703.13,773.443,70.313
672,HOLLYWOOD,Florida,2886,2025-03-18 17:21:00,Running Shoes,1,537.13,590.843,53.713
1190,RIVERSIDE,California,1870,2025-03-19 11:25:00,Running Shoes,1,527.13,579.843,52.713
4268,SALT LAKE CITY,Utah,4845,2025-03-22 09:00:00,Running Shoes,1,595.93,655.523,59.593
2971,SHREVEPORT,Louisiana,4794,2025-03-20 20:21:00,Sandals,1,783.13,861.443,78.313
6096,ALBANY,Georgia,5265,2025-03-23 21:16:00,Running Shoes,1,653.13,718.443,65.313
5102,NORFOLK,Virginia,4055,2025-03-22 20:03:00,Running Shoes,1,693.13,762.443,69.313
4112,CLEARWATER,Florida,1313,2025-03-21 23:14:00,Running Shoes,1,595.93,655.523,59.593
3175,SEATTLE,Washington,5560,2025-03-21 00:14:00,Running Shoes,1,937.13,1030.843,93.713
1501,PUEBLO,Colorado,6011,2025-03-19 15:10:00,Running Shoes,1,644.63,709.093,64.463
5442,SANTA FE,New Mexico,2008,2025-03-23 10:08:00,Running Shoes,1,615.13,676.643,61.513
881,DES MOINES,Iowa,6347,2025-03-18 21:59:00,Running Shoes,1,509.53,560.483,50.953
5459,MERIDIAN,Mississippi,6293,2025-03-23 10:27:00,Running Shoes,1,683.13,751.443,68.313
5322,ANDERSON,Indiana,2350,2025-03-23 05:49:00,Running Shoes,1,736.73,810.403,73.673
894,JACKSONVILLE,Florida,1698,2025-03-18 22:16:00,Running Shoes,1,712.73,784.003,71.273
7219,MONTGOMERY,Alabama,771,2025-03-24 19:27:00,Running Shoes,1,654.13,719.543,65.413
149,NEW YORK CITY,New York,2692,2025-03-18 10:11:00,Running Shoes,1,635.13,698.643,63.513
1866,CHARLOTTE,North Carolina,3565,2025-03-19 19:50:00,Running Shoes,1,635.13,698.643,63.513
6242,BIRMINGHAM,Alabama,2268,2025-03-24 01:06:00,Flip-Flops,1,595.93,655.523,59.593
6684,LITTLETON,Colorado,1395,2025-03-24 12:06:00,Flip-Flops,1,666.33,732.963,66.633
3706,PUEBLO,Colorado,4070,2025-03-21 16:00:00,Jackets,1,818.33,900.163,81.833
294,EVANSVILLE,Indiana,1267,2025-03-18 11:54:00,Jackets,1,637.13,700.843,63.713
5624,EL PASO,Texas,2159,2025-03-23 13:16:00,Sandals,1,704.73,775.203,70.473
5513,DES MOINES,Iowa,3970,2025-03-23 11:42:00,Sandals,1,1211.13,1332.243,121.113
5841,INDEPENDENCE,Missouri,4000,2025-03-23 16:51:00,Running Shoes,1,595.93,655.523,59.593
986,LAKE CHARLES,Louisiana,1418,2025-03-19 07:14:00,Running Shoes,1,527.13,579.843,52.713
4450,MODESTO,California,917,2025-03-22 11:00:00,Running Shoes,1,713.13,784.443,71.313
2559,KISSIMMEE,Florida,2501,2025-03-20 15:03:00,Running Shoes,1,635.13,698.643,63.513
5808,MIAMI,Florida,4222,2025-03-23 16:17:00,Running Shoes,1,497.13,546.843,49.713
7132,VIRGINIA BEACH,Virginia,5492,2025-03-24 18:05:00,Running Shoes,1,537.13,590.843,53.713
797,PITTSBURGH,Pennsylvania,2192,2025-03-18 20:17:00,Running Shoes,1,823.13,905.443,82.313
361,SPRINGFIELD,Missouri,4025,2025-03-18 12:58:00,Running Shoes,1,509.53,560.483,50.953
1343,EL PASO,Texas,2745,2025-03-19 13:07:00,Running Shoes,1,537.13,590.843,53.713
2393,SALT LAKE CITY,Utah,5506,2025-03-20 12:51:00,Running Shoes,1,652.13,717.343,65.213
5797,COLORADO SPRINGS,Colorado,1792,2025-03-23 16:05:00,Running Shoes,1,575.13,632.643,57.513
398,JEFFERSON CITY,Missouri,6090,2025-03-18 13:21:00,Running Shoes,1,537.13,590.843,53.713
3229,BETHLEHEM,Pennsylvania,3985,2025-03-21 07:48:00,Running Shoes,1,557.13,612.843,55.713
3577,SACRAMENTO,California,5597,2025-03-21 13:59:00,Running Shoes,1,658.33,724.163,65.833
1777,FORT WORTH,Texas,5288,2025-03-19 18:42:00,Running Shoes,1,585.13,643.643,58.513
2467,NEW YORK CITY,New York,4374,2025-03-20 13:50:00,Running Shoes,1,565.13,621.643,56.513
2540,ORLANDO,Florida,509,2025-03-20 14:49:00,Running Shoes,1,505.13,555.643,50.513
1648,CAMBRIDGE,Massachusetts,1162,2025-03-19 16:54:00,Running Shoes,1,497.13,546.843,49.713
5961,JERSEY CITY,New Jersey,1119,2025-03-23 19:03:00,Running Shoes,1,635.13,698.643,63.513
3286,PHILADELPHIA,Pennsylvania,4778,2025-03-21 09:45:00,Running Shoes,1,537.13,590.843,53.713
5690,PATERSON,New Jersey,951,2025-03-23 14:26:00,Running Shoes,1,595.93,655.523,59.593
6237,COLUMBIA,South Carolina,3053,2025-03-24 00:38:00,Running Shoes,1,801.13,881.243,80.113
6487,SAINT PETERSBURG,Florida,4993,2025-03-24 10:09:00,Running Shoes,1,537.13,590.843,53.713
4363,DALLAS,Texas,2257,2025-03-22 10:08:00,Running Shoes,1,723.13,795.443,72.313
6274,KANSAS CITY,Missouri,4556,2025-03-24 06:43:00,Running Shoes,1,527.13,579.843,52.713
1921,AMARILLO,Texas,5043,2025-03-19 20:58:00,Running Shoes,1,537.13,590.843,53.713
1034,WASHINGTON,District of Columbia,5134,2025-03-19 09:07:00,Running Shoes,1,527.13,579.843,52.713
5395,OXNARD,California,5727,2025-03-23 09:29:00,Running Shoes,1,507.13,557.843,50.713
5063,SAN DIEGO,California,3894,2025-03-22 19:29:00,Running Shoes,1,586.13,644.743,58.613
6842,OKLAHOMA CITY,Oklahoma,5857,2025-03-24 13:58:00,Running Shoes,1,831.13,914.243,83.113
7357,CORPUS CHRISTI,Texas,1148,2025-03-24 22:06:00,Walking Shoes,1,673.13,740.443,67.313
5723,GLENDALE,California,6449,2025-03-23 14:51:00,Walking Shoes,1,626.33,688.963,62.633
3587,INDIANAPOLIS,Indiana,6414,2025-03-21 14:07:00,Walking Shoes,1,547.93,602.723,54.793
130,LAFAYETTE,Louisiana,4429,2025-03-18 09:48:00,Walking Shoes,1,555.13,610.643,55.513
5269,MAPLE PLAIN,Minnesota,2895,2025-03-22 23:28:00,Walking Shoes,1,563.93,620.323,56.393
1997,SYRACUSE,New York,5955,2025-03-19 22:31:00,Walking Shoes,1,666.33,732.963,66.633
4947,NASHVILLE,Tennessee,1496,2025-03-22 17:31:00,Walking Shoes,1,595.93,655.523,59.593
2453,BONITA SPRINGS,Florida,1947,2025-03-20 13:42:00,Walking Shoes,1,674.33,741.763,67.433
816,EL PASO,Texas,848,2025-03-18 20:40:00,Running Shoes,1,615.13,676.643,61.513
6521,HOUSTON,Texas,185,2025-03-24 10:28:00,Running Shoes,1,602.33,662.563,60.233
1649,NEW ORLEANS,Louisiana,1578,2025-03-19 16:54:00,Running Shoes,1,658.33,724.163,65.833
6100,INGLEWOOD,California,2619,2025-03-23 21:18:00,Running Shoes,1,517.13,568.843,51.713
1218,NEW YORK CITY,New York,3608,2025-03-19 11:41:00,Running Shoes,1,733.13,806.443,73.313
4834,PHOENIX,Arizona,3850,2025-03-22 16:04:00,Running Shoes,1,800.73,880.803,80.073
6220,YOUNGSTOWN,Ohio,4555,2025-03-23 23:45:00,Running Shoes,1,547.93,602.723,54.793
6522,HARTFORD,Connecticut,2838,2025-03-24 10:29:00,Running Shoes,1,637.13,700.843,63.713
2536,MINNEAPOLIS,Minnesota,1221,2025-03-20 14:48:00,Running Shoes,1,555.93,611.523,55.593
4476,NORCROSS,Georgia,708,2025-03-22 11:17:00,Running Shoes,1,537.13,590.843,53.713
3478,CANTON,Ohio,430,2025-03-21 12:34:00,Running Shoes,1,517.53,569.283,51.753
2856,MADISON,Wisconsin,1223,2025-03-20 18:42:00,Boots,1,643.93,708.323,64.393
2155,BRONX,New York,875,2025-03-20 09:39:00,Sandals,1,477.13,524.843,47.713
2389,KANSAS CITY,Missouri,4720,2025-03-20 12:46:00,Walking Shoes,1,517.53,569.283,51.753
6388,BALTIMORE,Maryland,2708,2025-03-24 09:08:00,Running Shoes,1,635.13,698.643,63.513
3725,PITTSBURGH,Pennsylvania,5823,2025-03-21 16:17:00,Running Shoes,1,929.13,1022.043,92.913
4421,COLUMBUS,Georgia,2543,2025-03-22 10:41:00,Running Shoes,1,811.13,892.243,81.113
3548,SANTA BARBARA,California,4875,2025-03-21 13:39:00,Running Shoes,1,682.33,750.563,68.233
7416,PRESCOTT,Arizona,2543,2025-03-24 23:29:00,Running Shoes,1,509.53,560.483,50.953
6395,FLINT,Michigan,3792,2025-03-24 09:11:00,Running Shoes,1,595.93,655.523,59.593
7362,SAN MATEO,California,428,2025-03-24 22:11:00,Running Shoes,1,537.13,590.843,53.713
901,PROVIDENCE,Rhode Island,6355,2025-03-18 22:34:00,Running Shoes,1,517.53,569.283,51.753
5626,MIDLAND,Texas,1259,2025-03-23 13:20:00,Running Shoes,1,517.53,569.283,51.753
1669,CHARLOTTE,North Carolina,6441,2025-03-19 17:09:00,Running Shoes,1,537.13,590.843,53.713
7124,ALPHARETTA,Georgia,2322,2025-03-24 17:57:00,Running Shoes,1,537.13,590.843,53.713
7342,NORTH LITTLE ROCK,Arkansas,4072,2025-03-24 21:45:00,Running Shoes,1,517.53,569.283,51.753
2352,IRVING,Texas,6472,2025-03-20 12:16:00,Walking Shoes,1,501.53,551.683,50.153
1064,PHOENIX,Arizona,2223,2025-03-19 09:43:00,Running Shoes,1,642.33,706.563,64.233
4996,NEW HAVEN,Connecticut,1801,2025-03-22 18:33:00,Boots,1,505.13,555.643,50.513
4997,DALLAS,Texas,5236,2025-03-22 18:34:00,Flip-Flops,1,517.13,568.843,51.713
3586,BATTLE CREEK,Michigan,5618,2025-03-21 14:07:00,Running Shoes,1,587.93,646.723,58.793
2215,HARTFORD,Connecticut,3840,2025-03-20 10:28:00,Running Shoes,1,635.13,698.643,63.513
1809,GAINESVILLE,Georgia,3515,2025-03-19 19:02:00,Boy's,1,461.53,507.683,46.153
3519,BOWIE,Maryland,3820,2025-03-21 13:15:00,Sandals,1,517.13,568.843,51.713
6562,WHITTIER,California,5791,2025-03-24 10:51:00,Running Shoes,1,537.13,590.843,53.713
3673,AURORA,Illinois,3419,2025-03-21 15:31:00,Running Shoes,1,527.13,579.843,52.713
275,HOUSTON,Texas,2492,2025-03-18 11:44:00,Running Shoes,1,497.13,546.843,49.713
7181,FRESNO,California,2231,2025-03-24 18:54:00,Running Shoes,1,537.13,590.843,53.713
664,GAINESVILLE,Florida,3253,2025-03-18 17:10:00,Running Shoes,1,579.93,637.923,57.993
541,AUSTIN,Texas,2560,2025-03-18 15:17:00,Jackets,1,557.53,613.283,55.753
2733,TULSA,Oklahoma,947,2025-03-20 17:19:00,Running Shoes,1,823.13,905.443,82.313
5273,KNOXVILLE,Tennessee,3198,2025-03-22 23:41:00,Running Shoes,1,537.13,590.843,53.713
738,KANSAS CITY,Missouri,1178,2025-03-18 18:58:00,Running Shoes,1,537.13,590.843,53.713
6595,JOHNSON CITY,Tennessee,855,2025-03-24 11:15:00,Running Shoes,1,537.13,590.843,53.713
3164,FRESNO,California,2528,2025-03-20 23:43:00,Running Shoes,1,517.13,568.843,51.713
4296,SAN FRANCISCO,California,208,2025-03-22 09:24:00,Running Shoes,1,497.13,546.843,49.713
73,ALBANY,New York,3965,2025-03-18 08:25:00,Running Shoes,1,527.13,579.843,52.713
3537,NEW YORK CITY,New York,1990,2025-03-21 13:28:00,Walking Shoes,1,517.13,568.843,51.713
1132,OAKLAND,California,2729,2025-03-19 10:38:00,Walking Shoes,1,517.13,568.843,51.713
2320,AUSTIN,Texas,4720,2025-03-20 11:46:00,Walking Shoes,1,537.13,590.843,53.713
1238,BROOKLYN,New York,5427,2025-03-19 11:53:00,Jackets,1,677.53,745.283,67.753
6,BROOKLYN,New York,5663,2025-03-18 00:17:00,Running Shoes,1,579.93,637.923,57.993
3085,COLORADO SPRINGS,Colorado,985,2025-03-20 21:50:00,Running Shoes,1,587.93,646.723,58.793
5820,ZEPHYRHILLS,Florida,637,2025-03-23 16:28:00,Running Shoes,1,497.63,547.393,49.763
3227,WATERLOO,Iowa,5379,2025-03-21 07:43:00,Running Shoes,1,650.33,715.363,65.033
2260,EUGENE,Oregon,100,2025-03-20 11:10:00,Running Shoes,1,537.13,590.843,53.713
1279,HOUSTON,Texas,5522,2025-03-19 12:22:00,Running Shoes,1,650.33,715.363,65.033
1400,SAN BERNARDINO,California,2825,2025-03-19 13:43:00,Running Shoes,1,501.53,551.683,50.153
3619,BUFFALO,New York,5138,2025-03-21 14:40:00,Running Shoes,1,517.53,569.283,51.753
7117,BOSTON,Massachusetts,4394,2025-03-24 17:54:00,Running Shoes,1,563.93,620.323,56.393
44,BROOKLYN,New York,3543,2025-03-18 07:13:00,Running Shoes,1,517.53,569.283,51.753
7113,CARSON CITY,Nevada,102,2025-03-24 17:51:00,Flip-Flops,1,493.53,542.883,49.353
5710,CLEARWATER,Florida,5002,2025-03-23 14:42:00,Flip-Flops,1,525.53,578.083,52.553
4946,NEW YORK CITY,New York,5299,2025-03-22 17:30:00,Jackets,1,587.13,645.843,58.713
6415,SAN FRANCISCO,California,5317,2025-03-24 09:22:00,Running Shoes,1,459.13,505.043,45.913
3353,SANTA CRUZ,California,4155,2025-03-21 10:44:00,Running Shoes,1,566.13,622.743,56.613
2102,GATESVILLE,Texas,4872,2025-03-20 08:43:00,Sandals,1,751.13,826.243,75.113
4039,WASHINGTON,District of Columbia,2552,2025-03-21 21:39:00,Running Shoes,1,517.53,569.283,51.753
3014,NEW YORK CITY,New York,2029,2025-03-20 21:01:00,Running Shoes,1,595.93,655.523,59.593
79,TAMPA,Florida,3158,2025-03-18 08:36:00,Running Shoes,1,497.13,546.843,49.713
4769,SAN JOSE,California,5733,2025-03-22 15:04:00,Running Shoes,1,666.33,732.963,66.633
5220,ATLANTA,Georgia,4933,2025-03-22 22:12:00,Running Shoes,1,690.33,759.363,69.033
1074,VIRGINIA BEACH,Virginia,1937,2025-03-19 09:56:00,Running Shoes,1,497.13,546.843,49.713
7035,SCRANTON,Pennsylvania,4486,2025-03-24 16:34:00,Running Shoes,1,497.13,546.843,49.713
940,HOUSTON,Texas,2595,2025-03-18 23:51:00,Running Shoes,1,611.93,673.123,61.193
5365,WORCESTER,Massachusetts,1457,2025-03-23 08:41:00,Running Shoes,1,517.53,569.283,51.753
4673,FRESNO,California,1984,2025-03-22 13:42:00,Running Shoes,1,605.13,665.643,60.513
1534,TALLAHASSEE,Florida,3683,2025-03-19 15:42:00,Running Shoes,1,704.73,775.203,70.473
5744,KNOXVILLE,Tennessee,3556,2025-03-23 15:15:00,Running Shoes,1,501.53,551.683,50.153
1955,LONG BEACH,California,5743,2025-03-19 21:45:00,Running Shoes,1,509.53,560.483,50.953
6546,SAINT LOUIS,Missouri,3476,2025-03-24 10:42:00,Running Shoes,1,485.53,534.083,48.553
6623,DES MOINES,Iowa,2032,2025-03-24 11:32:00,Running Shoes,1,527.13,579.843,52.713
2341,SAN DIEGO,California,2206,2025-03-20 12:04:00,Running Shoes,1,572.13,629.343,57.213
4867,HOUSTON,Texas,958,2025-03-22 16:33:00,Running Shoes,1,493.53,542.883,49.353
1677,INDIANAPOLIS,Indiana,2128,2025-03-19 17:20:00,Running Shoes,1,517.53,569.283,51.753
5833,NEW ORLEANS,Louisiana,3202,2025-03-23 16:42:00,Running Shoes,1,493.53,542.883,49.353
832,ALBANY,Georgia,655,2025-03-18 21:01:00,Running Shoes,1,501.53,551.683,50.153
5985,MODESTO,California,5408,2025-03-23 19:32:00,Running Shoes,1,595.93,655.523,59.593
7252,ATLANTA,Georgia,5093,2025-03-24 20:01:00,Running Shoes,1,595.93,655.523,59.593
4974,BOISE,Idaho,953,2025-03-22 18:11:00,Running Shoes,1,537.13,590.843,53.713
1680,SAN DIEGO,California,1573,2025-03-19 17:25:00,Running Shoes,1,517.53,569.283,51.753
6133,ATLANTA,Georgia,3809,2025-03-23 21:47:00,Running Shoes,1,527.13,579.843,52.713
3821,TACOMA,Washington,5815,2025-03-21 17:55:00,Running Shoes,1,507.13,557.843,50.713
3804,EVANSVILLE,Indiana,1443,2025-03-21 17:32:00,Running Shoes,1,517.53,569.283,51.753
4376,GALVESTON,Texas,1748,2025-03-22 10:13:00,Running Shoes,1,493.53,542.883,49.353
2033,PHOENIX,Arizona,2789,2025-03-19 23:56:00,Running Shoes,1,507.13,557.843,50.713
3637,DAYTON,Ohio,2295,2025-03-21 14:59:00,Running Shoes,1,507.13,557.843,50.713
4925,SAN BERNARDINO,California,1215,2025-03-22 17:14:00,Running Shoes,1,690.33,759.363,69.033
5994,WALTHAM,Massachusetts,3641,2025-03-23 19:43:00,Running Shoes,1,517.53,569.283,51.753
3767,LAWRENCEVILLE,Georgia,3347,2025-03-21 16:52:00,Running Shoes,1,537.13,590.843,53.713
394,SALT LAKE CITY,Utah,3192,2025-03-18 13:19:00,Running Shoes,1,517.53,569.283,51.753
6836,JACKSONVILLE,Florida,2054,2025-03-24 13:55:00,Running Shoes,1,537.13,590.843,53.713
7339,JACKSONVILLE,Florida,746,2025-03-24 21:37:00,Walking Shoes,1,571.93,629.123,57.193
5186,WASHINGTON,District of Columbia,1263,2025-03-22 21:24:00,Walking Shoes,1,595.93,655.523,59.593
329,GLENDALE,Arizona,304,2025-03-18 12:29:00,Walking Shoes,1,517.53,569.283,51.753
2835,BILOXI,Mississippi,5420,2025-03-20 18:30:00,Running Shoes,1,527.13,579.843,52.713
691,LOS ANGELES,California,4191,2025-03-18 17:37:00,Running Shoes,1,831.13,914.243,83.113
729,ARLINGTON,Texas,2312,2025-03-18 18:44:00,Flip-Flops,1,703.13,773.443,70.313
2613,ORLANDO,Florida,3090,2025-03-20 15:35:00,Running Shoes,1,537.13,590.843,53.713
1833,LINCOLN,Nebraska,6147,2025-03-19 19:20:00,Running Shoes,1,537.13,590.843,53.713
2154,CHARLOTTE,North Carolina,3633,2025-03-20 09:39:00,Running Shoes,1,517.13,568.843,51.713
7202,DES MOINES,Iowa,6477,2025-03-24 19:17:00,Walking Shoes,1,517.13,568.843,51.713
148,VALLEY FORGE,Pennsylvania,3908,2025-03-18 10:10:00,Running Shoes,1,517.53,569.283,51.753
5595,NORTH PORT,Florida,4008,2025-03-23 12:54:00,Running Shoes,1,635.13,698.643,63.513
1394,CLEVELAND,Ohio,6245,2025-03-19 13:40:00,Running Shoes,1,537.13,590.843,53.713
5180,CAPE CORAL,Florida,4362,2025-03-22 21:20:00,Running Shoes,1,517.53,569.283,51.753
3995,PHOENIX,Arizona,6458,2025-03-21 20:41:00,Running Shoes,1,490.13,539.143,49.013
782,FORT LAUDERDALE,Florida,3890,2025-03-18 19:56:00,Running Shoes,1,595.93,655.523,59.593
4221,JACKSONVILLE,Florida,5264,2025-03-22 08:25:00,Running Shoes,1,517.53,569.283,51.753
3713,BALTIMORE,Maryland,117,2025-03-21 16:08:00,Running Shoes,1,625.13,687.643,62.513
6389,DALLAS,Texas,1272,2025-03-24 09:09:00,Running Shoes,1,527.13,579.843,52.713
5547,HUNTSVILLE,Texas,5660,2025-03-23 12:15:00,Running Shoes,1,625.13,687.643,62.513
6571,BROOKLYN,New York,1022,2025-03-24 11:00:00,Running Shoes,1,527.13,579.843,52.713
87,FRESNO,California,3336,2025-03-18 08:51:00,Running Shoes,1,504.13,554.543,50.413
4071,SAVANNAH,Georgia,4913,2025-03-21 22:23:00,Running Shoes,1,509.53,560.483,50.953
1778,SYRACUSE,New York,5682,2025-03-19 18:42:00,Running Shoes,1,504.13,554.543,50.413
3762,DALLAS,Texas,5959,2025-03-21 16:49:00,Running Shoes,1,478.33,526.163,47.833
6124,BERKELEY,California,1514,2025-03-23 21:39:00,Running Shoes,1,504.13,554.543,50.413
4181,BOCA RATON,Florida,1950,2025-03-22 07:31:00,Running Shoes,1,501.53,551.683,50.153
4671,LOS ANGELES,California,3118,2025-03-22 13:41:00,Running Shoes,1,497.63,547.393,49.763
4732,FARMINGTON,Michigan,5761,2025-03-22 14:26:00,Running Shoes,1,517.53,569.283,51.753
3854,MIAMI,Florida,3570,2025-03-21 18:29:00,Running Shoes,1,517.53,569.283,51.753
6741,SALT LAKE CITY,Utah,3707,2025-03-24 12:47:00,Running Shoes,1,547.93,602.723,54.793
3512,TUCSON,Arizona,4825,2025-03-21 13:05:00,Running Shoes,1,541.13,595.243,54.113
6735,HUNTINGTON,West Virginia,5188,2025-03-24 12:42:00,Running Shoes,1,504.13,554.543,50.413
4775,MEMPHIS,Tennessee,1738,2025-03-22 15:09:00,Boots,1,439.13,483.043,43.913
757,TUSCALOOSA,Alabama,1350,2025-03-18 19:18:00,Running Shoes,1,439.13,483.043,43.913
4797,ATLANTA,Georgia,3456,2025-03-22 15:28:00,Boots,1,625.13,687.643,62.513
6765,SPRINGFIELD,Virginia,6060,2025-03-24 13:01:00,Boots,1,458.13,503.943,45.813
3448,GREENSBORO,North Carolina,3774,2025-03-21 12:12:00,Flip-Flops,1,567.13,623.843,56.713
344,ALBUQUERQUE,New Mexico,525,2025-03-18 12:45:00,Running Shoes,1,671.53,738.683,67.153
1571,TULSA,Oklahoma,898,2025-03-19 16:11:00,Running Shoes,1,579.93,637.923,57.993
2413,CHULA VISTA,California,983,2025-03-20 13:07:00,Running Shoes,1,563.63,619.993,56.363
5472,NEWARK,New Jersey,5445,2025-03-23 10:53:00,Boots,1,597.53,657.283,59.753
1313,PROVO,Utah,4177,2025-03-19 12:47:00,Running Shoes,1,527.13,579.843,52.713
3235,CARSON CITY,Nevada,4615,2025-03-21 08:01:00,Running Shoes,1,501.53,551.683,50.153
2721,PITTSBURGH,Pennsylvania,603,2025-03-20 17:13:00,Running Shoes,1,501.53,551.683,50.153
2342,SIOUX FALLS,South Dakota,1357,2025-03-20 12:05:00,Running Shoes,1,575.13,632.643,57.513
102,SILVER SPRING,Maryland,4901,2025-03-18 09:11:00,Running Shoes,1,587.93,646.723,58.793
1282,HUNTINGTON,West Virginia,6399,2025-03-19 12:23:00,Running Shoes,1,744.73,819.203,74.473
3079,SAGINAW,Michigan,1411,2025-03-20 21:46:00,Running Shoes,1,517.53,569.283,51.753
1030,CARSON CITY,Nevada,546,2025-03-19 09:03:00,Running Shoes,1,517.53,569.283,51.753
1481,LOUISVILLE,Kentucky,5914,2025-03-19 14:59:00,Running Shoes,1,616.93,678.623,61.693
2480,CARSON CITY,Nevada,1119,2025-03-20 14:02:00,Running Shoes,1,527.13,579.843,52.713
3542,LUBBOCK,Texas,2759,2025-03-21 13:35:00,Running Shoes,1,507.13,557.843,50.713
5179,EVANSVILLE,Indiana,2330,2025-03-22 21:18:00,Running Shoes,1,501.53,551.683,50.153
190,DES MOINES,Iowa,4472,2025-03-18 10:38:00,Running Shoes,1,794.33,873.763,79.433
1730,JACKSONVILLE,Florida,2171,2025-03-19 18:05:00,Running Shoes,1,507.13,557.843,50.713
4389,LOS ANGELES,California,2048,2025-03-22 10:19:00,Running Shoes,1,541.13,595.243,54.113
6586,LEXINGTON,Kentucky,2884,2025-03-24 11:11:00,Running Shoes,1,493.53,542.883,49.353
5360,OCEANSIDE,California,3835,2025-03-23 08:34:00,Running Shoes,1,509.53,560.483,50.953
2278,RICHMOND,Virginia,4308,2025-03-20 11:25:00,Running Shoes,1,527.13,579.843,52.713
371,DALLAS,Texas,5131,2025-03-18 13:06:00,Running Shoes,1,517.13,568.843,51.713
3904,WEST HARTFORD,Connecticut,414,2025-03-21 19:10:00,Running Shoes,1,555.93,611.523,55.593
4579,HIALEAH,Florida,5542,2025-03-22 12:30:00,Running Shoes,1,595.13,654.643,59.513
318,TOLEDO,Ohio,5439,2025-03-18 12:18:00,Running Shoes,1,517.53,569.283,51.753
555,WARREN,Ohio,1045,2025-03-18 15:34:00,Running Shoes,1,490.13,539.143,49.013
6894,SPOKANE,Washington,474,2025-03-24 14:28:00,Running Shoes,1,527.13,579.843,52.713
4404,OKLAHOMA CITY,Oklahoma,5565,2025-03-22 10:30:00,Running Shoes,1,501.53,551.683,50.153
928,ROANOKE,Virginia,5541,2025-03-18 23:23:00,Running Shoes,1,490.13,539.143,49.013
7298,LUBBOCK,Texas,2244,2025-03-24 20:42:00,Running Shoes,1,488.13,536.943,48.813
6425,RICHMOND,Virginia,2870,2025-03-24 09:30:00,Running Shoes,1,497.63,547.393,49.763
2171,PASADENA,Texas,1368,2025-03-20 09:51:00,Running Shoes,1,527.13,579.843,52.713
1056,PORT CHARLOTTE,Florida,3976,2025-03-19 09:35:00,Running Shoes,1,517.53,569.283,51.753
5528,BRONX,New York,5544,2025-03-23 11:59:00,Running Shoes,1,517.13,568.843,51.713
558,BALTIMORE,Maryland,4554,2025-03-18 15:35:00,Running Shoes,1,591.03,650.133,59.103
2820,FORT PIERCE,Florida,4973,2025-03-20 18:16:00,Running Shoes,1,666.33,732.963,66.633
3652,SAN JOSE,California,744,2025-03-21 15:13:00,Running Shoes,1,505.13,555.643,50.513
4415,BROCKTON,Massachusetts,5530,2025-03-22 10:37:00,Boots,1,505.13,555.643,50.513
883,BATON ROUGE,Louisiana,265,2025-03-18 22:04:00,Flip-Flops,1,509.53,560.483,50.953
1961,STOCKTON,California,2344,2025-03-19 21:53:00,Flip-Flops,1,509.53,560.483,50.953
1502,TACOMA,Washington,5229,2025-03-19 15:11:00,Flip-Flops,1,527.13,579.843,52.713
2316,COLUMBIA,South Carolina,3234,2025-03-20 11:45:00,Flip-Flops,1,728.73,801.603,72.873
3644,ORANGE,California,6340,2025-03-21 15:07:00,Jackets,1,597.13,656.843,59.713
5353,CHICAGO,Illinois,4590,2025-03-23 08:24:00,Jackets,1,581.53,639.683,58.153
7352,DETROIT,Michigan,6124,2025-03-24 22:00:00,Jackets,1,565.53,622.083,56.553
374,SPRINGFIELD,Massachusetts,573,2025-03-18 13:07:00,Jackets,1,557.53,613.283,55.753
2113,WARREN,Ohio,197,2025-03-20 08:59:00,Jackets,1,550.13,605.143,55.013
4478,TOPEKA,Kansas,212,2025-03-22 11:17:00,Jackets,1,587.13,645.843,58.713
4500,MIAMI,Florida,2592,2025-03-22 11:31:00,Running Shoes,1,488.13,536.943,48.813
769,SAN ANTONIO,Texas,5333,2025-03-18 19:40:00,Running Shoes,1,459.13,505.043,45.913
3939,SAN ANTONIO,Texas,6090,2025-03-21 19:44:00,Running Shoes,1,604.13,664.543,60.413
990,BROOKLYN,New York,1495,2025-03-19 07:38:00,Running Shoes,1,478.33,526.163,47.833
4977,SAN JOSE,California,6355,2025-03-22 18:13:00,Running Shoes,1,579.93,637.923,57.993
5014,SAINT PAUL,Minnesota,2362,2025-03-22 18:52:00,Sandals,1,507.13,557.843,50.713
658,APACHE JUNCTION,Arizona,4268,2025-03-18 17:03:00,Sandals,1,507.13,557.843,50.713
1541,CAMBRIDGE,Massachusetts,5962,2025-03-19 15:48:00,Running Shoes,1,485.53,534.083,48.553
2521,EL PASO,Texas,5190,2025-03-20 14:36:00,Running Shoes,1,517.53,569.283,51.753
1131,SAN DIEGO,California,6443,2025-03-19 10:37:00,Running Shoes,1,517.53,569.283,51.753
1470,SALEM,Oregon,4079,2025-03-19 14:51:00,Running Shoes,1,517.53,569.283,51.753
5678,MILWAUKEE,Wisconsin,1362,2025-03-23 14:11:00,Running Shoes,1,517.53,569.283,51.753
6746,EVERETT,Washington,180,2025-03-24 12:52:00,Running Shoes,1,587.93,646.723,58.793
5457,EL PASO,Texas,4814,2025-03-23 10:24:00,Running Shoes,1,595.93,655.523,59.593
3910,LINCOLN,Nebraska,1681,2025-03-21 19:15:00,Running Shoes,1,541.13,595.243,54.113
3347,GREENSBORO,North Carolina,2988,2025-03-21 10:41:00,Running Shoes,1,517.13,568.843,51.713
3139,MERRIFIELD,Virginia,3688,2025-03-20 22:58:00,Running Shoes,1,509.53,560.483,50.953
3869,FRESNO,California,4959,2025-03-21 18:38:00,Running Shoes,1,509.53,560.483,50.953
3855,MINNEAPOLIS,Minnesota,2438,2025-03-21 18:29:00,Running Shoes,1,497.13,546.843,49.713
3959,PITTSBURGH,Pennsylvania,91,2025-03-21 20:06:00,Running Shoes,1,490.13,539.143,49.013
7330,ALEXANDRIA,Virginia,60,2025-03-24 21:23:00,Running Shoes,1,571.93,629.123,57.193
3837,WASHINGTON,District of Columbia,4257,2025-03-21 18:12:00,Running Shoes,1,537.13,590.843,53.713
3565,NEW HAVEN,Connecticut,4218,2025-03-21 13:47:00,Running Shoes,1,517.53,569.283,51.753
21,MAPLE PLAIN,Minnesota,6113,2025-03-18 01:12:00,Running Shoes,1,505.13,555.643,50.513
3153,ERIE,Pennsylvania,3677,2025-03-20 23:19:00,Running Shoes,1,595.93,655.523,59.593
3414,JAMAICA,New York,6279,2025-03-21 11:31:00,Running Shoes,1,537.13,590.843,53.713
5059,JACKSONVILLE,Florida,4354,2025-03-22 19:27:00,Running Shoes,1,517.53,569.283,51.753
1468,MONTICELLO,Minnesota,5986,2025-03-19 14:50:00,Running Shoes,1,505.13,555.643,50.513
3707,WHITE PLAINS,New York,1775,2025-03-21 16:02:00,Running Shoes,1,571.13,628.243,57.113
6350,DAYTON,Ohio,2747,2025-03-24 08:38:00,Running Shoes,1,517.53,569.283,51.753
2740,SACRAMENTO,California,4679,2025-03-20 17:22:00,Running Shoes,1,517.53,569.283,51.753
5709,AUSTIN,Texas,1986,2025-03-23 14:42:00,Running Shoes,1,504.13,554.543,50.413
5736,PUEBLO,Colorado,354,2025-03-23 15:12:00,Running Shoes,1,517.13,568.843,51.713
4914,OMAHA,Nebraska,47,2025-03-22 17:05:00,Running Shoes,1,563.63,619.993,56.363
7178,GLENDALE,California,4631,2025-03-24 18:51:00,Running Shoes,1,517.53,569.283,51.753
5108,EL PASO,Texas,618,2025-03-22 20:11:00,Running Shoes,1,485.53,534.083,48.553
6821,EVANSVILLE,Indiana,6248,2025-03-24 13:46:00,Running Shoes,1,537.13,590.843,53.713
5502,AMARILLO,Texas,2085,2025-03-23 11:31:00,Running Shoes,1,512.63,563.893,51.263
4512,LANSING,Michigan,1663,2025-03-22 11:41:00,Running Shoes,1,497.63,547.393,49.763
5677,SPOKANE,Washington,4656,2025-03-23 14:10:00,Running Shoes,1,509.53,560.483,50.953
6831,MEMPHIS,Tennessee,1654,2025-03-24 13:54:00,Running Shoes,1,517.53,569.283,51.753
6115,DENVER,Colorado,248,2025-03-23 21:31:00,Running Shoes,1,509.53,560.483,50.953
1461,METAIRIE,Louisiana,3626,2025-03-19 14:45:00,Running Shoes,1,500.73,550.803,50.073
4176,LINCOLN,Nebraska,4139,2025-03-22 06:49:00,Running Shoes,1,517.53,569.283,51.753
765,AKRON,Ohio,2950,2025-03-18 19:35:00,Running Shoes,1,595.93,655.523,59.593
4013,MINNEAPOLIS,Minnesota,5394,2025-03-21 21:01:00,Running Shoes,1,527.13,579.843,52.713
2433,FORT WORTH,Texas,692,2025-03-20 13:22:00,Running Shoes,1,569.33,626.263,56.933
924,GREAT NECK,New York,6408,2025-03-18 23:19:00,Running Shoes,1,505.13,555.643,50.513
6769,HUNTSVILLE,Alabama,4781,2025-03-24 13:05:00,Running Shoes,1,497.13,546.843,49.713
3890,LANCASTER,California,6460,2025-03-21 19:00:00,Running Shoes,1,517.53,569.283,51.753
3857,JACKSON,Mississippi,6176,2025-03-21 18:31:00,Running Shoes,1,497.63,547.393,49.763
3764,GARLAND,Texas,5056,2025-03-21 16:50:00,Running Shoes,1,556.13,611.743,55.613
3597,INDIANAPOLIS,Indiana,5511,2025-03-21 14:16:00,Running Shoes,1,500.73,550.803,50.073
4366,LEXINGTON,Kentucky,1525,2025-03-22 10:08:00,Running Shoes,1,517.53,569.283,51.753
6058,BOSTON,Massachusetts,1686,2025-03-23 20:50:00,Running Shoes,1,485.53,534.083,48.553
7274,LOS ANGELES,California,5855,2025-03-24 20:19:00,Running Shoes,1,555.13,610.643,55.513
4435,LITTLETON,Colorado,1126,2025-03-22 10:50:00,Running Shoes,1,512.63,563.893,51.263
3559,NEW ORLEANS,Louisiana,6338,2025-03-21 13:44:00,Running Shoes,1,622.13,684.343,62.213
5718,TEMPLE,Texas,1224,2025-03-23 14:46:00,Running Shoes,1,501.53,551.683,50.153
5686,WICHITA,Kansas,1255,2025-03-23 14:24:00,Running Shoes,1,586.13,644.743,58.613
6200,ROCHESTER,New York,3495,2025-03-23 23:13:00,Running Shoes,1,517.53,569.283,51.753
259,HICKSVILLE,New York,6480,2025-03-18 11:28:00,Running Shoes,1,615.13,676.643,61.513
647,MINNEAPOLIS,Minnesota,4011,2025-03-18 16:50:00,Running Shoes,1,527.13,579.843,52.713
681,DALLAS,Texas,3010,2025-03-18 17:28:00,Running Shoes,1,537.13,590.843,53.713
6361,SALT LAKE CITY,Utah,177,2025-03-24 08:46:00,Running Shoes,1,517.53,569.283,51.753
5182,MODESTO,California,1203,2025-03-22 21:21:00,Running Shoes,1,605.13,665.643,60.513
4823,FREDERICK,Maryland,6197,2025-03-22 15:52:00,Running Shoes,1,563.93,620.323,56.393
5703,DALLAS,Texas,1773,2025-03-23 14:38:00,Running Shoes,1,517.53,569.283,51.753
3392,ORLANDO,Florida,4154,2025-03-21 11:18:00,Running Shoes,1,595.93,655.523,59.593
343,COLORADO SPRINGS,Colorado,3098,2025-03-18 12:44:00,Running Shoes,1,527.13,579.843,52.713
5040,SARASOTA,Florida,5291,2025-03-22 19:16:00,Running Shoes,1,497.63,547.393,49.763
2725,WASHINGTON,District of Columbia,1357,2025-03-20 17:14:00,Running Shoes,1,509.53,560.483,50.953
3031,HATTIESBURG,Mississippi,3497,2025-03-20 21:10:00,Running Shoes,1,486.73,535.403,48.673
5091,EL PASO,Texas,1503,2025-03-22 19:53:00,Running Shoes,1,493.53,542.883,49.353
2547,VAN NUYS,California,2972,2025-03-20 14:54:00,Running Shoes,1,555.93,611.523,55.593
1038,ABILENE,Texas,4782,2025-03-19 09:15:00,Running Shoes,1,486.73,535.403,48.673
3681,WHITTIER,California,3039,2025-03-21 15:41:00,Running Shoes,1,527.13,579.843,52.713
6000,MIAMI,Florida,2753,2025-03-23 19:47:00,Running Shoes,1,587.93,646.723,58.793
5232,RICHMOND,Virginia,647,2025-03-22 22:27:00,Running Shoes,1,527.13,579.843,52.713
2293,WASHINGTON,District of Columbia,2868,2025-03-20 11:32:00,Running Shoes,1,578.63,636.493,57.863
5350,PITTSBURGH,Pennsylvania,6015,2025-03-23 08:18:00,Running Shoes,1,517.53,569.283,51.753
6558,BROOKSVILLE,Florida,928,2025-03-24 10:50:00,Running Shoes,1,555.13,610.643,55.513
602,SAN MATEO,California,3825,2025-03-18 16:15:00,Running Shoes,1,541.13,595.243,54.113
6270,FLINT,Michigan,3260,2025-03-24 06:33:00,Running Shoes,1,509.53,560.483,50.953
1001,PHOENIX,Arizona,415,2025-03-19 08:11:00,Running Shoes,1,490.13,539.143,49.013
5411,COLORADO SPRINGS,Colorado,2741,2025-03-23 09:43:00,Running Shoes,1,537.13,590.843,53.713
6290,WACO,Texas,2837,2025-03-24 07:28:00,Running Shoes,1,509.53,560.483,50.953
4203,DES MOINES,Iowa,5062,2025-03-22 08:12:00,Running Shoes,1,505.13,555.643,50.513
4348,PITTSBURGH,Pennsylvania,3015,2025-03-22 09:56:00,Running Shoes,1,509.53,560.483,50.953
2353,FAIRFAX,Virginia,2525,2025-03-20 12:16:00,Running Shoes,1,537.13,590.843,53.713
5341,BALTIMORE,Maryland,287,2025-03-23 07:41:00,Running Shoes,1,509.53,560.483,50.953
166,ORANGE,California,2574,2025-03-18 10:25:00,Running Shoes,1,509.53,560.483,50.953
1913,PEORIA,Illinois,2247,2025-03-19 20:42:00,Running Shoes,1,509.53,560.483,50.953
429,ORLANDO,Florida,5103,2025-03-18 13:43:00,Running Shoes,1,517.53,569.283,51.753
6436,YORK,Pennsylvania,357,2025-03-24 09:39:00,Running Shoes,1,490.13,539.143,49.013
6644,CHARLOTTE,North Carolina,4465,2025-03-24 11:43:00,Running Shoes,1,512.63,563.893,51.263
7008,HOUSTON,Texas,799,2025-03-24 16:13:00,Running Shoes,1,547.93,602.723,54.793
1361,PALM BAY,Florida,6193,2025-03-19 13:22:00,Running Shoes,1,678.53,746.383,67.853
4191,HARRISBURG,Pennsylvania,1696,2025-03-22 07:52:00,Running Shoes,1,537.13,590.843,53.713
1285,NEW BEDFORD,Massachusetts,1084,2025-03-19 12:25:00,Running Shoes,1,504.13,554.543,50.413
212,MERIDIAN,Mississippi,1453,2025-03-18 10:57:00,Running Shoes,1,504.13,554.543,50.413
578,NEW ORLEANS,Louisiana,5345,2025-03-18 15:56:00,Running Shoes,1,505.13,555.643,50.513
4917,NEW YORK CITY,New York,203,2025-03-22 17:08:00,Running Shoes,1,517.53,569.283,51.753
199,ATLANTA,Georgia,1423,2025-03-18 10:45:00,Running Shoes,1,517.53,569.283,51.753
5112,LOS ANGELES,California,6291,2025-03-22 20:14:00,Running Shoes,1,673.13,740.443,67.313
3357,FORT SMITH,Arkansas,2876,2025-03-21 10:45:00,Running Shoes,1,517.53,569.283,51.753
723,PATERSON,New Jersey,1473,2025-03-18 18:26:00,Running Shoes,1,517.53,569.283,51.753
3943,JOLIET,Illinois,1256,2025-03-21 19:49:00,Running Shoes,1,517.53,569.283,51.753
5168,BRONX,New York,6198,2025-03-22 21:08:00,Running Shoes,1,504.13,554.543,50.413
809,SPOKANE,Washington,4826,2025-03-18 20:31:00,Running Shoes,1,509.53,560.483,50.953
1193,AMARILLO,Texas,6098,2025-03-19 11:29:00,Running Shoes,1,505.13,555.643,50.513
4544,MOBILE,Alabama,1681,2025-03-22 12:00:00,Running Shoes,1,578.63,636.493,57.863
510,NEW YORK CITY,New York,1991,2025-03-18 14:46:00,Running Shoes,1,569.13,626.043,56.913
2415,SYRACUSE,New York,4467,2025-03-20 13:08:00,Running Shoes,1,587.93,646.723,58.793
338,DALLAS,Texas,3687,2025-03-18 12:38:00,Running Shoes,1,509.53,560.483,50.953
1678,DURHAM,North Carolina,6381,2025-03-19 17:21:00,Running Shoes,1,509.53,560.483,50.953
2523,DALLAS,Texas,2232,2025-03-20 14:37:00,Running Shoes,1,509.53,560.483,50.953
4676,FAIRFIELD,Connecticut,3304,2025-03-22 13:44:00,Running Shoes,1,509.53,560.483,50.953
3709,PUEBLO,Colorado,5486,2025-03-21 16:04:00,Running Shoes,1,587.93,646.723,58.793
4212,TUSCALOOSA,Alabama,3972,2025-03-22 08:19:00,Running Shoes,1,504.13,554.543,50.413
376,CORPUS CHRISTI,Texas,1434,2025-03-18 13:08:00,Running Shoes,1,493.53,542.883,49.353
6018,TULSA,Oklahoma,622,2025-03-23 20:08:00,Running Shoes,1,547.93,602.723,54.793
2193,MEMPHIS,Tennessee,6274,2025-03-20 10:08:00,Running Shoes,1,490.13,539.143,49.013
4322,AMARILLO,Texas,1583,2025-03-22 09:41:00,Running Shoes,1,501.53,551.683,50.153
5447,COLUMBIA,South Carolina,5497,2025-03-23 10:16:00,Running Shoes,1,501.53,551.683,50.153
7121,PORT CHARLOTTE,Florida,115,2025-03-24 17:55:00,Running Shoes,1,517.53,569.283,51.753
4468,GLENDALE,California,5378,2025-03-22 11:12:00,Running Shoes,1,517.13,568.843,51.713
2462,ATLANTA,Georgia,552,2025-03-20 13:48:00,Running Shoes,1,485.53,534.083,48.553
4725,COLORADO SPRINGS,Colorado,712,2025-03-22 14:22:00,Running Shoes,1,504.13,554.543,50.413
1996,CORPUS CHRISTI,Texas,3521,2025-03-19 22:31:00,Running Shoes,1,537.13,590.843,53.713
189,SAN RAFAEL,California,4479,2025-03-18 10:37:00,Running Shoes,1,505.13,555.643,50.513
357,OAKLAND,California,4863,2025-03-18 12:56:00,Running Shoes,1,509.53,560.483,50.953
1608,SPARKS,Nevada,1027,2025-03-19 16:35:00,Running Shoes,1,490.13,539.143,49.013
491,SANDY,Utah,1200,2025-03-18 14:32:00,Running Shoes,1,497.63,547.393,49.763
4008,DETROIT,Michigan,1131,2025-03-21 20:58:00,Running Shoes,1,493.53,542.883,49.353
4964,GLENDALE,California,1826,2025-03-22 17:58:00,Running Shoes,1,493.53,542.883,49.353
5958,NASHVILLE,Tennessee,3871,2025-03-23 19:00:00,Running Shoes,1,509.53,560.483,50.953
2562,SIOUX FALLS,South Dakota,2043,2025-03-20 15:03:00,Running Shoes,1,537.13,590.843,53.713
2207,TUSCALOOSA,Alabama,1842,2025-03-20 10:20:00,Running Shoes,1,517.53,569.283,51.753
3485,WASHINGTON,District of Columbia,1992,2025-03-21 12:38:00,Running Shoes,1,505.13,555.643,50.513
2797,FRESNO,California,3592,2025-03-20 17:58:00,Running Shoes,1,490.13,539.143,49.013
106,LAKE CHARLES,Louisiana,4861,2025-03-18 09:20:00,Running Shoes,1,497.63,547.393,49.763
590,STOCKTON,California,6353,2025-03-18 16:07:00,Running Shoes,1,509.53,560.483,50.953
7187,SAN FRANCISCO,California,6475,2025-03-24 19:02:00,Running Shoes,1,595.93,655.523,59.593
5933,MILWAUKEE,Wisconsin,4748,2025-03-23 18:25:00,Running Shoes,1,537.13,590.843,53.713
3501,POCATELLO,Idaho,6015,2025-03-21 12:54:00,Running Shoes,1,497.63,547.393,49.763
2056,SANTA ROSA,California,3184,2025-03-20 01:36:00,Running Shoes,1,642.33,706.563,64.233
2960,TULSA,Oklahoma,2842,2025-03-20 20:04:00,Cycling Shoes,1,505.13,555.643,50.513
1564,SCRANTON,Pennsylvania,5033,2025-03-19 16:07:00,Cycling Shoes,1,537.13,590.843,53.713
2620,SAN FRANCISCO,California,2670,2025-03-20 15:41:00,Cycling Shoes,1,537.13,590.843,53.713
3868,SAN ANTONIO,Texas,2560,2025-03-21 18:37:00,Cycling Shoes,1,666.33,732.963,66.633
6884,COLORADO SPRINGS,Colorado,3885,2025-03-24 14:23:00,Cycling Shoes,1,509.53,560.483,50.953
1801,BUFFALO,New York,830,2025-03-19 18:54:00,Cycling Shoes,1,517.13,568.843,51.713
982,BOCA RATON,Florida,3425,2025-03-19 07:01:00,Cycling Shoes,1,493.53,542.883,49.353
5586,DENVER,Colorado,3831,2025-03-23 12:43:00,Cycling Shoes,1,563.63,619.993,56.363
1158,MINNEAPOLIS,Minnesota,2479,2025-03-19 11:00:00,Cycling Shoes,1,517.53,569.283,51.753
7073,ATLANTA,Georgia,5706,2025-03-24 16:59:00,Cycling Shoes,1,482.63,530.893,48.263
2619,CINCINNATI,Ohio,3208,2025-03-20 15:40:00,Cycling Shoes,1,517.53,569.283,51.753
140,CHICAGO,Illinois,2825,2025-03-18 10:04:00,Cycling Shoes,1,490.13,539.143,49.013
7421,BOISE,Idaho,2376,2025-03-24 23:35:00,Cycling Shoes,1,605.13,665.643,60.513
899,SANTA ANA,California,5299,2025-03-18 22:30:00,Cycling Shoes,1,507.13,557.843,50.713
4160,SEATTLE,Washington,4221,2025-03-22 02:29:00,Cycling Shoes,1,517.53,569.283,51.753
4627,CONROE,Texas,2918,2025-03-22 13:03:00,Cycling Shoes,1,683.13,751.443,68.313
1870,IRVINE,California,1517,2025-03-19 19:59:00,Cycling Shoes,1,509.53,560.483,50.953
5784,NEW YORK CITY,New York,4991,2025-03-23 15:59:00,Cycling Shoes,1,595.93,655.523,59.593
6017,WASHINGTON,District of Columbia,1366,2025-03-23 20:08:00,Cycling Shoes,1,537.13,590.843,53.713
4292,CHICO,California,5620,2025-03-22 09:23:00,Cycling Shoes,1,517.53,569.283,51.753
1555,RENO,Nevada,10,2025-03-19 15:59:00,Cycling Shoes,1,563.63,619.993,56.363
1657,SAN JOSE,California,6018,2025-03-19 17:02:00,Cycling Shoes,1,517.53,569.283,51.753
6066,TACOMA,Washington,4,2025-03-23 20:54:00,Cycling Shoes,1,537.13,590.843,53.713
3561,ORLANDO,Florida,3997,2025-03-21 13:46:00,Cycling Shoes,1,517.53,569.283,51.753
1344,WICHITA,Kansas,4409,2025-03-19 13:08:00,Cycling Shoes,1,497.63,547.393,49.763
3168,DETROIT,Michigan,2912,2025-03-20 23:58:00,Cycling Shoes,1,497.63,547.393,49.763
3393,TALLAHASSEE,Florida,6242,2025-03-21 11:19:00,Cycling Shoes,1,507.73,558.503,50.773
1483,OKLAHOMA CITY,Oklahoma,2882,2025-03-19 15:02:00,Cycling Shoes,1,537.13,590.843,53.713
3179,WASHINGTON,District of Columbia,6158,2025-03-21 00:21:00,Cycling Shoes,1,517.53,569.283,51.753
3266,DES MOINES,Iowa,3534,2025-03-21 09:08:00,Cycling Shoes,1,517.53,569.283,51.753
7224,HYATTSVILLE,Maryland,5248,2025-03-24 19:31:00,Cycling Shoes,1,537.13,590.843,53.713
5430,ROCKFORD,Illinois,2262,2025-03-23 09:58:00,Cycling Shoes,1,527.13,579.843,52.713
670,ALEXANDRIA,Virginia,4164,2025-03-18 17:20:00,Cycling Shoes,1,509.53,560.483,50.953
1450,COLORADO SPRINGS,Colorado,5083,2025-03-19 14:34:00,Cycling Shoes,1,595.93,655.523,59.593
210,SAN JOSE,California,2364,2025-03-18 10:55:00,Cycling Shoes,1,537.13,590.843,53.713
4845,SCOTTSDALE,Arizona,713,2025-03-22 16:11:00,Cycling Shoes,1,537.13,590.843,53.713
115,SAINT LOUIS,Missouri,3013,2025-03-18 09:31:00,Cycling Shoes,1,512.63,563.893,51.263
3905,SALEM,Oregon,5626,2025-03-21 19:10:00,Cycling Shoes,1,505.13,555.643,50.513
4601,SIOUX FALLS,South Dakota,2859,2025-03-22 12:44:00,Cycling Shoes,1,501.53,551.683,50.153
2463,BEAUFORT,South Carolina,1139,2025-03-20 13:49:00,Cycling Shoes,1,497.63,547.393,49.763
6659,ALBANY,Georgia,3096,2025-03-24 11:52:00,Tennis Shoes,1,517.13,568.843,51.713
5790,BOZEMAN,Montana,5067,2025-03-23 16:01:00,Tennis Shoes,1,490.13,539.143,49.013
5058,TAMPA,Florida,2014,2025-03-22 19:26:00,Tennis Shoes,1,537.13,590.843,53.713
74,OKLAHOMA CITY,Oklahoma,5547,2025-03-18 08:27:00,Tennis Shoes,1,504.13,554.543,50.413
6827,TRENTON,New Jersey,5225,2025-03-24 13:52:00,Tennis Shoes,1,509.53,560.483,50.953
3655,FAIRFIELD,Connecticut,2339,2025-03-21 15:16:00,Tennis Shoes,1,509.53,560.483,50.953
3610,WASHINGTON,District of Columbia,1195,2025-03-21 14:26:00,Tennis Shoes,1,527.13,579.843,52.713
1051,SAINT LOUIS,Missouri,5350,2025-03-19 09:26:00,Tennis Shoes,1,658.33,724.163,65.833
2528,SAINT LOUIS,Missouri,4539,2025-03-20 14:41:00,Tennis Shoes,1,512.63,563.893,51.263
3279,DAYTON,Ohio,1576,2025-03-21 09:37:00,Tennis Shoes,1,501.53,551.683,50.153
458,WASHINGTON,District of Columbia,1335,2025-03-18 14:03:00,Tennis Shoes,1,537.13,590.843,53.713
3426,ALBANY,New York,3827,2025-03-21 11:45:00,Tennis Shoes,1,537.13,590.843,53.713
6609,MEMPHIS,Tennessee,1516,2025-03-24 11:22:00,Tennis Shoes,1,527.13,579.843,52.713
5015,ANDERSON,South Carolina,4894,2025-03-22 18:53:00,Tennis Shoes,1,537.13,590.843,53.713
4056,PHILADELPHIA,Pennsylvania,2049,2025-03-21 21:58:00,Tennis Shoes,1,537.13,590.843,53.713
7186,BLOOMINGTON,Indiana,1463,2025-03-24 19:01:00,Tennis Shoes,1,517.53,569.283,51.753
6627,OMAHA,Nebraska,2963,2025-03-24 11:35:00,Tennis Shoes,1,497.13,546.843,49.713
7059,NEW YORK CITY,New York,1725,2025-03-24 16:48:00,Tennis Shoes,1,497.63,547.393,49.763
4449,STERLING,Virginia,313,2025-03-22 10:59:00,Tennis Shoes,1,497.63,547.393,49.763
954,PHILADELPHIA,Pennsylvania,1675,2025-03-19 00:34:00,Tennis Shoes,1,497.63,547.393,49.763
391,FORT WAYNE,Indiana,504,2025-03-18 13:16:00,Tennis Shoes,1,501.53,551.683,50.153
4384,LITTLE ROCK,Arkansas,4665,2025-03-22 10:17:00,Tennis Shoes,1,629.63,692.593,62.963
7332,JERSEY CITY,New Jersey,6458,2025-03-24 21:23:00,Tennis Shoes,1,527.13,579.843,52.713
1192,MIAMI,Florida,2018,2025-03-19 11:28:00,Tennis Shoes,1,501.53,551.683,50.153
3689,DETROIT,Michigan,511,2025-03-21 15:45:00,Tennis Shoes,1,635.13,698.643,63.513
1364,SAN DIEGO,California,4151,2025-03-19 13:24:00,Tennis Shoes,1,537.13,590.843,53.713
2664,TAMPA,Florida,2432,2025-03-20 16:16:00,Tennis Shoes,1,504.13,554.543,50.413
6927,HENDERSON,Nevada,5649,2025-03-24 15:06:00,Tennis Shoes,1,509.53,560.483,50.953
4377,TULSA,Oklahoma,2948,2025-03-22 10:13:00,Tennis Shoes,1,517.53,569.283,51.753
605,LITTLE ROCK,Arkansas,4551,2025-03-18 16:17:00,Tennis Shoes,1,505.13,555.643,50.513
6365,INDEPENDENCE,Missouri,1891,2025-03-24 08:50:00,Tennis Shoes,1,493.53,542.883,49.353
323,HUNTINGTON,West Virginia,5614,2025-03-18 12:21:00,Tennis Shoes,1,493.53,542.883,49.353
1172,WASHINGTON,District of Columbia,3653,2025-03-19 11:10:00,Tennis Shoes,1,505.13,555.643,50.513
4864,WASHINGTON,District of Columbia,3600,2025-03-22 16:30:00,Tennis Shoes,1,571.93,629.123,57.193
6005,NORCROSS,Georgia,528,2025-03-23 19:50:00,Tennis Shoes,1,509.53,560.483,50.953
5379,SPRINGFIELD,Illinois,2278,2025-03-23 09:08:00,Tennis Shoes,1,517.53,569.283,51.753
897,INDIANAPOLIS,Indiana,5192,2025-03-18 22:25:00,Tennis Shoes,1,504.13,554.543,50.413
1215,TRENTON,New Jersey,4468,2025-03-19 11:37:00,Tennis Shoes,1,509.53,560.483,50.953
3754,COLUMBUS,Ohio,2433,2025-03-21 16:43:00,Tennis Shoes,1,509.53,560.483,50.953
1640,DETROIT,Michigan,5800,2025-03-19 16:48:00,Tennis Shoes,1,490.13,539.143,49.013
6149,PORTLAND,Oregon,25,2025-03-23 21:59:00,Tennis Shoes,1,504.13,554.543,50.413
7146,ANAHEIM,California,1056,2025-03-24 18:16:00,Tennis Shoes,1,595.93,655.523,59.593
1702,SAN ANTONIO,Texas,5124,2025-03-19 17:43:00,Tennis Shoes,1,517.53,569.283,51.753
5029,ORLANDO,Florida,1642,2025-03-22 19:05:00,Tennis Shoes,1,504.13,554.543,50.413
5728,MEMPHIS,Tennessee,1823,2025-03-23 14:58:00,Tennis Shoes,1,517.53,569.283,51.753
5673,COLUMBUS,Ohio,2809,2025-03-23 14:05:00,Tennis Shoes,1,517.53,569.283,51.753
1935,FULLERTON,California,5897,2025-03-19 21:16:00,Tennis Shoes,1,501.53,551.683,50.153
4320,FRESNO,California,1100,2025-03-22 09:40:00,Tennis Shoes,1,527.13,579.843,52.713
4529,ALHAMBRA,California,2414,2025-03-22 11:49:00,Tennis Shoes,1,537.13,590.843,53.713
2807,EL PASO,Texas,4872,2025-03-20 18:07:00,Tennis Shoes,1,512.63,563.893,51.263
912,SAINT LOUIS,Missouri,484,2025-03-18 22:57:00,Tennis Shoes,1,517.53,569.283,51.753
5574,ORANGE,California,3254,2025-03-23 12:35:00,Tennis Shoes,1,517.53,569.283,51.753
2365,BOISE,Idaho,1142,2025-03-20 12:22:00,Tennis Shoes,1,517.53,569.283,51.753
1302,MANCHESTER,New Hampshire,5147,2025-03-19 12:37:00,Tennis Shoes,1,517.53,569.283,51.753
6680,DALLAS,Texas,5888,2025-03-24 12:05:00,Tennis Shoes,1,517.53,569.283,51.753
2646,NEW YORK CITY,New York,1702,2025-03-20 15:56:00,Tennis Shoes,1,537.13,590.843,53.713
1925,WILMINGTON,Delaware,3957,2025-03-19 21:02:00,Tennis Shoes,1,537.13,590.843,53.713
5569,FAIRFIELD,Connecticut,4970,2025-03-23 12:31:00,Tennis Shoes,1,567.13,623.843,56.713
386,CHATTANOOGA,Tennessee,5002,2025-03-18 13:15:00,Walking Shoes,1,475.13,522.643,47.513
5587,SAN FRANCISCO,California,4652,2025-03-23 12:43:00,Walking Shoes,1,497.63,547.393,49.763
2137,CHARLESTON,West Virginia,5042,2025-03-20 09:27:00,Walking Shoes,1,579.93,637.923,57.993
5989,PHILADELPHIA,Pennsylvania,5131,2025-03-23 19:35:00,Walking Shoes,1,517.13,568.843,51.713
5563,BIRMINGHAM,Alabama,607,2025-03-23 12:27:00,Walking Shoes,1,493.73,543.103,49.373
1682,ROCKFORD,Illinois,1617,2025-03-19 17:28:00,Walking Shoes,1,586.13,644.743,58.613
5019,CHICAGO,Illinois,6318,2025-03-22 18:54:00,Tennis Shoes,1,490.13,539.143,49.013
3675,OMAHA,Nebraska,2934,2025-03-21 15:37:00,Clogs,1,487.13,535.843,48.713
3212,GRAND RAPIDS,Michigan,3422,2025-03-21 06:27:00,Clogs,1,477.53,525.283,47.753
6326,NEWTON,Massachusetts,4258,2025-03-24 08:20:00,Clogs,1,487.13,535.843,48.713
3658,NORTH LAS VEGAS,Nevada,2047,2025-03-21 15:18:00,Tennis Shoes,1,505.13,555.643,50.513
385,DALLAS,Texas,6184,2025-03-18 13:14:00,Tennis Shoes,1,509.53,560.483,50.953
6995,INDIANAPOLIS,Indiana,6198,2025-03-24 16:03:00,Tennis Shoes,1,509.53,560.483,50.953
7308,NAPLES,Florida,411,2025-03-24 20:53:00,Tennis Shoes,1,517.53,569.283,51.753
2801,DENVER,Colorado,5839,2025-03-20 18:02:00,Tennis Shoes,1,537.13,590.843,53.713
3325,NEW YORK CITY,New York,3037,2025-03-21 10:22:00,Tennis Shoes,1,517.53,569.283,51.753
388,MILWAUKEE,Wisconsin,5022,2025-03-18 13:16:00,Tennis Shoes,1,501.53,551.683,50.153
1162,WASHINGTON,District of Columbia,4305,2025-03-19 11:03:00,Tennis Shoes,1,517.53,569.283,51.753
6980,DES MOINES,Iowa,1542,2025-03-24 15:49:00,Tennis Shoes,1,439.13,483.043,43.913
3416,MANCHESTER,New Hampshire,3850,2025-03-21 11:32:00,Tennis Shoes,1,439.13,483.043,43.913
356,GREENSBORO,North Carolina,807,2025-03-18 12:55:00,Tennis Shoes,1,537.13,590.843,53.713
440,SAN BERNARDINO,California,1120,2025-03-18 13:52:00,Tennis Shoes,1,537.13,590.843,53.713
2236,CHARLOTTE,North Carolina,6246,2025-03-20 10:46:00,Tennis Shoes,1,537.13,590.843,53.713
2674,WASHINGTON,District of Columbia,4856,2025-03-20 16:26:00,Tennis Shoes,1,537.13,590.843,53.713
6452,TACOMA,Washington,1240,2025-03-24 09:48:00,Climbing Shoes,1,439.13,483.043,43.913
5671,DALLAS,Texas,5810,2025-03-23 14:03:00,Flip-Flops,1,439.13,483.043,43.913
5068,LOS ANGELES,California,5050,2025-03-22 19:36:00,Running Shoes,1,439.13,483.043,43.913
5947,ROCHESTER,New York,3968,2025-03-23 18:45:00,Tennis Shoes,1,439.13,483.043,43.913
1675,LAKELAND,Florida,4987,2025-03-19 17:19:00,Tennis Shoes,1,439.13,483.043,43.913
6757,GREENSBORO,North Carolina,543,2025-03-24 12:54:00,Tennis Shoes,1,439.13,483.043,43.913
3415,COLUMBUS,Ohio,4836,2025-03-21 11:31:00,Tennis Shoes,1,439.13,483.043,43.913
4437,PASADENA,California,76,2025-03-22 10:52:00,Tennis Shoes,1,439.13,483.043,43.913
5022,VISALIA,California,1103,2025-03-22 18:58:00,Tennis Shoes,1,439.13,483.043,43.913
5386,SAN JOSE,California,4784,2025-03-23 09:18:00,Tennis Shoes,1,439.13,483.043,43.913
6832,FARMINGTON,Michigan,1460,2025-03-24 13:54:00,Tennis Shoes,1,439.13,483.043,43.913
4657,CINCINNATI,Ohio,1383,2025-03-22 13:26:00,Tennis Shoes,1,439.13,483.043,43.913
7163,DALLAS,Texas,5536,2025-03-24 18:35:00,Tennis Shoes,1,439.13,483.043,43.913
1183,TACOMA,Washington,2044,2025-03-19 11:19:00,Tennis Shoes,1,439.13,483.043,43.913
5666,ALBANY,New York,4621,2025-03-23 13:57:00,Tennis Shoes,1,439.13,483.043,43.913
3313,COLUMBUS,Ohio,1332,2025-03-21 10:07:00,Tennis Shoes,1,439.13,483.043,43.913
3295,MILWAUKEE,Wisconsin,1633,2025-03-21 09:51:00,Tennis Shoes,1,439.13,483.043,43.913
3866,NEW ORLEANS,Louisiana,4416,2025-03-21 18:36:00,Tennis Shoes,1,439.13,483.043,43.913
5100,RENO,Nevada,1339,2025-03-22 20:01:00,Tennis Shoes,1,439.13,483.043,43.913
1684,DALLAS,Texas,2971,2025-03-19 17:29:00,Tennis Shoes,1,439.13,483.043,43.913
147,EL PASO,Texas,1942,2025-03-18 10:10:00,Tennis Shoes,1,439.13,483.043,43.913
5372,JACKSONVILLE,Florida,1262,2025-03-23 08:57:00,Tennis Shoes,1,439.13,483.043,43.913
3803,CEDAR RAPIDS,Iowa,1624,2025-03-21 17:30:00,Tennis Shoes,1,439.13,483.043,43.913
5698,ALBUQUERQUE,New Mexico,3425,2025-03-23 14:35:00,Walking Shoes,1,439.13,483.043,43.913
4916,BATON ROUGE,Louisiana,4932,2025-03-22 17:07:00,Boots,1,439.13,483.043,43.913
4361,EL PASO,Texas,4866,2025-03-22 10:06:00,Tennis Shoes,1,439.13,483.043,43.913
787,WASHINGTON,District of Columbia,658,2025-03-18 20:04:00,Tennis Shoes,1,439.13,483.043,43.913
4456,INDIANAPOLIS,Indiana,5246,2025-03-22 11:03:00,Tennis Shoes,1,439.13,483.043,43.913
5427,WASHINGTON,District of Columbia,3627,2025-03-23 09:55:00,Tennis Shoes,1,439.13,483.043,43.913
5757,MORENO VALLEY,California,4545,2025-03-23 15:24:00,Tennis Shoes,1,439.13,483.043,43.913
6079,MINNEAPOLIS,Minnesota,5320,2025-03-23 21:02:00,Tennis Shoes,1,439.13,483.043,43.913
5410,DALLAS,Texas,1663,2025-03-23 09:41:00,Tennis Shoes,1,439.13,483.043,43.913
4447,LOS ANGELES,California,5053,2025-03-22 10:58:00,Tennis Shoes,1,439.13,483.043,43.913
2230,RENO,Nevada,6056,2025-03-20 10:43:00,Tennis Shoes,1,439.13,483.043,43.913
4462,TULSA,Oklahoma,327,2025-03-22 11:06:00,Tennis Shoes,1,439.13,483.043,43.913
6834,YOUNGSTOWN,Ohio,3160,2025-03-24 13:55:00,Tennis Shoes,1,439.13,483.043,43.913
484,ROCHESTER,New York,1146,2025-03-18 14:26:00,Tennis Shoes,1,527.13,579.843,52.713
5567,PITTSBURGH,Pennsylvania,5915,2025-03-23 12:29:00,Tennis Shoes,1,537.13,590.843,53.713
5077,LONG BEACH,California,1856,2025-03-22 19:42:00,Flip-Flops,1,447.13,491.843,44.713
2339,TRENTON,New Jersey,4686,2025-03-20 12:02:00,Flip-Flops,1,567.13,623.843,56.713
6591,BROCKTON,Massachusetts,626,2025-03-24 11:14:00,Tennis Shoes,1,527.13,579.843,52.713
220,HENDERSON,Nevada,2293,2025-03-18 11:00:00,Tennis Shoes,1,537.13,590.843,53.713
3564,OKLAHOMA CITY,Oklahoma,2604,2025-03-21 13:47:00,Tennis Shoes,1,517.13,568.843,51.713
5877,MESQUITE,Texas,491,2025-03-23 17:26:00,Tennis Shoes,1,537.13,590.843,53.713
532,SALT LAKE CITY,Utah,2157,2025-03-18 15:10:00,Tennis Shoes,1,527.13,579.843,52.713
403,HOUSTON,Texas,1023,2025-03-18 13:24:00,Tennis Shoes,1,517.13,568.843,51.713
6898,ALBANY,New York,5536,2025-03-24 14:35:00,Tennis Shoes,1,537.13,590.843,53.713
5853,NEW YORK CITY,New York,750,2025-03-23 17:03:00,Tennis Shoes,1,497.13,546.843,49.713
5869,PHOENIX,Arizona,3146,2025-03-23 17:19:00,Tennis Shoes,1,575.13,632.643,57.513
4392,LARGO,Florida,4763,2025-03-22 10:21:00,Tennis Shoes,1,537.13,590.843,53.713
5846,AUGUSTA,Georgia,3384,2025-03-23 16:57:00,Tennis Shoes,1,527.13,579.843,52.713
6920,PROVIDENCE,Rhode Island,3478,2025-03-24 14:56:00,Tennis Shoes,1,527.13,579.843,52.713
3350,LAS VEGAS,Nevada,3982,2025-03-21 10:42:00,Tennis Shoes,1,527.13,579.843,52.713
572,ORLANDO,Florida,4302,2025-03-18 15:48:00,Tennis Shoes,1,537.13,590.843,53.713
3379,INGLEWOOD,California,5324,2025-03-21 11:07:00,Tennis Shoes,1,517.13,568.843,51.713
4943,MIAMI,Florida,3190,2025-03-22 17:28:00,Tennis Shoes,1,517.13,568.843,51.713
4833,WASHINGTON,District of Columbia,1268,2025-03-22 16:02:00,Walking Shoes,1,517.13,568.843,51.713
632,ORLANDO,Florida,2763,2025-03-18 16:35:00,Tennis Shoes,1,615.13,676.643,61.513
6931,HOMESTEAD,Florida,2083,2025-03-24 15:10:00,Tennis Shoes,1,537.13,590.843,53.713
6904,DALLAS,Texas,3501,2025-03-24 14:41:00,Tennis Shoes,1,527.13,579.843,52.713
5382,PORTLAND,Oregon,964,2025-03-23 09:10:00,Tennis Shoes,1,537.13,590.843,53.713
5012,SIOUX FALLS,South Dakota,255,2025-03-22 18:51:00,Tennis Shoes,1,537.13,590.843,53.713
4897,CORPUS CHRISTI,Texas,3956,2025-03-22 16:56:00,Tennis Shoes,1,537.13,590.843,53.713
3790,SAN ANTONIO,Texas,3869,2025-03-21 17:13:00,Tennis Shoes,1,537.13,590.843,53.713
3554,ATLANTA,Georgia,621,2025-03-21 13:42:00,Tennis Shoes,1,605.13,665.643,60.513
3808,NEW YORK CITY,New York,3931,2025-03-21 17:39:00,Boots,1,615.13,676.643,61.513
482,CHATTANOOGA,Tennessee,717,2025-03-18 14:24:00,Tennis Shoes,1,517.13,568.843,51.713
1402,SACRAMENTO,California,3229,2025-03-19 13:45:00,Tennis Shoes,1,527.13,579.843,52.713
3851,HUNTSVILLE,Alabama,2640,2025-03-21 18:26:00,Tennis Shoes,1,595.13,654.643,59.513
3720,NEW YORK CITY,New York,5232,2025-03-21 16:14:00,Tennis Shoes,1,537.13,590.843,53.713
4836,EVANSTON,Illinois,3284,2025-03-22 16:04:00,Tennis Shoes,1,595.13,654.643,59.513
505,LAS VEGAS,Nevada,1095,2025-03-18 14:41:00,Tennis Shoes,1,507.13,557.843,50.713
406,SANTA FE,New Mexico,3635,2025-03-18 13:26:00,Tennis Shoes,1,497.13,546.843,49.713
1292,HOUSTON,Texas,5987,2025-03-19 12:28:00,Tennis Shoes,1,507.13,557.843,50.713
3621,GULFPORT,Mississippi,2801,2025-03-21 14:43:00,Tennis Shoes,1,517.13,568.843,51.713
3732,BIRMINGHAM,Alabama,5279,2025-03-21 16:20:00,Tennis Shoes,1,537.13,590.843,53.713
4825,TALLAHASSEE,Florida,4361,2025-03-22 15:53:00,Tennis Shoes,1,527.13,579.843,52.713
91,CHEYENNE,Wyoming,2947,2025-03-18 09:01:00,Tennis Shoes,1,537.13,590.843,53.713
584,FORT WORTH,Texas,504,2025-03-18 16:03:00,Tennis Shoes,1,537.13,590.843,53.713
1274,LITTLE ROCK,Arkansas,1929,2025-03-19 12:19:00,Walking Shoes,1,497.13,546.843,49.713
5910,MORENO VALLEY,California,5767,2025-03-23 17:56:00,Walking Shoes,1,527.13,579.843,52.713
217,BEAVERTON,Oregon,4901,2025-03-18 10:59:00,Tennis Shoes,1,635.13,698.643,63.513
3668,TUCSON,Arizona,4219,2025-03-21 15:28:00,Tennis Shoes,1,497.13,546.843,49.713
4007,NORFOLK,Virginia,4052,2025-03-21 20:55:00,Tennis Shoes,1,537.13,590.843,53.713
6709,GREEN BAY,Wisconsin,346,2025-03-24 12:22:00,Tennis Shoes,1,537.13,590.843,53.713
1249,PETALUMA,California,4433,2025-03-19 12:01:00,Boots,1,635.93,699.523,63.593
2464,TOLEDO,Ohio,6263,2025-03-20 13:49:00,Tennis Shoes,1,446.57,491.227,44.657
1914,SAINT LOUIS,Missouri,3504,2025-03-19 20:42:00,Tennis Shoes,1,527.13,579.843,52.713
1355,BETHLEHEM,Pennsylvania,4580,2025-03-19 13:20:00,Tennis Shoes,1,497.13,546.843,49.713
5439,CLEARWATER,Florida,91,2025-03-23 10:05:00,Walking Shoes,1,547.93,602.723,54.793
1644,YOUNG AMERICA,Minnesota,346,2025-03-19 16:51:00,Running Shoes,1,537.13,590.843,53.713
5834,SAN FRANCISCO,California,2694,2025-03-23 16:43:00,Sandals,1,487.13,535.843,48.713
3491,JACKSON,Mississippi,5700,2025-03-21 12:40:00,Tennis Shoes,1,527.13,579.843,52.713
2020,FORT WORTH,Texas,4092,2025-03-19 23:31:00,Sandals,1,539.93,593.923,53.993
7253,AURORA,Illinois,753,2025-03-24 20:03:00,Sandals,1,562.33,618.563,56.233
208,EL PASO,Texas,5190,2025-03-18 10:53:00,Sandals,1,535.13,588.643,53.513
4472,LEVITTOWN,Pennsylvania,564,2025-03-22 11:15:00,Tennis Shoes,1,527.13,579.843,52.713
7055,FRESNO,California,1184,2025-03-24 16:47:00,Tennis Shoes,1,509.53,560.483,50.953
412,LAS VEGAS,Nevada,1820,2025-03-18 13:29:00,Walking Shoes,1,497.13,546.843,49.713
3190,MILWAUKEE,Wisconsin,5033,2025-03-21 01:15:00,Walking Shoes,1,545.13,599.643,54.513
2636,MINNEAPOLIS,Minnesota,5267,2025-03-20 15:52:00,Running Shoes,1,527.13,579.843,52.713
5803,TOLEDO,Ohio,3994,2025-03-23 16:11:00,Running Shoes,1,556.73,612.403,55.673
786,SAN FRANCISCO,California,2493,2025-03-18 20:03:00,Running Shoes,1,830.13,913.143,83.013
410,HOUSTON,Texas,5504,2025-03-18 13:28:00,Sandals,1,487.13,535.843,48.713
3582,JAMAICA,New York,5671,2025-03-21 14:05:00,Sandals,1,487.13,535.843,48.713
5738,MOBILE,Alabama,5031,2025-03-23 15:12:00,Sandals,1,711.13,782.243,71.113
1524,PHOENIX,Arizona,2832,2025-03-19 15:32:00,Sandals,1,487.13,535.843,48.713
5052,LOUISVILLE,Kentucky,1901,2025-03-22 19:23:00,Sandals,1,603.13,663.443,60.313
6556,HELENA,Montana,3857,2025-03-24 10:47:00,Sandals,1,535.13,588.643,53.513
3339,MINNEAPOLIS,Minnesota,2053,2025-03-21 10:35:00,Sandals,1,570.33,627.363,57.033
2951,FORT WORTH,Texas,1283,2025-03-20 19:59:00,Tennis Shoes,1,509.53,560.483,50.953
2680,WORCESTER,Massachusetts,4053,2025-03-20 16:29:00,Tennis Shoes,1,527.13,579.843,52.713
1266,LANCASTER,Pennsylvania,346,2025-03-19 12:14:00,Tennis Shoes,1,587.93,646.723,58.793
5897,ASHBURN,Virginia,6106,2025-03-23 17:43:00,Tennis Shoes,1,527.13,579.843,52.713
6843,CHICAGO,Illinois,1325,2025-03-24 13:59:00,Tennis Shoes,1,703.13,773.443,70.313
2851,HOUSTON,Texas,1720,2025-03-20 18:40:00,Tennis Shoes,1,585.13,643.643,58.513
854,WICHITA,Kansas,2743,2025-03-18 21:20:00,Walking Shoes,1,485.53,534.083,48.553
592,WINSTON SALEM,North Carolina,2541,2025-03-18 16:08:00,Walking Shoes,1,497.13,546.843,49.713
5054,DALLAS,Texas,2898,2025-03-22 19:26:00,Tennis Shoes,3,775.13,852.643,77.513
1397,MISSOULA,Montana,5536,2025-03-19 13:42:00,Tennis Shoes,1,807.13,887.843,80.713
547,KALAMAZOO,Michigan,2346,2025-03-18 15:22:00,Tennis Shoes,1,527.13,579.843,52.713
1047,NEW YORK CITY,New York,2458,2025-03-19 09:23:00,Boy's,1,439.13,483.043,43.913
2654,GARY,Indiana,6273,2025-03-20 16:07:00,Tennis Shoes,1,509.53,560.483,50.953
2295,WASHINGTON,District of Columbia,2196,2025-03-20 11:33:00,Sandals,1,711.13,782.243,71.113
3284,LEHIGH ACRES,Florida,6015,2025-03-21 09:41:00,Tennis Shoes,1,829.13,912.043,82.913
4252,AUSTIN,Texas,2602,2025-03-22 08:46:00,Sandals,1,523.93,576.323,52.393
626,NEW YORK CITY,New York,6064,2025-03-18 16:32:00,Sandals,1,633.13,696.443,63.313
6277,LYNN,Massachusetts,6261,2025-03-24 06:54:00,Tennis Shoes,1,743.13,817.443,74.313
6025,WASHINGTON,District of Columbia,5226,2025-03-23 20:14:00,Tennis Shoes,1,571.13,628.243,57.113
3843,SPRINGFIELD,Missouri,2906,2025-03-21 18:21:00,Tennis Shoes,1,509.53,560.483,50.953
7251,OXNARD,California,1097,2025-03-24 20:00:00,Tennis Shoes,1,527.13,579.843,52.713
1057,PHOENIX,Arizona,2808,2025-03-19 09:35:00,Tennis Shoes,1,712.73,784.003,71.273
6654,ARVADA,Colorado,4321,2025-03-24 11:48:00,Tennis Shoes,1,587.93,646.723,58.793
6887,SAN ANTONIO,Texas,2719,2025-03-24 14:24:00,Tennis Shoes,1,571.93,629.123,57.193
2441,SAN RAFAEL,California,6358,2025-03-20 13:32:00,Tennis Shoes,1,509.53,560.483,50.953
5286,ANAHEIM,California,1812,2025-03-23 00:09:00,Walking Shoes,1,497.13,546.843,49.713
3311,CHARLOTTE,North Carolina,6282,2025-03-21 10:04:00,Running Shoes,1,475.88,523.468,47.588
6648,DULLES,Virginia,2588,2025-03-24 11:44:00,Running Shoes,1,534.38,587.818,53.438
1252,HIGH POINT,North Carolina,264,2025-03-19 12:04:00,Running Shoes,1,488.13,536.943,48.813
620,SAINT PAUL,Minnesota,3223,2025-03-18 16:27:00,Tennis Shoes,1,500.73,550.803,50.073
3873,BALTIMORE,Maryland,2711,2025-03-21 18:45:00,Tennis Shoes,1,623.93,686.323,62.393
824,HOUSTON,Texas,5939,2025-03-18 20:54:00,Tennis Shoes,1,527.13,579.843,52.713
7119,KANSAS CITY,Kansas,5062,2025-03-24 17:55:00,Tennis Shoes,1,497.63,547.393,49.763
4464,DETROIT,Michigan,1672,2025-03-22 11:09:00,Walking Shoes,1,439.13,483.043,43.913
471,DAVENPORT,Iowa,4414,2025-03-18 14:13:00,Sandals,1,927.13,1019.843,92.713
2269,ALBANY,New York,5207,2025-03-20 11:18:00,Tennis Shoes,1,693.13,762.443,69.313
2808,MILWAUKEE,Wisconsin,5303,2025-03-20 18:07:00,Tennis Shoes,1,595.93,655.523,59.593
1653,WASHINGTON,District of Columbia,5826,2025-03-19 16:58:00,Tennis Shoes,1,509.53,560.483,50.953
6303,HIGH POINT,North Carolina,1965,2025-03-24 07:50:00,Running Shoes,1,459.13,505.043,45.913
1025,DAYTON,Ohio,1840,2025-03-19 08:59:00,Tennis Shoes,1,635.13,698.643,63.513
669,NEW ORLEANS,Louisiana,2212,2025-03-18 17:18:00,Tennis Shoes,1,693.13,762.443,69.313
2529,CLEVELAND,Ohio,3927,2025-03-20 14:41:00,Tennis Shoes,1,635.13,698.643,63.513
1086,BILLINGS,Montana,2261,2025-03-19 10:03:00,Tennis Shoes,1,507.13,557.843,50.713
6254,RENO,Nevada,3963,2025-03-24 02:33:00,Tennis Shoes,1,693.13,762.443,69.313
2478,RALEIGH,North Carolina,5348,2025-03-20 13:59:00,Tennis Shoes,1,517.53,569.283,51.753
1413,DES MOINES,Iowa,4586,2025-03-19 13:57:00,Walking Shoes,1,517.13,568.843,51.713
1789,WASHINGTON,District of Columbia,1299,2025-03-19 18:49:00,Sandals,1,899.63,989.593,89.963
4550,WORCESTER,Massachusetts,2049,2025-03-22 12:03:00,Tennis Shoes,1,733.13,806.443,73.313
2063,OMAHA,Nebraska,4908,2025-03-20 03:08:00,Tennis Shoes,1,537.13,590.843,53.713
849,DALLAS,Texas,2054,2025-03-18 21:15:00,Tennis Shoes,1,517.53,569.283,51.753
825,PALATINE,Illinois,4831,2025-03-18 20:54:00,Tennis Shoes,1,635.13,698.643,63.513
3714,DAYTON,Ohio,1453,2025-03-21 16:09:00,Tennis Shoes,1,537.13,590.843,53.713
1985,SHREVEPORT,Louisiana,6174,2025-03-19 22:19:00,Tennis Shoes,1,711.13,782.243,71.113
4531,MINNEAPOLIS,Minnesota,4052,2025-03-22 11:51:00,Tennis Shoes,1,527.13,579.843,52.713
598,LANSING,Michigan,6192,2025-03-18 16:13:00,Tennis Shoes,1,537.13,590.843,53.713
360,PITTSBURGH,Pennsylvania,5595,2025-03-18 12:57:00,Tennis Shoes,1,635.13,698.643,63.513
2471,CHARLESTON,South Carolina,90,2025-03-20 13:54:00,Tennis Shoes,1,507.13,557.843,50.713
977,GLENDALE,Arizona,1951,2025-03-19 05:39:00,Tennis Shoes,1,635.13,698.643,63.513
2221,FORT WORTH,Texas,6351,2025-03-20 10:34:00,Tennis Shoes,1,537.13,590.843,53.713
437,HOUSTON,Texas,4896,2025-03-18 13:51:00,Tennis Shoes,1,527.13,579.843,52.713
1888,SAN FRANCISCO,California,3310,2025-03-19 20:13:00,Accessories,2,630.73,693.803,63.073
1275,HIALEAH,Florida,1854,2025-03-19 12:20:00,Tennis Shoes,1,783.13,861.443,78.313
3173,PEORIA,Illinois,2489,2025-03-21 00:05:00,Tennis Shoes,1,537.13,590.843,53.713
1393,SPRINGFIELD,Illinois,3273,2025-03-19 13:40:00,Tennis Shoes,1,595.93,655.523,59.593
2849,EL PASO,Texas,3706,2025-03-20 18:39:00,Tennis Shoes,1,658.33,724.163,65.833
5494,IRVINE,California,3135,2025-03-23 11:22:00,Tennis Shoes,1,509.53,560.483,50.953
5351,HARTFORD,Connecticut,936,2025-03-23 08:19:00,Tennis Shoes,1,527.13,579.843,52.713
828,SPRINGFIELD,Illinois,2268,2025-03-18 20:58:00,Tennis Shoes,1,625.13,687.643,62.513
3134,SARASOTA,Florida,493,2025-03-20 22:53:00,Running Shoes,1,455.13,500.643,45.513
5807,OAKLAND,California,1385,2025-03-23 16:17:00,Sandals,1,575.13,632.643,57.513
7294,NASHVILLE,Tennessee,4223,2025-03-24 20:37:00,Sandals,1,497.13,546.843,49.713
6171,LEXINGTON,Kentucky,782,2025-03-23 22:22:00,Sandals,1,805.53,886.083,80.553
3634,MINNEAPOLIS,Minnesota,5820,2025-03-21 14:57:00,Sandals,1,653.13,718.443,65.313
834,LAKELAND,Florida,2086,2025-03-18 21:02:00,Tennis Shoes,1,615.13,676.643,61.513
2532,NORTH LAS VEGAS,Nevada,1381,2025-03-20 14:44:00,Tennis Shoes,1,537.13,590.843,53.713
3032,SAINT LOUIS,Missouri,6238,2025-03-20 21:10:00,Tennis Shoes,1,537.13,590.843,53.713
6067,SAN LUIS OBISPO,California,5409,2025-03-23 20:54:00,Tennis Shoes,1,537.13,590.843,53.713
1226,CHARLOTTE,North Carolina,1656,2025-03-19 11:46:00,Tennis Shoes,1,517.53,569.283,51.753
2082,FRESNO,California,4766,2025-03-20 08:24:00,Tennis Shoes,1,733.13,806.443,73.313
4894,WOBURN,Massachusetts,753,2025-03-22 16:54:00,Tennis Shoes,1,571.93,629.123,57.193
1438,CINCINNATI,Ohio,836,2025-03-19 14:17:00,Tennis Shoes,1,635.13,698.643,63.513
5867,DALLAS,Texas,5604,2025-03-23 17:14:00,Tennis Shoes,1,602.33,662.563,60.233
341,SOUTH BEND,Indiana,3241,2025-03-18 12:41:00,Tennis Shoes,1,537.13,590.843,53.713
1943,LYNCHBURG,Virginia,126,2025-03-19 21:30:00,Tennis Shoes,1,507.13,557.843,50.713
6224,MONTICELLO,Minnesota,2862,2025-03-23 23:56:00,Tennis Shoes,1,605.13,665.643,60.513
829,SCRANTON,Pennsylvania,5455,2025-03-18 20:58:00,Tennis Shoes,1,517.53,569.283,51.753
3495,PASADENA,California,1566,2025-03-21 12:45:00,Tennis Shoes,1,517.53,569.283,51.753
1617,CANTON,Ohio,561,2025-03-19 16:39:00,Tennis Shoes,1,666.33,732.963,66.633
4454,HAYWARD,California,4505,2025-03-22 11:03:00,Walking Shoes,1,563.93,620.323,56.393
6387,DAYTON,Ohio,3063,2025-03-24 09:06:00,Walking Shoes,1,575.13,632.643,57.513
7145,DES MOINES,Iowa,4763,2025-03-24 18:16:00,Tennis Shoes,1,635.13,698.643,63.513
184,BEAUMONT,Texas,5244,2025-03-18 10:34:00,Tennis Shoes,1,823.13,905.443,82.313
1908,LOS ANGELES,California,2711,2025-03-19 20:39:00,Sandals,1,653.13,718.443,65.313
7430,WASHINGTON,District of Columbia,1608,2025-03-24 23:56:00,Tennis Shoes,1,713.13,784.443,71.313
1009,SAINT PETERSBURG,Florida,807,2025-03-19 08:35:00,Tennis Shoes,1,653.13,718.443,65.313
2655,DALLAS,Texas,6375,2025-03-20 16:08:00,Tennis Shoes,1,537.13,590.843,53.713
2752,HUNTSVILLE,Alabama,3076,2025-03-20 17:28:00,Tennis Shoes,1,625.13,687.643,62.513
2773,BIRMINGHAM,Alabama,5059,2025-03-20 17:43:00,Tennis Shoes,1,635.13,698.643,63.513
3045,DES MOINES,Iowa,1213,2025-03-20 21:20:00,Tennis Shoes,1,693.13,762.443,69.313
855,ALBANY,Georgia,519,2025-03-18 21:21:00,Sandals,2,633.13,696.443,63.313
6783,GREEN BAY,Wisconsin,5056,2025-03-24 13:19:00,Tennis Shoes,1,635.13,698.643,63.513
1143,SEATTLE,Washington,5777,2025-03-19 10:48:00,Tennis Shoes,1,537.13,590.843,53.713
3911,DAYTON,Ohio,786,2025-03-21 19:17:00,Tennis Shoes,1,517.53,569.283,51.753
2327,ALHAMBRA,California,2114,2025-03-20 11:52:00,Tennis Shoes,1,763.13,839.443,76.313
2686,LAWRENCEVILLE,Georgia,1251,2025-03-20 16:38:00,Tennis Shoes,1,537.13,590.843,53.713
2692,PHILADELPHIA,Pennsylvania,2047,2025-03-20 16:45:00,Tennis Shoes,1,517.53,569.283,51.753
3715,SPRINGFIELD,Illinois,0,2025-03-21 16:10:00,Tennis Shoes,1,512.63,563.893,51.263
6029,VIRGINIA BEACH,Virginia,5414,2025-03-23 20:21:00,Tennis Shoes,1,635.13,698.643,63.513
3095,KANSAS CITY,Missouri,685,2025-03-20 22:04:00,Tennis Shoes,1,831.13,914.243,83.113
3838,NORTH HOLLYWOOD,California,6187,2025-03-21 18:13:00,Tennis Shoes,1,635.13,698.643,63.513
6974,NEW YORK CITY,New York,1060,2025-03-24 15:44:00,Tennis Shoes,1,537.13,590.843,53.713
5225,BRADENTON,Florida,6384,2025-03-22 22:16:00,Tennis Shoes,1,625.13,687.643,62.513
6332,DENVER,Colorado,6014,2025-03-24 08:23:00,Tennis Shoes,1,723.13,795.443,72.313
2362,SIOUX FALLS,South Dakota,519,2025-03-20 12:21:00,Tennis Shoes,1,579.93,637.923,57.993
53,AUGUSTA,Georgia,1078,2025-03-18 07:39:00,Tennis Shoes,1,637.13,700.843,63.713
1118,NEW YORK CITY,New York,3022,2025-03-19 10:26:00,Tennis Shoes,1,625.13,687.643,62.513
2066,NORWALK,Connecticut,3,2025-03-20 05:00:00,Tennis Shoes,1,987.13,1085.843,98.713
3025,HOUSTON,Texas,3502,2025-03-20 21:07:00,Tennis Shoes,1,605.13,665.643,60.513
3957,FORT WAYNE,Indiana,220,2025-03-21 20:05:00,Tennis Shoes,1,537.13,590.843,53.713
3811,ROCHESTER,New York,3713,2025-03-21 17:47:00,Tennis Shoes,1,537.13,590.843,53.713
2665,NEWPORT BEACH,California,5099,2025-03-20 16:16:00,Tennis Shoes,1,517.53,569.283,51.753
5062,NEW HAVEN,Connecticut,2263,2025-03-22 19:28:00,Tennis Shoes,1,537.13,590.843,53.713
2436,WASHINGTON,District of Columbia,2457,2025-03-20 13:23:00,Tennis Shoes,1,563.93,620.323,56.393
6963,WILMINGTON,North Carolina,2897,2025-03-24 15:38:00,Tennis Shoes,1,625.13,687.643,62.513
7103,TOLEDO,Ohio,1777,2025-03-24 17:37:00,Tennis Shoes,1,527.13,579.843,52.713
377,CHICO,California,4095,2025-03-18 13:08:00,Tennis Shoes,1,703.13,773.443,70.313
3481,VANCOUVER,Washington,4549,2025-03-21 12:35:00,Tennis Shoes,1,615.13,676.643,61.513
5354,MILWAUKEE,Wisconsin,2305,2025-03-23 08:26:00,Tennis Shoes,1,723.13,795.443,72.313
518,GULFPORT,Mississippi,6328,2025-03-18 14:55:00,Tennis Shoes,1,615.13,676.643,61.513
5486,LAREDO,Texas,5931,2025-03-23 11:12:00,Tennis Shoes,1,509.53,560.483,50.953
1198,LYNCHBURG,Virginia,867,2025-03-19 11:30:00,Tennis Shoes,1,505.13,555.643,50.513
2319,PEORIA,Illinois,810,2025-03-20 11:45:00,Tennis Shoes,1,527.13,579.843,52.713
6364,SAN DIEGO,California,5234,2025-03-24 08:48:00,Tennis Shoes,1,625.13,687.643,62.513
5649,DALLAS,Texas,5599,2025-03-23 13:43:00,Tennis Shoes,1,625.13,687.643,62.513
557,SACRAMENTO,California,4386,2025-03-18 15:35:00,Accessories,1,544.33,598.763,54.433
2257,BOISE,Idaho,311,2025-03-20 11:07:00,Running Shoes,1,547.13,601.843,54.713
6441,DULUTH,Minnesota,464,2025-03-24 09:41:00,Running Shoes,1,541.13,595.243,54.113
1735,BROOKLYN,New York,3083,2025-03-19 18:07:00,Running Shoes,1,498.33,548.163,49.833
5171,BIRMINGHAM,Alabama,4277,2025-03-22 21:09:00,Sandals,1,769.13,846.043,76.913
7396,KNOXVILLE,Tennessee,4363,2025-03-24 23:06:00,Sandals,1,547.93,602.723,54.793
4312,NEW YORK CITY,New York,3327,2025-03-22 09:35:00,Sandals,1,497.13,546.843,49.713
4508,MEMPHIS,Tennessee,1196,2025-03-22 11:37:00,Sandals,1,653.13,718.443,65.313
6814,DALLAS,Texas,6013,2025-03-24 13:42:00,Sandals,1,565.13,621.643,56.513
6688,RICHMOND,Virginia,3148,2025-03-24 12:09:00,Sandals,1,485.53,534.083,48.553
1046,FRESNO,California,1515,2025-03-19 09:23:00,Sandals,1,595.13,654.643,59.513
3500,SACRAMENTO,California,1504,2025-03-21 12:53:00,Sandals,1,497.13,546.843,49.713
2337,DETROIT,Michigan,6400,2025-03-20 11:59:00,Sandals,1,555.13,610.643,55.513
6360,NEW BEDFORD,Massachusetts,603,2025-03-24 08:45:00,Sandals,1,562.33,618.563,56.233
4798,GILBERT,Arizona,1974,2025-03-22 15:28:00,Sandals,1,531.93,585.123,53.193
2360,LANCASTER,California,2279,2025-03-20 12:20:00,Tennis Shoes,1,595.93,655.523,59.593
2633,MIDLAND,Texas,299,2025-03-20 15:47:00,Tennis Shoes,1,658.33,724.163,65.833
3692,YOUNG AMERICA,Minnesota,4093,2025-03-21 15:52:00,Tennis Shoes,1,587.93,646.723,58.793
4993,PORTLAND,Oregon,5805,2025-03-22 18:30:00,Tennis Shoes,1,517.53,569.283,51.753
6936,COLORADO SPRINGS,Colorado,5386,2025-03-24 15:13:00,Tennis Shoes,1,537.13,590.843,53.713
1566,STOCKTON,California,1857,2025-03-19 16:07:00,Tennis Shoes,1,658.33,724.163,65.833
1443,GREENSBORO,North Carolina,4208,2025-03-19 14:23:00,Tennis Shoes,1,512.63,563.893,51.263
2343,MILWAUKEE,Wisconsin,1540,2025-03-20 12:09:00,Tennis Shoes,1,718.33,790.163,71.833
6690,WACO,Texas,1003,2025-03-24 12:10:00,Tennis Shoes,1,517.53,569.283,51.753
6076,NORWALK,Connecticut,3033,2025-03-23 21:00:00,Tennis Shoes,1,736.73,810.403,73.673
4202,HOUSTON,Texas,4648,2025-03-22 08:12:00,Tennis Shoes,1,984.73,1083.203,98.473
1634,WINSTON SALEM,North Carolina,351,2025-03-19 16:45:00,Tennis Shoes,1,537.13,590.843,53.713
5356,KNOXVILLE,Tennessee,3315,2025-03-23 08:28:00,Tennis Shoes,1,666.33,732.963,66.633
1035,RICHMOND,Virginia,1363,2025-03-19 09:10:00,Tennis Shoes,1,658.33,724.163,65.833
6064,SYRACUSE,New York,784,2025-03-23 20:52:00,Tennis Shoes,1,537.13,590.843,53.713
7356,SAN DIEGO,California,6118,2025-03-24 22:05:00,Tennis Shoes,1,587.93,646.723,58.793
298,SAVANNAH,Georgia,5492,2025-03-18 12:04:00,Tennis Shoes,1,586.13,644.743,58.613
1111,WINSTON SALEM,North Carolina,352,2025-03-19 10:19:00,Tennis Shoes,1,517.53,569.283,51.753
6572,HUNTSVILLE,Texas,5253,2025-03-24 11:02:00,Running Shoes,1,517.53,569.283,51.753
2068,OMAHA,Nebraska,6216,2025-03-20 06:42:00,Running Shoes,1,537.13,590.843,53.713
4837,VAN NUYS,California,3538,2025-03-22 16:04:00,Running Shoes,1,537.13,590.843,53.713
1436,MIAMI,Florida,3173,2025-03-19 14:16:00,Walking Shoes,1,537.13,590.843,53.713
4738,PLANO,Texas,6298,2025-03-22 14:31:00,Running Shoes,1,595.13,654.643,59.513
1054,SAN DIEGO,California,2725,2025-03-19 09:31:00,Climbing Shoes,1,635.13,698.643,63.513
5443,DENVER,Colorado,2247,2025-03-23 10:08:00,Climbing Shoes,1,635.13,698.643,63.513
575,ORANGE,California,6462,2025-03-18 15:50:00,Climbing Shoes,1,674.33,741.763,67.433
2772,CLEVELAND,Ohio,246,2025-03-20 17:42:00,Tennis Shoes,1,517.53,569.283,51.753
3029,ATLANTA,Georgia,3406,2025-03-20 21:09:00,Tennis Shoes,1,587.93,646.723,58.793
2973,BONITA SPRINGS,Florida,4236,2025-03-20 20:22:00,Tennis Shoes,1,512.63,563.893,51.263
6113,RICHMOND,Virginia,6444,2025-03-23 21:28:00,Tennis Shoes,1,537.13,590.843,53.713
461,WALTHAM,Massachusetts,4120,2025-03-18 14:06:00,Tennis Shoes,1,650.33,715.363,65.033
7200,EVANSVILLE,Indiana,2674,2025-03-24 19:15:00,Tennis Shoes,1,587.93,646.723,58.793
4909,AUGUSTA,Georgia,3895,2025-03-22 17:00:00,Tennis Shoes,1,507.13,557.843,50.713
488,LAFAYETTE,Louisiana,3304,2025-03-18 14:29:00,Tennis Shoes,1,547.93,602.723,54.793
1492,HARTFORD,Connecticut,5987,2025-03-19 15:05:00,Tennis Shoes,1,656.73,722.403,65.673
2008,SAN JOSE,California,6176,2025-03-19 23:05:00,Cycling Shoes,1,851.93,937.123,85.193
819,LOUISVILLE,Kentucky,1213,2025-03-18 20:44:00,Cycling Shoes,1,507.13,557.843,50.713
1768,MONTGOMERY,Alabama,6183,2025-03-19 18:34:00,Cycling Shoes,1,547.93,602.723,54.793
5327,TULSA,Oklahoma,845,2025-03-23 07:04:00,Cycling Shoes,1,735.13,808.643,73.513
6564,SALT LAKE CITY,Utah,4988,2025-03-24 10:52:00,Cycling Shoes,1,565.13,621.643,56.513
540,COLORADO SPRINGS,Colorado,1698,2025-03-18 15:17:00,Cycling Shoes,1,493.53,542.883,49.353
3646,PUEBLO,Colorado,4,2025-03-21 15:08:00,Cycling Shoes,1,802.33,882.563,80.233
2229,SPRINGFIELD,Illinois,5402,2025-03-20 10:42:00,Cycling Shoes,1,733.13,806.443,73.313
3035,TRENTON,New Jersey,6174,2025-03-20 21:13:00,Cycling Shoes,1,615.13,676.643,61.513
1975,EL PASO,Texas,2795,2025-03-19 22:10:00,Climbing Shoes,1,595.93,655.523,59.593
4638,FRESNO,California,397,2025-03-22 13:11:00,Climbing Shoes,1,517.53,569.283,51.753
6801,FORT WAYNE,Indiana,5557,2025-03-24 13:31:00,Climbing Shoes,1,493.53,542.883,49.353
6728,HOLLYWOOD,Florida,5371,2025-03-24 12:39:00,Climbing Shoes,1,517.53,569.283,51.753
1922,SANTA MONICA,California,1470,2025-03-19 20:59:00,Climbing Shoes,1,587.93,646.723,58.793
2205,FORT WORTH,Texas,3686,2025-03-20 10:19:00,Climbing Shoes,1,595.93,655.523,59.593
6510,COLUMBUS,Mississippi,1520,2025-03-24 10:18:00,Climbing Shoes,1,517.53,569.283,51.753
390,ERIE,Pennsylvania,5062,2025-03-18 13:16:00,Climbing Shoes,1,571.93,629.123,57.193
1423,NASHVILLE,Tennessee,6026,2025-03-19 14:06:00,Climbing Shoes,1,635.13,698.643,63.513
1731,CARSON CITY,Nevada,5409,2025-03-19 18:06:00,Climbing Shoes,1,733.13,806.443,73.313
2642,ROCHESTER,New York,4289,2025-03-20 15:55:00,Climbing Shoes,1,537.13,590.843,53.713
4724,LYNCHBURG,Virginia,680,2025-03-22 14:20:00,Climbing Shoes,1,595.93,655.523,59.593
2964,EL PASO,Texas,4991,2025-03-20 20:11:00,Walking Shoes,1,656.73,722.403,65.673
2282,OMAHA,Nebraska,1124,2025-03-20 11:28:00,Walking Shoes,1,683.13,751.443,68.313
609,SAN DIEGO,California,3054,2025-03-18 16:20:00,Walking Shoes,1,501.53,551.683,50.153
2806,ATLANTA,Georgia,5677,2025-03-20 18:05:00,Walking Shoes,1,634.33,697.763,63.433
4906,MINNEAPOLIS,Minnesota,1179,2025-03-22 16:59:00,Walking Shoes,1,727.13,799.843,72.713
4722,SOUTH BEND,Indiana,2197,2025-03-22 14:20:00,Walking Shoes,1,517.13,568.843,51.713
7376,YOUNGSTOWN,Ohio,926,2025-03-24 22:26:00,Walking Shoes,1,517.13,568.843,51.713
2667,HUNTINGTON,West Virginia,2742,2025-03-20 16:17:00,Walking Shoes,1,663.13,729.443,66.313
1417,BOSTON,Massachusetts,2892,2025-03-19 13:59:00,Walking Shoes,1,517.13,568.843,51.713
1440,PHILADELPHIA,Pennsylvania,1586,2025-03-19 14:18:00,Accessories,1,498.13,547.943,49.813
2572,FORT MYERS,Florida,5788,2025-03-20 15:09:00,Climbing Shoes,2,635.13,698.643,63.513
1241,DENVER,Colorado,4014,2025-03-19 11:55:00,Sandals,1,575.13,632.643,57.513
46,TOLEDO,Ohio,3385,2025-03-18 07:21:00,Climbing Shoes,1,577.13,634.843,57.713
1970,SACRAMENTO,California,638,2025-03-19 22:07:00,Climbing Shoes,1,635.13,698.643,63.513
66,YAKIMA,Washington,4565,2025-03-18 08:10:00,Climbing Shoes,1,693.13,762.443,69.313
6681,HUNTSVILLE,Alabama,6131,2025-03-24 12:05:00,Climbing Shoes,1,635.13,698.643,63.513
4157,WORCESTER,Massachusetts,3613,2025-03-22 01:42:00,Climbing Shoes,1,587.93,646.723,58.793
2465,MILWAUKEE,Wisconsin,1878,2025-03-20 13:49:00,Climbing Shoes,1,579.93,637.923,57.993
4961,NEW YORK CITY,New York,5307,2025-03-22 17:56:00,Climbing Shoes,1,509.53,560.483,50.953
1332,NEW YORK CITY,New York,1592,2025-03-19 12:59:00,Climbing Shoes,1,625.13,687.643,62.513
1864,CHATTANOOGA,Tennessee,5676,2025-03-19 19:45:00,Sandals,1,535.13,588.643,53.513
54,GADSDEN,Alabama,2739,2025-03-18 07:47:00,Climbing Shoes,1,517.53,569.283,51.753
4016,ANDERSON,South Carolina,6412,2025-03-21 21:06:00,Climbing Shoes,1,537.13,590.843,53.713
4408,WASHINGTON,District of Columbia,3571,2025-03-22 10:31:00,Climbing Shoes,1,537.13,590.843,53.713
2571,COLUMBUS,Ohio,5663,2025-03-20 15:09:00,Climbing Shoes,1,784.13,862.543,78.413
2927,SACRAMENTO,California,4151,2025-03-20 19:33:00,Climbing Shoes,1,537.13,590.843,53.713
5746,TYLER,Texas,5137,2025-03-23 15:19:00,Climbing Shoes,1,563.93,620.323,56.393
946,CINCINNATI,Ohio,4137,2025-03-19 00:02:00,Climbing Shoes,1,635.13,698.643,63.513
3726,BATTLE CREEK,Michigan,5978,2025-03-21 16:18:00,Walking Shoes,1,563.93,620.323,56.393
4166,OGDEN,Utah,5156,2025-03-22 04:25:00,Climbing Shoes,1,723.13,795.443,72.313
5997,BOSTON,Massachusetts,5343,2025-03-23 19:46:00,Walking Shoes,1,813.53,894.883,81.353
1982,SIMI VALLEY,California,1616,2025-03-19 22:16:00,Climbing Shoes,1,720.73,792.803,72.073
5092,CHICAGO,Illinois,3678,2025-03-22 19:53:00,Climbing Shoes,1,517.53,569.283,51.753
168,SAINT PAUL,Minnesota,827,2025-03-18 10:25:00,Climbing Shoes,1,666.33,732.963,66.633
1609,FORT LAUDERDALE,Florida,3506,2025-03-19 16:35:00,Climbing Shoes,1,537.13,590.843,53.713
5692,ARLINGTON,Texas,5743,2025-03-23 14:30:00,Walking Shoes,1,791.13,870.243,79.113
2204,LAREDO,Texas,1905,2025-03-20 10:18:00,Boots,1,517.53,569.283,51.753
4178,HARRISBURG,Pennsylvania,139,2025-03-22 07:07:00,Climbing Shoes,1,497.13,546.843,49.713
6861,BROOKLYN,New York,3799,2025-03-24 14:08:00,Climbing Shoes,1,527.13,579.843,52.713
2045,LONG BEACH,California,5582,2025-03-20 00:54:00,Climbing Shoes,1,563.93,620.323,56.393
608,WEST PALM BEACH,Florida,3698,2025-03-18 16:18:00,Climbing Shoes,1,517.13,568.843,51.713
3399,HYATTSVILLE,Maryland,3778,2025-03-21 11:21:00,Climbing Shoes,1,831.13,914.243,83.113
2677,COLORADO SPRINGS,Colorado,1255,2025-03-20 16:28:00,Climbing Shoes,1,587.93,646.723,58.793
2638,GAINESVILLE,Florida,1084,2025-03-20 15:53:00,Climbing Shoes,1,658.33,724.163,65.833
4343,HICKSVILLE,New York,1140,2025-03-22 09:52:00,Climbing Shoes,1,575.13,632.643,57.513
6175,NEW YORK CITY,New York,885,2025-03-23 22:30:00,Climbing Shoes,1,517.13,568.843,51.713
4969,RENO,Nevada,5186,2025-03-22 18:02:00,Climbing Shoes,1,658.33,724.163,65.833
6875,KALAMAZOO,Michigan,358,2025-03-24 14:19:00,Boots,1,645.13,709.643,64.513
0,OKLAHOMA CITY,Oklahoma,4334,2025-03-18 00:00:00,Boots,1,505.13,555.643,50.513
2891,TULSA,Oklahoma,2892,2025-03-20 19:08:00,Climbing Shoes,1,650.13,715.143,65.013
4560,WARREN,Ohio,6488,2025-03-22 12:16:00,Climbing Shoes,1,464.13,510.543,46.413
3329,STOCKTON,California,5986,2025-03-21 10:27:00,Flip-Flops,1,585.13,643.643,58.513
6514,NEW YORK CITY,New York,1366,2025-03-24 10:22:00,Flip-Flops,1,505.13,555.643,50.513
7369,BOYNTON BEACH,Florida,6001,2025-03-24 22:18:00,Climbing Shoes,1,517.13,568.843,51.713
4023,DALLAS,Texas,4318,2025-03-21 21:19:00,Climbing Shoes,1,587.93,646.723,58.793
5041,TACOMA,Washington,3489,2025-03-22 19:18:00,Sandals,1,517.13,568.843,51.713
6589,LINCOLN,Nebraska,2716,2025-03-24 11:13:00,Climbing Shoes,1,537.13,590.843,53.713
2897,SIOUX FALLS,South Dakota,2218,2025-03-20 19:12:00,Climbing Shoes,1,555.93,611.523,55.593
2331,NEWTON,Massachusetts,3489,2025-03-20 11:54:00,Climbing Shoes,1,485.53,534.083,48.553
2418,SALEM,Oregon,2779,2025-03-20 13:10:00,Climbing Shoes,1,517.53,569.283,51.753
16,EL PASO,Texas,2085,2025-03-18 01:07:00,Climbing Shoes,1,527.13,579.843,52.713
1934,NORTH LITTLE ROCK,Arkansas,4611,2025-03-19 21:15:00,Climbing Shoes,1,587.93,646.723,58.793
5516,BIRMINGHAM,Alabama,1845,2025-03-23 11:44:00,Climbing Shoes,1,485.53,534.083,48.553
2795,GARDEN GROVE,California,5076,2025-03-20 17:57:00,Climbing Shoes,1,595.93,655.523,59.593
2702,SAN JOSE,California,2234,2025-03-20 16:52:00,Climbing Shoes,1,497.13,546.843,49.713
7334,OGDEN,Utah,3639,2025-03-24 21:29:00,Climbing Shoes,1,509.53,560.483,50.953
7245,NEW YORK CITY,New York,2775,2025-03-24 19:50:00,Climbing Shoes,1,497.13,546.843,49.713
4498,RALEIGH,North Carolina,4561,2025-03-22 11:30:00,Climbing Shoes,1,537.13,590.843,53.713
6675,SALT LAKE CITY,Utah,2792,2025-03-24 12:01:00,Climbing Shoes,1,635.13,698.643,63.513
4826,AIKEN,South Carolina,3840,2025-03-22 15:53:00,Climbing Shoes,1,811.13,892.243,81.113
2373,SALT LAKE CITY,Utah,1282,2025-03-20 12:29:00,Climbing Shoes,1,733.13,806.443,73.313
6859,HUNTSVILLE,Alabama,4395,2025-03-24 14:06:00,Climbing Shoes,1,555.13,610.643,55.513
419,SAN FRANCISCO,California,4355,2025-03-18 13:34:00,Climbing Shoes,1,821.13,903.243,82.113
7411,LONDON,Kentucky,3917,2025-03-24 23:22:00,Climbing Shoes,1,727.13,799.843,72.713
5530,FRESNO,California,1869,2025-03-23 12:02:00,Climbing Shoes,1,497.13,546.843,49.713
1,INGLEWOOD,California,5986,2025-03-18 00:04:00,Climbing Shoes,1,579.93,637.923,57.993
1511,SALINAS,California,2709,2025-03-19 15:18:00,Climbing Shoes,1,527.13,579.843,52.713
5302,NEW YORK CITY,New York,4824,2025-03-23 01:08:00,Climbing Shoes,1,555.13,610.643,55.513
12,CHARLOTTE,North Carolina,6183,2025-03-18 00:48:00,Climbing Shoes,1,578.33,636.163,57.833
6581,LINCOLN,Nebraska,2061,2025-03-24 11:08:00,Climbing Shoes,1,674.33,741.763,67.433
4649,ANN ARBOR,Michigan,1004,2025-03-22 13:22:00,Climbing Shoes,1,527.13,579.843,52.713
4137,KANSAS CITY,Missouri,6159,2025-03-22 00:07:00,Climbing Shoes,1,575.13,632.643,57.513
233,CHATTANOOGA,Tennessee,6344,2025-03-18 11:12:00,Climbing Shoes,1,585.13,643.643,58.513
1504,FORT WAYNE,Indiana,5575,2025-03-19 15:11:00,Climbing Shoes,1,497.13,546.843,49.713
321,BROOKLYN,New York,1871,2025-03-18 12:20:00,Climbing Shoes,1,625.13,687.643,62.513
282,PHOENIX,Arizona,3441,2025-03-18 11:48:00,Climbing Shoes,1,585.13,643.643,58.513
1775,HOUSTON,Texas,5149,2025-03-19 18:41:00,Climbing Shoes,1,497.13,546.843,49.713
5212,ALEXANDRIA,Virginia,552,2025-03-22 22:00:00,Climbing Shoes,1,493.53,542.883,49.353
4606,ALBUQUERQUE,New Mexico,2070,2025-03-22 12:48:00,Climbing Shoes,1,497.13,546.843,49.713
4986,TYLER,Texas,220,2025-03-22 18:19:00,Climbing Shoes,1,555.13,610.643,55.513
4773,BURBANK,California,3799,2025-03-22 15:08:00,Climbing Shoes,1,635.13,698.643,63.513
4779,FORT WAYNE,Indiana,6089,2025-03-22 15:13:00,Climbing Shoes,1,497.13,546.843,49.713
1976,BURBANK,California,4272,2025-03-19 22:10:00,Climbing Shoes,1,537.13,590.843,53.713
5115,ROCHESTER,New York,4360,2025-03-22 20:15:00,Climbing Shoes,1,787.13,865.843,78.713
2653,BOSTON,Massachusetts,3704,2025-03-20 16:05:00,Climbing Shoes,1,555.13,610.643,55.513
1060,METAIRIE,Louisiana,5879,2025-03-19 09:37:00,Climbing Shoes,1,497.13,546.843,49.713
3842,MERIDIAN,Mississippi,5286,2025-03-21 18:21:00,Climbing Shoes,1,537.13,590.843,53.713
258,NEW YORK CITY,New York,3909,2025-03-18 11:24:00,Climbing Shoes,1,585.13,643.643,58.513
2645,SAN ANTONIO,Texas,691,2025-03-20 15:56:00,Climbing Shoes,1,493.53,542.883,49.353
3768,MIDLAND,Michigan,420,2025-03-21 16:53:00,Climbing Shoes,1,531.93,585.123,53.193
3800,FORT WAYNE,Indiana,36,2025-03-21 17:24:00,Climbing Shoes,1,537.13,590.843,53.713
3176,HYATTSVILLE,Maryland,430,2025-03-21 00:16:00,Climbing Shoes,1,537.13,590.843,53.713
1687,SAINT LOUIS,Missouri,2689,2025-03-19 17:31:00,Climbing Shoes,1,509.53,560.483,50.953
6173,CARSON CITY,Nevada,2400,2025-03-23 22:26:00,Climbing Shoes,1,497.13,546.843,49.713
2179,OAKLAND,California,4998,2025-03-20 09:57:00,Climbing Shoes,1,497.13,546.843,49.713
3149,CHICAGO,Illinois,1302,2025-03-20 23:11:00,Climbing Shoes,1,563.93,620.323,56.393
3616,ORLANDO,Florida,2504,2025-03-21 14:33:00,Climbing Shoes,1,987.13,1085.843,98.713
6286,PITTSBURGH,Pennsylvania,2547,2025-03-24 07:21:00,Climbing Shoes,1,497.13,546.843,49.713
2001,POCATELLO,Idaho,1374,2025-03-19 22:47:00,Climbing Shoes,1,493.53,542.883,49.353
4195,ORLANDO,Florida,3199,2025-03-22 08:00:00,Climbing Shoes,1,493.53,542.883,49.353
5901,TUCSON,Arizona,3866,2025-03-23 17:49:00,Climbing Shoes,1,599.63,659.593,59.963
4345,LAS VEGAS,Nevada,1642,2025-03-22 09:54:00,Climbing Shoes,1,625.13,687.643,62.513
6830,MOBILE,Alabama,3387,2025-03-24 13:53:00,Running Shoes,1,537.13,590.843,53.713
2788,SPRINGFIELD,Illinois,4680,2025-03-20 17:53:00,Running Shoes,1,527.13,579.843,52.713
2843,SIOUX FALLS,South Dakota,765,2025-03-20 18:35:00,Running Shoes,1,497.13,546.843,49.713
5237,RESTON,Virginia,1197,2025-03-22 22:36:00,Running Shoes,1,497.13,546.843,49.713
1593,CHULA VISTA,California,3642,2025-03-19 16:23:00,Running Shoes,1,497.13,546.843,49.713
3470,PENSACOLA,Florida,2473,2025-03-21 12:26:00,Running Shoes,1,527.13,579.843,52.713
1144,STAMFORD,Connecticut,5561,2025-03-19 10:49:00,Running Shoes,1,701.13,771.243,70.113
3294,WASHINGTON,District of Columbia,5493,2025-03-21 09:51:00,Running Shoes,1,537.13,590.843,53.713
6152,WASHINGTON,District of Columbia,4776,2025-03-23 22:00:00,Running Shoes,1,625.13,687.643,62.513
5745,AUSTIN,Texas,622,2025-03-23 15:19:00,Running Shoes,1,595.13,654.643,59.513
636,SANTA FE,New Mexico,3002,2025-03-18 16:38:00,Running Shoes,1,733.13,806.443,73.313
6912,DALLAS,Texas,402,2025-03-24 14:47:00,Running Shoes,1,501.53,551.683,50.153
25,MACON,Georgia,4633,2025-03-18 01:40:00,Running Shoes,1,497.13,546.843,49.713
6014,IRVING,Texas,61,2025-03-23 20:01:00,Running Shoes,1,509.53,560.483,50.953
2134,MILWAUKEE,Wisconsin,5277,2025-03-20 09:21:00,Running Shoes,1,517.53,569.283,51.753
4418,KISSIMMEE,Florida,1313,2025-03-22 10:39:00,Running Shoes,1,507.13,557.843,50.713
2853,NEW YORK CITY,New York,87,2025-03-20 18:41:00,Running Shoes,1,497.13,546.843,49.713
4956,WASHINGTON,District of Columbia,2361,2025-03-22 17:48:00,Running Shoes,1,473.93,521.323,47.393
1721,WASHINGTON,District of Columbia,3681,2025-03-19 17:55:00,Running Shoes,1,563.93,620.323,56.393
2277,OAKLAND,California,6378,2025-03-20 11:24:00,Running Shoes,1,537.13,590.843,53.713
2195,JACKSONVILLE,Florida,385,2025-03-20 10:08:00,Running Shoes,1,527.13,579.843,52.713
2941,AUSTIN,Texas,3438,2025-03-20 19:46:00,Running Shoes,1,509.53,560.483,50.953
5880,ATLANTA,Georgia,6276,2025-03-23 17:30:00,Running Shoes,1,485.53,534.083,48.553
7287,DAYTON,Ohio,2474,2025-03-24 20:28:00,Running Shoes,1,537.13,590.843,53.713
4851,LINCOLN,Nebraska,1307,2025-03-22 16:15:00,Running Shoes,1,537.13,590.843,53.713
2181,MIAMI,Florida,3126,2025-03-20 09:59:00,Running Shoes,1,537.13,590.843,53.713
7206,ERIE,Pennsylvania,4085,2025-03-24 19:19:00,Running Shoes,1,563.93,620.323,56.393
7053,WILMINGTON,Delaware,3275,2025-03-24 16:46:00,Running Shoes,1,537.13,590.843,53.713
4304,CONROE,Texas,3570,2025-03-22 09:30:00,Running Shoes,1,587.93,646.723,58.793
2273,WASHINGTON,District of Columbia,5299,2025-03-20 11:22:00,Running Shoes,1,537.13,590.843,53.713
4308,CHARLESTON,South Carolina,2962,2025-03-22 09:32:00,Running Shoes,1,527.13,579.843,52.713
1965,JACKSONVILLE,Florida,4879,2025-03-19 21:56:00,Running Shoes,1,537.13,590.843,53.713
1327,SARASOTA,Florida,1896,2025-03-19 12:56:00,Running Shoes,1,517.13,568.843,51.713
3048,BATON ROUGE,Louisiana,133,2025-03-20 21:22:00,Running Shoes,1,527.13,579.843,52.713
4596,SAN JOSE,California,481,2025-03-22 12:42:00,Running Shoes,1,635.13,698.643,63.513
6952,DETROIT,Michigan,2051,2025-03-24 15:23:00,Running Shoes,1,517.53,569.283,51.753
1389,FORT LAUDERDALE,Florida,1790,2025-03-19 13:39:00,Running Shoes,1,537.13,590.843,53.713
6896,KANSAS CITY,Missouri,3640,2025-03-24 14:29:00,Running Shoes,1,517.53,569.283,51.753
718,FORT LAUDERDALE,Florida,5203,2025-03-18 18:19:00,Running Shoes,1,537.13,590.843,53.713
2473,GRAND RAPIDS,Michigan,5205,2025-03-20 13:55:00,Running Shoes,1,537.13,590.843,53.713
7010,WASHINGTON,District of Columbia,3892,2025-03-24 16:16:00,Running Shoes,1,537.13,590.843,53.713
5681,TUCSON,Arizona,537,2025-03-23 14:12:00,Running Shoes,1,537.13,590.843,53.713
4066,SAN DIEGO,California,920,2025-03-21 22:19:00,Running Shoes,1,517.53,569.283,51.753
5337,MILWAUKEE,Wisconsin,1734,2025-03-23 07:31:00,Running Shoes,1,537.13,590.843,53.713
3199,RICHMOND,Virginia,750,2025-03-21 02:09:00,Running Shoes,1,567.13,623.843,56.713
1544,KANSAS CITY,Kansas,4788,2025-03-19 15:53:00,Walking Shoes,1,555.13,610.643,55.513
1140,HUNTSVILLE,Alabama,5604,2025-03-19 10:45:00,Walking Shoes,1,547.93,602.723,54.793
4215,ENGLEWOOD,Colorado,2996,2025-03-22 08:21:00,Walking Shoes,1,517.13,568.843,51.713
5198,BIRMINGHAM,Alabama,4213,2025-03-22 21:40:00,Walking Shoes,1,595.13,654.643,59.513
6725,CONROE,Texas,5836,2025-03-24 12:36:00,Walking Shoes,1,547.93,602.723,54.793
4388,LITTLE ROCK,Arkansas,2200,2025-03-22 10:19:00,Walking Shoes,1,517.13,568.843,51.713
6692,WICHITA,Kansas,4739,2025-03-24 12:14:00,Walking Shoes,1,517.13,568.843,51.713
1641,SAINT PAUL,Minnesota,1234,2025-03-19 16:49:00,Walking Shoes,1,497.93,547.723,49.793
4260,JOHNSTOWN,Pennsylvania,6434,2025-03-22 08:54:00,Water Shoes,1,497.13,546.843,49.713
5324,CHAMPAIGN,Illinois,5311,2025-03-23 06:33:00,Sandals,2,555.13,610.643,55.513
2757,KANSAS CITY,Missouri,5350,2025-03-20 17:31:00,Boots,1,517.53,569.283,51.753
7290,ARLINGTON,Texas,2268,2025-03-24 20:30:00,Running Shoes,1,485.53,534.083,48.553
7278,CHICAGO,Illinois,4817,2025-03-24 20:21:00,Running Shoes,1,635.13,698.643,63.513
5203,BRONX,New York,5889,2025-03-22 21:45:00,Running Shoes,1,635.13,698.643,63.513
6206,SEATTLE,Washington,4698,2025-03-23 23:22:00,Running Shoes,1,497.13,546.843,49.713
6265,NORTH LAS VEGAS,Nevada,5816,2025-03-24 05:51:00,Running Shoes,2,635.13,698.643,63.513
852,PHOENIX,Arizona,2498,2025-03-18 21:19:00,Running Shoes,1,537.13,590.843,53.713
5312,SEATTLE,Washington,4256,2025-03-23 02:07:00,Running Shoes,1,595.93,655.523,59.593
4207,NEWTON,Massachusetts,3321,2025-03-22 08:15:00,Running Shoes,1,691.13,760.243,69.113
1365,MIAMI,Florida,5730,2025-03-19 13:24:00,Running Shoes,1,653.13,718.443,65.313
2907,DAVENPORT,Iowa,5145,2025-03-20 19:20:00,Running Shoes,1,517.13,568.843,51.713
798,FORT LAUDERDALE,Florida,5238,2025-03-18 20:18:00,Running Shoes,1,591.93,651.123,59.193
7276,ORANGE,California,176,2025-03-24 20:21:00,Running Shoes,1,531.93,585.123,53.193
508,HOUSTON,Texas,2369,2025-03-18 14:44:00,Running Shoes,1,615.13,676.643,61.513
7005,WASHINGTON,District of Columbia,4151,2025-03-24 16:10:00,Running Shoes,1,563.93,620.323,56.393
1695,CINCINNATI,Ohio,4283,2025-03-19 17:37:00,Running Shoes,1,605.13,665.643,60.513
3197,SAGINAW,Michigan,3089,2025-03-21 02:04:00,Running Shoes,1,673.13,740.443,67.313
5839,COLUMBUS,Ohio,6104,2025-03-23 16:49:00,Running Shoes,1,635.13,698.643,63.513
4001,IRVING,Texas,68,2025-03-21 20:48:00,Running Shoes,1,517.53,569.283,51.753
529,TYLER,Texas,5545,2025-03-18 15:07:00,Walking Shoes,1,537.13,590.843,53.713
4728,MACON,Georgia,2321,2025-03-22 14:23:00,Running Shoes,1,977.13,1074.843,97.713
4717,GARY,Indiana,4305,2025-03-22 14:17:00,Running Shoes,1,579.93,637.923,57.993
813,OAKLAND,California,3578,2025-03-18 20:35:00,Sandals,1,661.13,727.243,66.113
3419,PHOENIX,Arizona,1549,2025-03-21 11:37:00,Running Shoes,1,625.13,687.643,62.513
4123,DES MOINES,Iowa,4654,2025-03-21 23:31:00,Running Shoes,1,642.33,706.563,64.233
907,DES MOINES,Iowa,3400,2025-03-18 22:49:00,Running Shoes,1,517.13,568.843,51.713
3322,DANBURY,Connecticut,5737,2025-03-21 10:17:00,Running Shoes,1,736.73,810.403,73.673
1711,HARRISBURG,Pennsylvania,2002,2025-03-19 17:49:00,Running Shoes,1,571.93,629.123,57.193
3205,DENTON,Texas,5638,2025-03-21 03:10:00,Running Shoes,1,626.33,688.963,62.633
3255,ROCHESTER,New York,79,2025-03-21 08:55:00,Running Shoes,1,563.93,620.323,56.393
7374,SCRANTON,Pennsylvania,4132,2025-03-24 22:25:00,Running Shoes,1,579.93,637.923,57.993
6123,HUNTINGTON,West Virginia,5840,2025-03-23 21:38:00,Running Shoes,1,509.53,560.483,50.953
5445,ROUND ROCK,Texas,4005,2025-03-23 10:10:00,Running Shoes,1,517.13,568.843,51.713
3142,ALEXANDRIA,Virginia,5314,2025-03-20 23:03:00,Running Shoes,1,517.13,568.843,51.713
3492,MIAMI,Florida,669,2025-03-21 12:41:00,Running Shoes,1,595.13,654.643,59.513
2578,GREENSBORO,North Carolina,6275,2025-03-20 15:11:00,Running Shoes,1,517.53,569.283,51.753
313,CORPUS CHRISTI,Texas,345,2025-03-18 12:14:00,Running Shoes,1,595.93,655.523,59.593
4042,SPARTANBURG,South Carolina,5134,2025-03-21 21:43:00,Running Shoes,1,537.13,590.843,53.713
1431,GREELEY,Colorado,2323,2025-03-19 14:08:00,Running Shoes,1,497.13,546.843,49.713
3885,HUNTSVILLE,Alabama,6124,2025-03-21 18:56:00,Running Shoes,1,485.53,534.083,48.553
6062,ERIE,Pennsylvania,1389,2025-03-23 20:51:00,Running Shoes,1,497.13,546.843,49.713
943,HOUSTON,Texas,5031,2025-03-18 23:54:00,Running Shoes,1,497.13,546.843,49.713
5767,HOUSTON,Texas,1391,2025-03-23 15:37:00,Running Shoes,1,497.13,546.843,49.713
1349,GULFPORT,Mississippi,1832,2025-03-19 13:13:00,Running Shoes,1,509.53,560.483,50.953
3872,NEW ORLEANS,Louisiana,3687,2025-03-21 18:43:00,Running Shoes,1,517.53,569.283,51.753
3969,ATLANTA,Georgia,1919,2025-03-21 20:15:00,Running Shoes,1,537.13,590.843,53.713
6767,STOCKTON,California,666,2025-03-24 13:04:00,Running Shoes,1,439.13,483.043,43.913
3476,NAPERVILLE,Illinois,42,2025-03-21 12:33:00,Boots,1,595.93,655.523,59.593
1300,LUBBOCK,Texas,4273,2025-03-19 12:36:00,Boots,1,537.13,590.843,53.713
6440,HUNTSVILLE,Alabama,4382,2025-03-24 09:41:00,Running Shoes,1,485.53,534.083,48.553
2965,SAINT PAUL,Minnesota,2941,2025-03-20 20:13:00,Running Shoes,1,517.13,568.843,51.713
1109,BAKERSFIELD,California,5829,2025-03-19 10:18:00,Running Shoes,1,595.93,655.523,59.593
1610,COLUMBUS,Ohio,4094,2025-03-19 16:36:00,Running Shoes,1,625.13,687.643,62.513
1166,CINCINNATI,Ohio,2410,2025-03-19 11:05:00,Running Shoes,1,555.93,611.523,55.593
4746,COLLEGE STATION,Texas,922,2025-03-22 14:41:00,Running Shoes,1,501.53,551.683,50.153
7093,RALEIGH,North Carolina,3072,2025-03-24 17:22:00,Running Shoes,1,791.13,870.243,79.113
3902,HUNTSVILLE,Alabama,6287,2025-03-21 19:09:00,Running Shoes,1,537.13,590.843,53.713
1521,PROVO,Utah,1801,2025-03-19 15:28:00,Running Shoes,1,517.13,568.843,51.713
465,FLUSHING,New York,1710,2025-03-18 14:09:00,Running Shoes,1,517.13,568.843,51.713
3258,DETROIT,Michigan,3834,2025-03-21 09:00:00,Running Shoes,1,517.13,568.843,51.713
6122,FRESNO,California,3904,2025-03-23 21:38:00,Running Shoes,1,625.13,687.643,62.513
7107,SAGINAW,Michigan,2130,2025-03-24 17:43:00,Running Shoes,1,517.53,569.283,51.753
2370,GREENSBORO,North Carolina,3100,2025-03-20 12:28:00,Running Shoes,1,625.13,687.643,62.513
6565,LOS ANGELES,California,1400,2025-03-24 10:54:00,Running Shoes,1,497.13,546.843,49.713
5143,MOBILE,Alabama,4618,2025-03-22 20:39:00,Flip-Flops,1,517.53,569.283,51.753
7244,GREENSBORO,North Carolina,4149,2025-03-24 19:48:00,Flip-Flops,1,537.13,590.843,53.713
2551,OGDEN,Utah,620,2025-03-20 14:56:00,Flip-Flops,1,507.13,557.843,50.713
5247,MINNEAPOLIS,Minnesota,5684,2025-03-22 22:50:00,Flip-Flops,1,587.93,646.723,58.793
5363,VAN NUYS,California,1619,2025-03-23 08:37:00,Flip-Flops,1,509.53,560.483,50.953
2052,OKLAHOMA CITY,Oklahoma,3173,2025-03-20 01:08:00,Flip-Flops,1,567.13,623.843,56.713
3002,PORT WASHINGTON,New York,6468,2025-03-20 20:49:00,Flip-Flops,1,507.13,557.843,50.713
76,HUNTINGTON,West Virginia,2877,2025-03-18 08:32:00,Jackets,1,619.93,681.923,61.993
1231,WINSTON SALEM,North Carolina,6091,2025-03-19 11:48:00,Running Shoes,1,517.13,568.843,51.713
2485,OLYMPIA,Washington,5948,2025-03-20 14:10:00,Running Shoes,1,532.13,585.343,53.213
160,LEXINGTON,Kentucky,6074,2025-03-18 10:20:00,Running Shoes,1,468.13,514.943,46.813
781,FORT WAYNE,Indiana,4150,2025-03-18 19:55:00,Running Shoes,1,488.13,536.943,48.813
4232,WINSTON SALEM,North Carolina,1340,2025-03-22 08:33:00,Sandals,1,475.13,522.643,47.513
1875,BOSTON,Massachusetts,5768,2025-03-19 20:04:00,Sandals,1,517.13,568.843,51.713
4262,PITTSBURGH,Pennsylvania,2425,2025-03-22 08:57:00,Sandals,1,497.13,546.843,49.713
2703,KATY,Texas,3661,2025-03-20 16:52:00,Sandals,1,535.13,588.643,53.513
4661,GREENVILLE,South Carolina,3539,2025-03-22 13:28:00,Running Shoes,1,517.53,569.283,51.753
5158,NEW ORLEANS,Louisiana,4989,2025-03-22 20:56:00,Running Shoes,1,537.13,590.843,53.713
4730,VANCOUVER,Washington,5298,2025-03-22 14:25:00,Running Shoes,1,527.13,579.843,52.713
1806,AUSTIN,Texas,1953,2025-03-19 19:00:00,Running Shoes,1,517.53,569.283,51.753
1358,WASHINGTON,District of Columbia,2229,2025-03-19 13:21:00,Running Shoes,1,493.53,542.883,49.353
335,MIAMI,Florida,2232,2025-03-18 12:35:00,Running Shoes,1,497.13,546.843,49.713
5893,DAYTON,Ohio,4959,2025-03-23 17:42:00,Running Shoes,1,531.93,585.123,53.193
2498,MANCHESTER,New Hampshire,4475,2025-03-20 14:17:00,Running Shoes,1,497.13,546.843,49.713
2484,MESQUITE,Texas,3300,2025-03-20 14:08:00,Running Shoes,1,517.53,569.283,51.753
4881,HARTFORD,Connecticut,2421,2025-03-22 16:42:00,Running Shoes,1,595.93,655.523,59.593
6412,ABILENE,Texas,4515,2025-03-24 09:22:00,Running Shoes,1,537.13,590.843,53.713
3743,MUSKEGON,Michigan,4469,2025-03-21 16:31:00,Running Shoes,1,517.13,568.843,51.713
5706,NEW YORK CITY,New York,5279,2025-03-23 14:40:00,Running Shoes,1,497.13,546.843,49.713
4011,LAS CRUCES,New Mexico,3416,2025-03-21 20:58:00,Running Shoes,1,517.53,569.283,51.753
5896,NORTH LAS VEGAS,Nevada,5727,2025-03-23 17:43:00,Running Shoes,1,537.13,590.843,53.713
1424,LOS ANGELES,California,1951,2025-03-19 14:06:00,Running Shoes,1,485.53,534.083,48.553
7234,CHARLESTON,West Virginia,5193,2025-03-24 19:37:00,Running Shoes,1,531.93,585.123,53.193
2036,SYRACUSE,New York,2898,2025-03-20 00:01:00,Running Shoes,1,537.13,590.843,53.713
1701,BROOKSVILLE,Florida,5192,2025-03-19 17:42:00,Running Shoes,1,497.13,546.843,49.713
4955,BAKERSFIELD,California,3408,2025-03-22 17:47:00,Running Shoes,1,517.13,568.843,51.713
4846,EL PASO,Texas,504,2025-03-22 16:11:00,Running Shoes,1,563.93,620.323,56.393
3007,TOPEKA,Kansas,1123,2025-03-20 20:54:00,Running Shoes,1,642.33,706.563,64.233
4570,DULUTH,Georgia,5585,2025-03-22 12:20:00,Running Shoes,1,497.13,546.843,49.713
5979,MEMPHIS,Tennessee,3768,2025-03-23 19:20:00,Running Shoes,1,507.13,557.843,50.713
6032,COLUMBIA,South Carolina,1081,2025-03-23 20:23:00,Running Shoes,1,501.53,551.683,50.153
6851,SACRAMENTO,California,1519,2025-03-24 14:03:00,Running Shoes,1,733.13,806.443,73.313
3513,LAKE CHARLES,Louisiana,753,2025-03-21 13:06:00,Running Shoes,1,527.13,579.843,52.713
3484,WASHINGTON,District of Columbia,3175,2025-03-21 12:38:00,Running Shoes,1,505.13,555.643,50.513
213,HOUSTON,Texas,6453,2025-03-18 10:57:00,Running Shoes,1,537.13,590.843,53.713
868,MEMPHIS,Tennessee,2687,2025-03-18 21:40:00,Running Shoes,1,507.13,557.843,50.713
5693,TACOMA,Washington,2119,2025-03-23 14:30:00,Running Shoes,1,507.13,557.843,50.713
2285,RICHMOND,California,5006,2025-03-20 11:28:00,Running Shoes,1,497.13,546.843,49.713
2254,WEST PALM BEACH,Florida,5045,2025-03-20 11:05:00,Running Shoes,1,517.53,569.283,51.753
1210,ANAHEIM,California,6104,2025-03-19 11:35:00,Running Shoes,1,537.13,590.843,53.713
6063,MIAMI,Florida,4821,2025-03-23 20:52:00,Running Shoes,1,531.93,585.123,53.193
708,ATLANTA,Georgia,5257,2025-03-18 17:59:00,Running Shoes,1,517.13,568.843,51.713
5352,PITTSBURGH,Pennsylvania,5360,2025-03-23 08:22:00,Running Shoes,1,509.53,560.483,50.953
5782,INDIANAPOLIS,Indiana,4262,2025-03-23 15:59:00,Running Shoes,1,527.13,579.843,52.713
5001,TRENTON,New Jersey,4191,2025-03-22 18:41:00,Running Shoes,1,537.13,590.843,53.713
4567,WASHINGTON,District of Columbia,6406,2025-03-22 12:19:00,Running Shoes,1,531.93,585.123,53.193
370,SAN ANTONIO,Texas,4965,2025-03-18 13:05:00,Running Shoes,1,507.13,557.843,50.713
3802,SAN JOSE,California,4209,2025-03-21 17:28:00,Running Shoes,1,509.53,560.483,50.953
3061,GARY,Indiana,180,2025-03-20 21:32:00,Running Shoes,1,517.53,569.283,51.753
3442,KANSAS CITY,Missouri,1980,2025-03-21 12:05:00,Running Shoes,1,507.13,557.843,50.713
175,MIDLAND,Texas,2304,2025-03-18 10:28:00,Running Shoes,1,485.53,534.083,48.553
156,PORTLAND,Oregon,5445,2025-03-18 10:15:00,Running Shoes,1,517.53,569.283,51.753
2432,FARGO,North Dakota,5209,2025-03-20 13:22:00,Running Shoes,1,517.13,568.843,51.713
550,AMARILLO,Texas,4013,2025-03-18 15:28:00,Running Shoes,1,487.56,536.316,48.756
817,MORENO VALLEY,California,2015,2025-03-18 20:40:00,Running Shoes,1,537.13,590.843,53.713
7311,LAKELAND,Florida,1970,2025-03-24 20:58:00,Running Shoes,1,509.53,560.483,50.953
2601,FRESNO,California,101,2025-03-20 15:27:00,Running Shoes,1,537.13,590.843,53.713
59,NASHVILLE,Tennessee,4913,2025-03-18 08:00:00,Running Shoes,1,507.13,557.843,50.713
6650,CHICAGO,Illinois,4663,2025-03-24 11:47:00,Running Shoes,1,517.53,569.283,51.753
642,CHARLOTTE,North Carolina,4070,2025-03-18 16:44:00,Running Shoes,1,497.13,546.843,49.713
6357,RICHMOND,Virginia,2912,2025-03-24 08:44:00,Running Shoes,1,537.13,590.843,53.713
3923,SAN FRANCISCO,California,5994,2025-03-21 19:32:00,Running Shoes,1,517.53,569.283,51.753
3909,BEAUMONT,Texas,383,2025-03-21 19:14:00,Running Shoes,1,527.13,579.843,52.713
717,NORTH HOLLYWOOD,California,4027,2025-03-18 18:13:00,Running Shoes,1,509.53,560.483,50.953
3167,MONTGOMERY,Alabama,4812,2025-03-20 23:55:00,Running Shoes,1,537.13,590.843,53.713
4895,NASHVILLE,Tennessee,6088,2025-03-22 16:55:00,Running Shoes,1,517.53,569.283,51.753
536,MADISON,Wisconsin,2308,2025-03-18 15:15:00,Running Shoes,1,537.13,590.843,53.713
236,NEW YORK CITY,New York,521,2025-03-18 11:13:00,Running Shoes,1,537.13,590.843,53.713
167,OMAHA,Nebraska,6154,2025-03-18 10:25:00,Running Shoes,1,532.13,585.343,53.213
5518,PORT CHARLOTTE,Florida,6087,2025-03-23 11:45:00,Running Shoes,1,527.13,579.843,52.713
5874,FALLS CHURCH,Virginia,842,2025-03-23 17:21:00,Running Shoes,1,513.93,565.323,51.393
382,GARDEN GROVE,California,1759,2025-03-18 13:11:00,Running Shoes,1,509.53,560.483,50.953
3665,LEXINGTON,Kentucky,2398,2025-03-21 15:25:00,Running Shoes,1,537.13,590.843,53.713
6633,CINCINNATI,Ohio,4271,2025-03-24 11:38:00,Running Shoes,1,527.13,579.843,52.713
4365,LAS VEGAS,Nevada,4339,2025-03-22 10:08:00,Running Shoes,1,527.13,579.843,52.713
1607,BOSTON,Massachusetts,2395,2025-03-19 16:33:00,Running Shoes,1,509.53,560.483,50.953
4622,CLEVELAND,Ohio,5110,2025-03-22 12:59:00,Running Shoes,1,537.13,590.843,53.713
3721,ROCHESTER,New York,2807,2025-03-21 16:15:00,Running Shoes,1,635.13,698.643,63.513
1904,SCRANTON,Pennsylvania,6297,2025-03-19 20:34:00,Running Shoes,1,537.13,590.843,53.713
3744,DES MOINES,Iowa,6495,2025-03-21 16:35:00,Running Shoes,1,517.53,569.283,51.753
2079,WILMINGTON,Delaware,2046,2025-03-20 08:20:00,Running Shoes,1,517.13,568.843,51.713
879,BROCKTON,Massachusetts,1918,2025-03-18 21:53:00,Running Shoes,1,527.13,579.843,52.713
3604,CHARLOTTE,North Carolina,3488,2025-03-21 14:19:00,Running Shoes,1,509.53,560.483,50.953
1194,BAKERSFIELD,California,3364,2025-03-19 11:29:00,Running Shoes,1,527.13,579.843,52.713
5105,ROANOKE,Virginia,1704,2025-03-22 20:06:00,Running Shoes,1,537.13,590.843,53.713
1530,RICHMOND,California,1631,2025-03-19 15:38:00,Running Shoes,1,493.53,542.883,49.353
2390,DALLAS,Texas,4449,2025-03-20 12:49:00,Running Shoes,1,507.13,557.843,50.713
3862,BETHESDA,Maryland,3088,2025-03-21 18:35:00,Running Shoes,1,490.13,539.143,49.013
2668,LOUISVILLE,Kentucky,2825,2025-03-20 16:18:00,Running Shoes,1,511.16,562.276,51.116
511,OKLAHOMA CITY,Oklahoma,2855,2025-03-18 14:48:00,Running Shoes,1,642.33,706.563,64.233
583,BISMARCK,North Dakota,1813,2025-03-18 16:02:00,Running Shoes,1,517.53,569.283,51.753
5204,INDIANAPOLIS,Indiana,647,2025-03-22 21:45:00,Running Shoes,1,537.13,590.843,53.713
5990,CINCINNATI,Ohio,3209,2025-03-23 19:36:00,Running Shoes,1,517.53,569.283,51.753
3272,SCOTTSDALE,Arizona,2378,2025-03-21 09:18:00,Running Shoes,1,537.13,590.843,53.713
7385,ALEXANDRIA,Virginia,2890,2025-03-24 22:41:00,Running Shoes,1,517.53,569.283,51.753
826,YOUNGSTOWN,Ohio,3526,2025-03-18 20:54:00,Running Shoes,1,517.53,569.283,51.753
6160,DETROIT,Michigan,831,2025-03-23 22:11:00,Running Shoes,1,527.13,579.843,52.713
2381,WASHINGTON,District of Columbia,5481,2025-03-20 12:38:00,Running Shoes,1,517.13,568.843,51.713
3464,ORLANDO,Florida,1199,2025-03-21 12:23:00,Running Shoes,1,517.53,569.283,51.753
7157,HOUSTON,Texas,2247,2025-03-24 18:27:00,Running Shoes,1,517.53,569.283,51.753
1255,SAN ANTONIO,Texas,4886,2025-03-19 12:04:00,Running Shoes,1,517.53,569.283,51.753
2798,SAN DIEGO,California,4527,2025-03-20 18:01:00,Running Shoes,1,537.13,590.843,53.713
4705,SYRACUSE,New York,846,2025-03-22 14:08:00,Running Shoes,1,537.13,590.843,53.713
688,WASHINGTON,District of Columbia,6234,2025-03-18 17:33:00,Running Shoes,1,510.59,561.649,51.059
3549,LOS ANGELES,California,3376,2025-03-21 13:39:00,Running Shoes,1,517.53,569.283,51.753
1619,PENSACOLA,Florida,5880,2025-03-19 16:40:00,Running Shoes,1,537.13,590.843,53.713
1887,WORCESTER,Massachusetts,758,2025-03-19 20:12:00,Running Shoes,1,512.63,563.893,51.263
4244,DAYTONA BEACH,Florida,4798,2025-03-22 08:41:00,Walking Shoes,1,497.63,547.393,49.763
5315,EVERETT,Washington,673,2025-03-23 03:16:00,Walking Shoes,1,501.53,551.683,50.153
4903,CLEARWATER,Florida,4278,2025-03-22 16:58:00,Jackets,1,567.13,623.843,56.713
3367,ROANOKE,Virginia,3683,2025-03-21 10:51:00,Running Shoes,1,497.13,546.843,49.713
1787,MESA,Arizona,808,2025-03-19 18:47:00,Running Shoes,1,517.53,569.283,51.753
2828,SARASOTA,Florida,1510,2025-03-20 18:23:00,Running Shoes,1,509.53,560.483,50.953
5886,RENO,Nevada,5543,2025-03-23 17:34:00,Running Shoes,1,537.13,590.843,53.713
6126,WASHINGTON,District of Columbia,2498,2025-03-23 21:39:00,Running Shoes,1,537.13,590.843,53.713
4995,PITTSBURGH,Pennsylvania,1415,2025-03-22 18:33:00,Running Shoes,1,595.13,654.643,59.513
6179,NEW YORK CITY,New York,2139,2025-03-23 22:41:00,Running Shoes,1,537.13,590.843,53.713
1764,HUNTSVILLE,Alabama,6438,2025-03-19 18:33:00,Running Shoes,1,517.13,568.843,51.713
1742,TULSA,Oklahoma,913,2025-03-19 18:14:00,Running Shoes,1,517.13,568.843,51.713
1689,HARRISBURG,Pennsylvania,727,2025-03-19 17:33:00,Running Shoes,1,517.13,568.843,51.713
737,PHOENIX,Arizona,4640,2025-03-18 18:57:00,Running Shoes,1,831.13,914.243,83.113
6915,RICHMOND,Virginia,2262,2025-03-24 14:53:00,Flip-Flops,1,585.13,643.643,58.513
4641,TULSA,Oklahoma,1980,2025-03-22 13:11:00,Running Shoes,1,497.13,546.843,49.713
4511,SCRANTON,Pennsylvania,1179,2025-03-22 11:40:00,Running Shoes,1,527.13,579.843,52.713
2908,FORT WAYNE,Indiana,3762,2025-03-20 19:20:00,Running Shoes,1,497.63,547.393,49.763
2823,RALEIGH,North Carolina,2082,2025-03-20 18:18:00,Running Shoes,1,501.53,551.683,50.153
1553,MIAMI,Florida,1659,2025-03-19 15:59:00,Boots,1,849.13,934.043,84.913
2018,DANBURY,Connecticut,5052,2025-03-19 23:28:00,Boots,1,675.93,743.523,67.593
4117,LITTLE ROCK,Arkansas,4580,2025-03-21 23:22:00,Boots,1,537.13,590.843,53.713
805,CHARLOTTE,North Carolina,4738,2025-03-18 20:25:00,Boots,1,517.53,569.283,51.753
2119,WASHINGTON,District of Columbia,5,2025-03-20 09:04:00,Boots,1,656.73,722.403,65.673
1447,PHOENIX,Arizona,685,2025-03-19 14:26:00,Boots,1,603.13,663.443,60.313
5311,EL PASO,Texas,605,2025-03-23 02:02:00,Boots,1,723.13,795.443,72.313
1632,CHARLOTTE,North Carolina,5708,2025-03-19 16:45:00,Flip-Flops,1,567.13,623.843,56.713
2136,AUSTIN,Texas,1637,2025-03-20 09:23:00,Running Shoes,1,497.13,546.843,49.713
1905,FULLERTON,California,3088,2025-03-19 20:36:00,Running Shoes,1,531.93,585.123,53.193
2684,EL PASO,Texas,124,2025-03-20 16:33:00,Running Shoes,1,575.13,632.643,57.513
519,MIAMI,Florida,2159,2025-03-18 14:57:00,Running Shoes,1,555.93,611.523,55.593
1517,NEW ORLEANS,Louisiana,1944,2025-03-19 15:26:00,Running Shoes,1,618.33,680.163,61.833
4299,HOUSTON,Texas,6087,2025-03-22 09:28:00,Running Shoes,1,537.13,590.843,53.713
5654,TYLER,Texas,3099,2025-03-23 13:46:00,Running Shoes,1,565.13,621.643,56.513
1472,WICHITA FALLS,Texas,4196,2025-03-19 14:53:00,Running Shoes,1,733.13,806.443,73.313
976,NEW YORK CITY,New York,115,2025-03-19 05:36:00,Running Shoes,1,595.13,654.643,59.513
1846,CAPE CORAL,Florida,3125,2025-03-19 19:31:00,Running Shoes,1,501.53,551.683,50.153
4470,SAINT PAUL,Minnesota,4574,2025-03-22 11:13:00,Running Shoes,1,509.53,560.483,50.953
6030,FORT LAUDERDALE,Florida,3737,2025-03-23 20:21:00,Running Shoes,1,879.13,967.043,87.913
3112,SANTA ANA,California,6198,2025-03-20 22:25:00,Running Shoes,1,537.13,590.843,53.713
4060,SANTA CLARA,California,2989,2025-03-21 22:11:00,Running Shoes,1,674.33,741.763,67.433
2506,PATERSON,New Jersey,4188,2025-03-20 14:26:00,Running Shoes,1,586.13,644.743,58.613
950,SAINT LOUIS,Missouri,55,2025-03-19 00:05:00,Running Shoes,1,509.53,560.483,50.953
2114,WASHINGTON,District of Columbia,783,2025-03-20 09:00:00,Running Shoes,1,509.53,560.483,50.953
942,SACRAMENTO,California,3237,2025-03-18 23:52:00,Running Shoes,1,587.93,646.723,58.793
5238,CINCINNATI,Ohio,4769,2025-03-22 22:38:00,Running Shoes,1,579.93,637.923,57.993
20,SPOKANE,Washington,3812,2025-03-18 01:10:00,Running Shoes,1,517.13,568.843,51.713
2859,RALEIGH,North Carolina,3392,2025-03-20 18:45:00,Running Shoes,1,501.53,551.683,50.153
2150,SYRACUSE,New York,1586,2025-03-20 09:36:00,Running Shoes,1,643.13,707.443,64.313
7424,RICHMOND,Virginia,1486,2025-03-24 23:48:00,Running Shoes,1,658.33,724.163,65.833
2791,WINSTON SALEM,North Carolina,2211,2025-03-20 17:56:00,Running Shoes,1,563.93,620.323,56.393
3523,PINELLAS PARK,Florida,2731,2025-03-21 13:19:00,Running Shoes,1,505.43,555.973,50.543
6031,BIRMINGHAM,Alabama,1191,2025-03-23 20:23:00,Running Shoes,1,579.93,637.923,57.993
6302,WALTHAM,Massachusetts,2136,2025-03-24 07:50:00,Running Shoes,1,509.53,560.483,50.953
7217,DETROIT,Michigan,1995,2025-03-24 19:26:00,Running Shoes,1,517.13,568.843,51.713
5017,RICHMOND,Virginia,1433,2025-03-22 18:54:00,Running Shoes,1,517.13,568.843,51.713
6837,DURHAM,North Carolina,3543,2025-03-24 13:56:00,Running Shoes,1,527.13,579.843,52.713
5605,HARRISBURG,Pennsylvania,3135,2025-03-23 13:05:00,Running Shoes,1,642.33,706.563,64.233
5025,NEWARK,Delaware,1860,2025-03-22 19:02:00,Running Shoes,1,537.13,590.843,53.713
2142,HARTFORD,Connecticut,4457,2025-03-20 09:32:00,Running Shoes,1,517.53,569.283,51.753
3047,BRADENTON,Florida,508,2025-03-20 21:21:00,Running Shoes,1,713.13,784.443,71.313
6497,MIAMI BEACH,Florida,2703,2025-03-24 10:12:00,Running Shoes,1,595.93,655.523,59.593
1485,CHICO,California,447,2025-03-19 15:03:00,Running Shoes,1,517.13,568.843,51.713
843,MEMPHIS,Tennessee,13,2025-03-18 21:08:00,Running Shoes,1,595.93,655.523,59.593
2581,DENVER,Colorado,2607,2025-03-20 15:13:00,Running Shoes,1,517.53,569.283,51.753
5388,GREAT NECK,New York,372,2025-03-23 09:24:00,Running Shoes,1,602.33,662.563,60.233
2533,WICHITA,Kansas,2652,2025-03-20 14:46:00,Running Shoes,1,497.13,546.843,49.713
3480,RICHMOND,Virginia,5669,2025-03-21 12:34:00,Running Shoes,1,586.33,644.963,58.633
1583,BURBANK,California,1234,2025-03-19 16:18:00,Running Shoes,1,497.13,546.843,49.713
4267,DENVER,Colorado,2454,2025-03-22 09:00:00,Running Shoes,1,801.13,881.243,80.113
4455,BROOKLYN,New York,3438,2025-03-22 11:03:00,Running Shoes,1,566.13,622.743,56.613
5610,WICHITA FALLS,Texas,2196,2025-03-23 13:08:00,Running Shoes,1,763.13,839.443,76.313
3200,ERIE,Pennsylvania,3769,2025-03-21 02:19:00,Running Shoes,1,595.13,654.643,59.513
3508,CANTON,Ohio,6265,2025-03-21 13:00:00,Running Shoes,1,537.13,590.843,53.713
704,HOUSTON,Texas,2425,2025-03-18 17:53:00,Running Shoes,1,634.33,697.763,63.433
4327,FORT LAUDERDALE,Florida,6159,2025-03-22 09:44:00,Flip-Flops,1,547.13,601.843,54.713
5144,OKLAHOMA CITY,Oklahoma,2399,2025-03-22 20:40:00,Flip-Flops,1,615.13,676.643,61.513
3999,SALEM,Oregon,5380,2025-03-21 20:45:00,Flip-Flops,1,623.13,685.443,62.313
6447,TYLER,Texas,2381,2025-03-24 09:46:00,Flip-Flops,1,537.13,590.843,53.713
596,PHOENIX,Arizona,2285,2025-03-18 16:11:00,Flip-Flops,1,605.13,665.643,60.513
4185,WASHINGTON,District of Columbia,4797,2025-03-22 07:37:00,Flip-Flops,1,547.13,601.843,54.713
5968,AKRON,Ohio,1034,2025-03-23 19:10:00,Flip-Flops,1,525.53,578.083,52.553
7348,ALBANY,New York,2742,2025-03-24 21:54:00,Flip-Flops,1,507.13,557.843,50.713
5582,NEW YORK CITY,New York,1036,2025-03-23 12:41:00,Flip-Flops,1,517.13,568.843,51.713
3626,STOCKTON,California,3259,2025-03-21 14:46:00,Flip-Flops,1,575.13,632.643,57.513
2252,GREELEY,Colorado,2929,2025-03-20 11:04:00,Flip-Flops,1,509.53,560.483,50.953
1161,ATLANTA,Georgia,2968,2025-03-19 11:02:00,Jackets,1,737.13,810.843,73.713
766,ROCHESTER,New York,838,2025-03-18 19:37:00,Jackets,1,557.53,613.283,55.753
6338,MADISON,Wisconsin,643,2025-03-24 08:29:00,Jackets,1,587.13,645.843,58.713
3776,PROVO,Utah,1349,2025-03-21 16:59:00,Running Shoes,1,540.73,594.803,54.073
1375,STAMFORD,Connecticut,3225,2025-03-19 13:33:00,Running Shoes,1,459.13,505.043,45.913
6971,INDIANAPOLIS,Indiana,5051,2025-03-24 15:41:00,Running Shoes,1,517.13,568.843,51.713
2035,NEWARK,New Jersey,6326,2025-03-20 00:01:00,Running Shoes,1,464.13,510.543,46.413
51,WATERBURY,Connecticut,2882,2025-03-18 07:38:00,Running Shoes,1,615.13,676.643,61.513
4522,MIAMI,Florida,2018,2025-03-22 11:45:00,Running Shoes,1,548.73,603.603,54.873
2739,BATON ROUGE,Louisiana,2635,2025-03-20 17:22:00,Running Shoes,1,517.13,568.843,51.713
4357,PHOENIX,Arizona,3988,2025-03-22 10:03:00,Sandals,1,579.93,637.923,57.993
2404,SAINT PAUL,Minnesota,2249,2025-03-20 12:59:00,Sandals,1,693.13,762.443,69.313
5451,MERRIFIELD,Virginia,248,2025-03-23 10:17:00,Sandals,1,493.53,542.883,49.353
1493,INDIANAPOLIS,Indiana,6485,2025-03-19 15:06:00,Sandals,1,469.53,516.483,46.953
4545,SOUTH BEND,Indiana,1472,2025-03-22 12:02:00,Running Shoes,1,531.93,585.123,53.193
6956,CHEYENNE,Wyoming,1661,2025-03-24 15:30:00,Running Shoes,1,537.13,590.843,53.713
1901,KANSAS CITY,Missouri,570,2025-03-19 20:31:00,Running Shoes,1,653.13,718.443,65.313
3950,FORT PIERCE,Florida,3746,2025-03-21 19:58:00,Running Shoes,1,587.93,646.723,58.793
2623,COLORADO SPRINGS,Colorado,3780,2025-03-20 15:43:00,Running Shoes,1,537.13,590.843,53.713
3124,SHREVEPORT,Louisiana,67,2025-03-20 22:42:00,Running Shoes,1,595.13,654.643,59.513
5966,AMARILLO,Texas,3987,2025-03-23 19:07:00,Walking Shoes,1,517.53,569.283,51.753
2023,OMAHA,Nebraska,2762,2025-03-19 23:36:00,Walking Shoes,1,613.13,674.443,61.313
6573,PASADENA,California,1145,2025-03-24 11:02:00,Walking Shoes,1,571.93,629.123,57.193
6293,MINNEAPOLIS,Minnesota,2584,2025-03-24 07:33:00,Walking Shoes,1,666.33,732.963,66.633
6691,DULUTH,Georgia,2999,2025-03-24 12:12:00,Walking Shoes,1,497.13,546.843,49.713
5705,ORANGE,California,5843,2025-03-23 14:39:00,Walking Shoes,1,635.13,698.643,63.513
397,KANSAS CITY,Kansas,2310,2025-03-18 13:21:00,Walking Shoes,1,579.93,637.923,57.993
5549,SPOKANE,Washington,6480,2025-03-23 12:17:00,Walking Shoes,1,761.13,837.243,76.113
6340,SOUTHFIELD,Michigan,816,2025-03-24 08:30:00,Walking Shoes,1,861.13,947.243,86.113
7099,BRIDGEPORT,Connecticut,5518,2025-03-24 17:34:00,Walking Shoes,1,595.93,655.523,59.593
4828,LOS ANGELES,California,2827,2025-03-22 15:56:00,Walking Shoes,1,625.13,687.643,62.513
4547,ALBUQUERQUE,New Mexico,1758,2025-03-22 12:02:00,Walking Shoes,1,537.13,590.843,53.713
6229,ALBANY,New York,4034,2025-03-24 00:09:00,Walking Shoes,1,595.13,654.643,59.513
6592,JEFFERSON CITY,Missouri,2163,2025-03-24 11:14:00,Walking Shoes,1,733.13,806.443,73.313
1602,MESQUITE,Texas,817,2025-03-19 16:30:00,Walking Shoes,1,635.13,698.643,63.513
3973,BIRMINGHAM,Alabama,4190,2025-03-21 20:19:00,Walking Shoes,1,527.13,579.843,52.713
1027,DALLAS,Texas,4324,2025-03-19 09:00:00,Walking Shoes,1,688.73,757.603,68.873
4002,HOUSTON,Texas,2107,2025-03-21 20:49:00,Walking Shoes,1,497.13,546.843,49.713
6554,LAS VEGAS,Nevada,5355,2025-03-24 10:45:00,Walking Shoes,1,531.93,585.123,53.193
2185,PANAMA CITY,Florida,682,2025-03-20 10:01:00,Walking Shoes,1,537.13,590.843,53.713
839,SANTA CRUZ,California,3340,2025-03-18 21:05:00,Walking Shoes,1,485.53,534.083,48.553
7108,BILLINGS,Montana,3604,2025-03-24 17:47:00,Walking Shoes,1,527.13,579.843,52.713
3189,KANSAS CITY,Missouri,4198,2025-03-21 01:00:00,Walking Shoes,1,497.13,546.843,49.713
7089,ATLANTA,Georgia,6322,2025-03-24 17:20:00,Walking Shoes,1,537.13,590.843,53.713
2276,OKLAHOMA CITY,Oklahoma,1035,2025-03-20 11:24:00,Walking Shoes,1,605.13,665.643,60.513
3650,NEW YORK CITY,New York,3435,2025-03-21 15:11:00,Walking Shoes,1,635.13,698.643,63.513
2275,SPRINGFIELD,Ohio,5885,2025-03-20 11:24:00,Walking Shoes,1,635.13,698.643,63.513
6651,PALM BAY,Florida,1935,2025-03-24 11:47:00,Walking Shoes,1,517.53,569.283,51.753
6660,AMARILLO,Texas,1821,2025-03-24 11:53:00,Walking Shoes,1,537.13,590.843,53.713
1125,BOCA RATON,Florida,2108,2025-03-19 10:32:00,Walking Shoes,1,497.13,546.843,49.713
2779,WATERBURY,Connecticut,2612,2025-03-20 17:46:00,Walking Shoes,1,595.93,655.523,59.593
2799,CHICAGO,Illinois,6263,2025-03-20 18:02:00,Walking Shoes,1,517.53,569.283,51.753
6578,SEATTLE,Washington,1819,2025-03-24 11:07:00,Walking Shoes,1,723.13,795.443,72.313
2874,SANTA ROSA,California,2296,2025-03-20 18:56:00,Walking Shoes,1,517.13,568.843,51.713
4844,CINCINNATI,Ohio,563,2025-03-22 16:11:00,Walking Shoes,1,537.13,590.843,53.713
3163,BALTIMORE,Maryland,4135,2025-03-20 23:43:00,Walking Shoes,1,555.13,610.643,55.513
4347,WEST PALM BEACH,Florida,6341,2025-03-22 09:55:00,Walking Shoes,1,555.13,610.643,55.513
2416,PEORIA,Arizona,1259,2025-03-20 13:09:00,Walking Shoes,1,497.13,546.843,49.713
5319,SAINT PAUL,Minnesota,1259,2025-03-23 04:37:00,Walking Shoes,1,485.53,534.083,48.553
1370,TAMPA,Florida,2143,2025-03-19 13:30:00,Walking Shoes,1,537.13,590.843,53.713
3988,LEXINGTON,Kentucky,179,2025-03-21 20:37:00,Walking Shoes,1,497.13,546.843,49.713
5657,JAMAICA,New York,5982,2025-03-23 13:47:00,Walking Shoes,1,497.13,546.843,49.713
7097,DES MOINES,Iowa,6383,2025-03-24 17:31:00,Walking Shoes,1,497.13,546.843,49.713
772,MINNEAPOLIS,Minnesota,4533,2025-03-18 19:41:00,Walking Shoes,1,497.13,546.843,49.713
1585,NEW ORLEANS,Louisiana,6300,2025-03-19 16:19:00,Walking Shoes,1,613.13,674.443,61.313
2892,FRESNO,California,4543,2025-03-20 19:08:00,Walking Shoes,1,497.13,546.843,49.713
2199,AKRON,Ohio,460,2025-03-20 10:15:00,Running Shoes,1,595.93,655.523,59.593
3970,BATON ROUGE,Louisiana,3487,2025-03-21 20:17:00,Running Shoes,1,497.13,546.843,49.713
1944,LOS ANGELES,California,3221,2025-03-19 21:32:00,Running Shoes,1,537.13,590.843,53.713
417,JACKSON,Mississippi,4368,2025-03-18 13:30:00,Running Shoes,1,666.33,732.963,66.633
7143,FORT PIERCE,Florida,2539,2025-03-24 18:14:00,Running Shoes,1,497.13,546.843,49.713
5608,OKLAHOMA CITY,Oklahoma,6386,2025-03-23 13:07:00,Running Shoes,1,733.13,806.443,73.313
311,WASHINGTON,District of Columbia,6414,2025-03-18 12:13:00,Running Shoes,1,527.13,579.843,52.713
1635,PANAMA CITY,Florida,1478,2025-03-19 16:47:00,Running Shoes,1,527.13,579.843,52.713
3700,LINCOLN,Nebraska,505,2025-03-21 15:57:00,Running Shoes,1,781.13,859.243,78.113
6081,NORTH HOLLYWOOD,California,1078,2025-03-23 21:05:00,Running Shoes,1,563.93,620.323,56.393
6271,AMARILLO,Texas,788,2025-03-24 06:34:00,Running Shoes,1,517.13,568.843,51.713
6443,PORT WASHINGTON,New York,4290,2025-03-24 09:42:00,Running Shoes,1,674.33,741.763,67.433
4194,COLORADO SPRINGS,Colorado,1221,2025-03-22 07:59:00,Running Shoes,1,517.53,569.283,51.753
4688,SIMI VALLEY,California,440,2025-03-22 13:49:00,Running Shoes,1,595.93,655.523,59.593
1080,COLUMBIA,Missouri,4628,2025-03-19 09:59:00,Running Shoes,1,497.13,546.843,49.713
3430,CLEVELAND,Ohio,6029,2025-03-21 11:50:00,Running Shoes,1,497.13,546.843,49.713
120,WILMINGTON,Delaware,3903,2025-03-18 09:38:00,Running Shoes,1,517.53,569.283,51.753
6477,BAKERSFIELD,California,5585,2025-03-24 10:04:00,Running Shoes,1,527.13,579.843,52.713
846,EL PASO,Texas,1212,2025-03-18 21:10:00,Running Shoes,1,537.13,590.843,53.713
853,LARGO,Florida,2904,2025-03-18 21:20:00,Running Shoes,1,537.13,590.843,53.713
6407,SANTA FE,New Mexico,6005,2025-03-24 09:17:00,Running Shoes,1,674.33,741.763,67.433
6628,DURHAM,North Carolina,5146,2025-03-24 11:35:00,Running Shoes,1,537.13,590.843,53.713
7391,MINNEAPOLIS,Minnesota,3234,2025-03-24 22:51:00,Running Shoes,1,537.13,590.843,53.713
3298,EL PASO,Texas,1696,2025-03-21 09:55:00,Running Shoes,1,527.13,579.843,52.713
7014,SAN DIEGO,California,2577,2025-03-24 16:19:00,Running Shoes,1,781.13,859.243,78.113
7271,DALLAS,Texas,2586,2025-03-24 20:16:00,Running Shoes,1,497.13,546.843,49.713
5361,RALEIGH,North Carolina,38,2025-03-23 08:34:00,Running Shoes,1,507.13,557.843,50.713
1568,VIRGINIA BEACH,Virginia,308,2025-03-19 16:08:00,Running Shoes,1,703.13,773.443,70.313
4822,WICHITA FALLS,Texas,3946,2025-03-22 15:51:00,Running Shoes,1,507.13,557.843,50.713
3385,MIAMI,Florida,3678,2025-03-21 11:10:00,Running Shoes,1,497.13,546.843,49.713
6588,CLEVELAND,Ohio,2564,2025-03-24 11:13:00,Running Shoes,1,595.93,655.523,59.593
6513,NEW YORK CITY,New York,3012,2025-03-24 10:20:00,Running Shoes,1,693.13,762.443,69.313
5036,MISSOULA,Montana,1198,2025-03-22 19:10:00,Running Shoes,1,537.13,590.843,53.713
6603,SAN LUIS OBISPO,California,4397,2025-03-24 11:19:00,Running Shoes,1,704.73,775.203,70.473
1444,SAGINAW,Michigan,754,2025-03-19 14:24:00,Running Shoes,1,497.13,546.843,49.713
1579,MANCHESTER,New Hampshire,1010,2025-03-19 16:13:00,Running Shoes,1,497.13,546.843,49.713
1952,SCHENECTADY,New York,2873,2025-03-19 21:42:00,Running Shoes,1,497.13,546.843,49.713
5570,BRIDGEPORT,Connecticut,745,2025-03-23 12:32:00,Running Shoes,1,527.13,579.843,52.713
6235,WICHITA FALLS,Texas,5177,2025-03-24 00:35:00,Running Shoes,1,571.13,628.243,57.113
2681,OKLAHOMA CITY,Oklahoma,4820,2025-03-20 16:31:00,Running Shoes,1,517.13,568.843,51.713
4499,OAKLAND,California,864,2025-03-22 11:30:00,Running Shoes,1,507.13,557.843,50.713
3438,HUNTSVILLE,Texas,6454,2025-03-21 11:58:00,Running Shoes,1,555.93,611.523,55.593
7277,AUSTIN,Texas,3378,2025-03-24 20:21:00,Running Shoes,1,485.53,534.083,48.553
7370,EVANSTON,Illinois,5639,2025-03-24 22:18:00,Running Shoes,1,517.53,569.283,51.753
5201,MIAMI,Florida,3146,2025-03-22 21:44:00,Running Shoes,1,497.13,546.843,49.713
3351,NAPLES,Florida,3036,2025-03-21 10:42:00,Running Shoes,1,509.53,560.483,50.953
1165,PHILADELPHIA,Pennsylvania,4892,2025-03-19 11:05:00,Running Shoes,1,1129.13,1242.043,112.913
2569,PHOENIX,Arizona,3966,2025-03-20 15:09:00,Running Shoes,1,497.13,546.843,49.713
2004,NEW BRUNSWICK,New Jersey,6034,2025-03-19 22:51:00,Running Shoes,1,497.13,546.843,49.713
568,DALLAS,Texas,5736,2025-03-18 15:44:00,Running Shoes,1,683.13,751.443,68.313
2417,AKRON,Ohio,5673,2025-03-20 13:10:00,Running Shoes,1,625.13,687.643,62.513
2502,SAN ANTONIO,Texas,3411,2025-03-20 14:20:00,Running Shoes,1,531.93,585.123,53.193
4270,ORANGE,California,3954,2025-03-22 09:01:00,Running Shoes,1,517.13,568.843,51.713
1263,BALTIMORE,Maryland,4490,2025-03-19 12:13:00,Running Shoes,1,527.13,579.843,52.713
143,NEW HYDE PARK,New York,5311,2025-03-18 10:07:00,Running Shoes,1,509.53,560.483,50.953
7086,SIMI VALLEY,California,726,2025-03-24 17:15:00,Running Shoes,1,615.13,676.643,61.513
1083,HOUSTON,Texas,5302,2025-03-19 10:01:00,Running Shoes,1,537.13,590.843,53.713
1037,SYRACUSE,New York,5650,2025-03-19 09:14:00,Running Shoes,1,497.13,546.843,49.713
2567,NASHVILLE,Tennessee,5824,2025-03-20 15:06:00,Running Shoes,1,733.13,806.443,73.313
6870,EL PASO,Texas,1980,2025-03-24 14:16:00,Running Shoes,1,537.13,590.843,53.713
2042,NORFOLK,Virginia,1837,2025-03-20 00:28:00,Running Shoes,1,505.13,555.643,50.513
293,GREENVILLE,South Carolina,330,2025-03-18 11:54:00,Running Shoes,1,595.13,654.643,59.513
5943,NEW YORK CITY,New York,353,2025-03-23 18:38:00,Running Shoes,1,517.53,569.283,51.753
586,SALT LAKE CITY,Utah,3115,2025-03-18 16:04:00,Running Shoes,1,458.13,503.943,45.813
3460,OMAHA,Nebraska,3488,2025-03-21 12:19:00,Running Shoes,1,501.53,551.683,50.153
5242,SYRACUSE,New York,5870,2025-03-22 22:42:00,Running Shoes,1,655.13,720.643,65.513
4445,PUEBLO,Colorado,4194,2025-03-22 10:56:00,Running Shoes,1,497.13,546.843,49.713
4758,GREENSBORO,North Carolina,1366,2025-03-22 14:55:00,Running Shoes,1,485.53,534.083,48.553
1561,SAN JOSE,California,2855,2025-03-19 16:03:00,Running Shoes,1,587.93,646.723,58.793
1294,WILMINGTON,Delaware,2723,2025-03-19 12:30:00,Running Shoes,1,497.13,546.843,49.713
1816,EL PASO,Texas,5781,2025-03-19 19:06:00,Running Shoes,1,485.53,534.083,48.553
3788,SALINAS,California,154,2025-03-21 17:11:00,Running Shoes,1,507.13,557.843,50.713
5525,PENSACOLA,Florida,2571,2025-03-23 11:56:00,Running Shoes,1,531.93,585.123,53.193
6999,KISSIMMEE,Florida,1007,2025-03-24 16:08:00,Running Shoes,1,497.13,546.843,49.713
2267,SACRAMENTO,California,1491,2025-03-20 11:16:00,Running Shoes,1,555.13,610.643,55.513
2038,OAKLAND,California,3786,2025-03-20 00:08:00,Running Shoes,1,485.53,534.083,48.553
7292,SAN DIEGO,California,6217,2025-03-24 20:34:00,Running Shoes,1,555.13,610.643,55.513
5908,WASHINGTON,District of Columbia,3607,2025-03-23 17:53:00,Running Shoes,1,497.13,546.843,49.713
6618,BOSTON,Massachusetts,1880,2025-03-24 11:30:00,Running Shoes,1,485.53,534.083,48.553
6403,BEAUMONT,Texas,1046,2025-03-24 09:16:00,Running Shoes,1,507.13,557.843,50.713
947,DELRAY BEACH,Florida,2902,2025-03-19 00:02:00,Running Shoes,1,744.73,819.203,74.473
1769,DAYTON,Ohio,2400,2025-03-19 18:36:00,Running Shoes,1,497.13,546.843,49.713
1243,FORT WORTH,Texas,2909,2025-03-19 11:56:00,Running Shoes,1,527.13,579.843,52.713
4872,FAIRFAX,Virginia,3777,2025-03-22 16:39:00,Running Shoes,1,527.13,579.843,52.713
5481,INDIANAPOLIS,Indiana,4194,2025-03-23 11:08:00,Running Shoes,1,509.53,560.483,50.953
2125,MIAMI,Florida,6191,2025-03-20 09:12:00,Running Shoes,1,517.53,569.283,51.753
2426,SAINT PETERSBURG,Florida,1136,2025-03-20 13:16:00,Running Shoes,1,517.13,568.843,51.713
5887,FORT COLLINS,Colorado,5733,2025-03-23 17:36:00,Running Shoes,1,497.13,546.843,49.713
3289,BOYNTON BEACH,Florida,4391,2025-03-21 09:46:00,Running Shoes,1,497.63,547.393,49.763
6816,ALEXANDRIA,Virginia,3926,2025-03-24 13:43:00,Running Shoes,1,565.13,621.643,56.513
6812,BUFFALO,New York,6057,2025-03-24 13:42:00,Running Shoes,1,493.53,542.883,49.353
6997,BETHLEHEM,Pennsylvania,764,2025-03-24 16:04:00,Running Shoes,1,539.93,593.923,53.993
1306,KENT,Washington,382,2025-03-19 12:39:00,Running Shoes,1,497.13,546.843,49.713
6413,EL PASO,Texas,6012,2025-03-24 09:22:00,Running Shoes,1,595.13,654.643,59.513
7208,WASHINGTON,District of Columbia,3918,2025-03-24 19:21:00,Running Shoes,1,613.13,674.443,61.313
473,CHARLOTTE,North Carolina,2743,2025-03-18 14:17:00,Running Shoes,1,537.13,590.843,53.713
4240,PITTSBURGH,Pennsylvania,1197,2025-03-22 08:40:00,Running Shoes,1,713.13,784.443,71.313
11,GLENDALE,California,5904,2025-03-18 00:38:00,Running Shoes,1,497.13,546.843,49.713
192,OKLAHOMA CITY,Oklahoma,5364,2025-03-18 10:40:00,Running Shoes,1,497.13,546.843,49.713
2256,CHARLOTTE,North Carolina,1047,2025-03-20 11:07:00,Running Shoes,1,497.13,546.843,49.713
4386,ANN ARBOR,Michigan,3703,2025-03-22 10:17:00,Running Shoes,1,497.13,546.843,49.713
3830,CARSON CITY,Nevada,5360,2025-03-21 18:04:00,Running Shoes,1,625.13,687.643,62.513
927,ABILENE,Texas,5545,2025-03-18 23:23:00,Running Shoes,1,517.53,569.283,51.753
3680,SEATTLE,Washington,3096,2025-03-21 15:40:00,Running Shoes,1,485.53,534.083,48.553
5094,ELMIRA,New York,6374,2025-03-22 19:57:00,Running Shoes,1,493.53,542.883,49.353
6013,YOUNGSTOWN,Ohio,4198,2025-03-23 20:01:00,Running Shoes,1,493.53,542.883,49.353
6885,LAS VEGAS,Nevada,4920,2025-03-24 14:24:00,Running Shoes,1,493.53,542.883,49.353
396,NEW YORK CITY,New York,6475,2025-03-18 13:21:00,Running Shoes,1,509.53,560.483,50.953
6818,ORLANDO,Florida,6428,2025-03-24 13:44:00,Running Shoes,1,509.53,560.483,50.953
980,SAINT PAUL,Minnesota,3373,2025-03-19 06:42:00,Running Shoes,1,517.53,569.283,51.753
1779,PHOENIX,Arizona,3774,2025-03-19 18:42:00,Running Shoes,1,595.93,655.523,59.593
6383,HOUSTON,Texas,6383,2025-03-24 09:05:00,Running Shoes,1,501.53,551.683,50.153
2383,HARRISBURG,Pennsylvania,3186,2025-03-20 12:41:00,Running Shoes,1,595.13,654.643,59.513
6038,TUCSON,Arizona,3800,2025-03-23 20:27:00,Running Shoes,1,595.93,655.523,59.593
2132,WASHINGTON,District of Columbia,4221,2025-03-20 09:20:00,Running Shoes,1,537.13,590.843,53.713
4170,WASHINGTON,District of Columbia,6043,2025-03-22 05:34:00,Running Shoes,1,497.13,546.843,49.713
7067,BOSTON,Massachusetts,2718,2025-03-24 16:53:00,Running Shoes,1,635.13,698.643,63.513
3225,AUSTIN,Texas,4089,2025-03-21 07:40:00,Running Shoes,1,497.13,546.843,49.713
7088,GRAND RAPIDS,Michigan,834,2025-03-24 17:18:00,Running Shoes,1,517.53,569.283,51.753
7048,LANCASTER,Pennsylvania,6329,2025-03-24 16:41:00,Running Shoes,1,595.93,655.523,59.593
4502,BROOKLYN,New York,976,2025-03-22 11:33:00,Running Shoes,1,485.53,534.083,48.553
23,NEW ORLEANS,Louisiana,4534,2025-03-18 01:22:00,Running Shoes,1,517.53,569.283,51.753
3044,HAMPTON,Virginia,2524,2025-03-20 21:19:00,Running Shoes,1,527.13,579.843,52.713
6234,MIDLAND,Texas,5588,2025-03-24 00:19:00,Running Shoes,1,527.13,579.843,52.713
652,SAN JOSE,California,2784,2025-03-18 16:59:00,Running Shoes,1,587.93,646.723,58.793
4777,TOLEDO,Ohio,2921,2025-03-22 15:11:00,Running Shoes,1,509.53,560.483,50.953
6667,LAS VEGAS,Nevada,2414,2025-03-24 11:56:00,Running Shoes,1,509.53,560.483,50.953
1652,HARRISBURG,Pennsylvania,2412,2025-03-19 16:57:00,Running Shoes,1,509.53,560.483,50.953
4125,WACO,Texas,1343,2025-03-21 23:32:00,Running Shoes,1,650.33,715.363,65.033
6528,YAKIMA,Washington,2289,2025-03-24 10:32:00,Running Shoes,1,509.53,560.483,50.953
749,BEAVERTON,Oregon,6163,2025-03-18 19:11:00,Running Shoes,1,507.13,557.843,50.713
5254,MIAMI BEACH,Florida,2050,2025-03-22 22:59:00,Running Shoes,1,683.13,751.443,68.313
5639,BOISE,Idaho,4222,2025-03-23 13:32:00,Running Shoes,1,578.33,636.163,57.833
56,NAPLES,Florida,1087,2025-03-18 07:54:00,Running Shoes,1,537.13,590.843,53.713
4703,RENO,Nevada,1759,2025-03-22 14:07:00,Running Shoes,1,723.13,795.443,72.313
5642,BIRMINGHAM,Alabama,958,2025-03-23 13:35:00,Running Shoes,1,595.93,655.523,59.593
5537,EL PASO,Texas,4313,2025-03-23 12:09:00,Running Shoes,1,517.53,569.283,51.753
34,PASADENA,California,3354,2025-03-18 03:28:00,Running Shoes,1,485.53,534.083,48.553
5300,VERO BEACH,Florida,4459,2025-03-23 00:45:00,Running Shoes,1,485.53,534.083,48.553
1163,SAINT PAUL,Minnesota,3189,2025-03-19 11:03:00,Running Shoes,1,497.13,546.843,49.713
2348,ALBANY,New York,5266,2025-03-20 12:13:00,Running Shoes,1,537.13,590.843,53.713
3968,PEORIA,Illinois,1705,2025-03-21 20:14:00,Running Shoes,1,537.13,590.843,53.713
5095,SACRAMENTO,California,3308,2025-03-22 20:00:00,Running Shoes,1,517.53,569.283,51.753
4290,SACRAMENTO,California,4571,2025-03-22 09:22:00,Running Shoes,1,579.93,637.923,57.993
6538,BROOKLYN,New York,4381,2025-03-24 10:38:00,Running Shoes,1,821.13,903.243,82.113
2461,MIAMI,Florida,172,2025-03-20 13:48:00,Running Shoes,1,509.53,560.483,50.953
1629,SYRACUSE,New York,2841,2025-03-19 16:44:00,Running Shoes,1,712.73,784.003,71.273
4330,BERKELEY,California,6361,2025-03-22 09:45:00,Running Shoes,1,579.93,637.923,57.993
4293,REDWOOD CITY,California,120,2025-03-22 09:24:00,Running Shoes,1,527.13,579.843,52.713
2270,ALLENTOWN,Pennsylvania,4503,2025-03-20 11:18:00,Running Shoes,1,509.53,560.483,50.953
6305,JACKSONVILLE,Florida,4700,2025-03-24 07:55:00,Running Shoes,1,595.93,655.523,59.593
878,SPRING HILL,Florida,6391,2025-03-18 21:52:00,Running Shoes,1,618.33,680.163,61.833
2593,PITTSBURGH,Pennsylvania,5787,2025-03-20 15:23:00,Running Shoes,1,517.13,568.843,51.713
3234,WASHINGTON,District of Columbia,1375,2025-03-21 08:00:00,Running Shoes,1,537.13,590.843,53.713
4759,LONG BEACH,California,5203,2025-03-22 14:55:00,Running Shoes,1,585.13,643.643,58.513
959,STOCKTON,California,3865,2025-03-19 00:52:00,Running Shoes,1,537.13,590.843,53.713
1383,PHILADELPHIA,Pennsylvania,2271,2025-03-19 13:37:00,Running Shoes,1,509.53,560.483,50.953
2918,BIRMINGHAM,Alabama,3748,2025-03-20 19:27:00,Running Shoes,1,509.53,560.483,50.953
1283,COLUMBIA,South Carolina,1371,2025-03-19 12:24:00,Running Shoes,1,537.13,590.843,53.713
2016,ROCHESTER,New York,33,2025-03-19 23:22:00,Running Shoes,1,635.13,698.643,63.513
6010,SACRAMENTO,California,4670,2025-03-23 19:58:00,Running Shoes,1,585.13,643.643,58.513
3702,HARRISBURG,Pennsylvania,1088,2025-03-21 15:59:00,Running Shoes,1,595.13,654.643,59.513
6097,SAN DIEGO,California,1271,2025-03-23 21:16:00,Running Shoes,1,595.13,654.643,59.513
2451,MOBILE,Alabama,3286,2025-03-20 13:39:00,Running Shoes,1,653.13,718.443,65.313
1496,SARASOTA,Florida,1066,2025-03-19 15:06:00,Running Shoes,1,635.13,698.643,63.513
1322,STERLING,Virginia,5785,2025-03-19 12:53:00,Running Shoes,1,485.53,534.083,48.553
2915,NORWALK,Connecticut,3420,2025-03-20 19:26:00,Running Shoes,1,485.53,534.083,48.553
4479,DURHAM,North Carolina,5717,2025-03-22 11:18:00,Running Shoes,1,509.53,560.483,50.953
3418,NEW BRUNSWICK,New Jersey,6234,2025-03-21 11:35:00,Running Shoes,1,512.63,563.893,51.263
3916,LORETTO,Minnesota,2848,2025-03-21 19:25:00,Running Shoes,1,733.13,806.443,73.313
6880,WASHINGTON,District of Columbia,1762,2025-03-24 14:21:00,Running Shoes,1,635.13,698.643,63.513
3669,ROCHESTER,Minnesota,3100,2025-03-21 15:29:00,Running Shoes,1,507.13,557.843,50.713
6666,DULUTH,Georgia,5340,2025-03-24 11:56:00,Running Shoes,1,693.13,762.443,69.313
3758,NEWARK,New Jersey,563,2025-03-21 16:46:00,Running Shoes,1,517.53,569.283,51.753
1750,NEW YORK CITY,New York,1842,2025-03-19 18:24:00,Running Shoes,1,563.93,620.323,56.393
1052,KILLEEN,Texas,4080,2025-03-19 09:26:00,Running Shoes,1,595.13,654.643,59.513
2224,SAN JOSE,California,3921,2025-03-20 10:38:00,Running Shoes,1,517.53,569.283,51.753
785,COLUMBUS,Ohio,1737,2025-03-18 20:01:00,Running Shoes,1,527.13,579.843,52.713
6694,WINSTON SALEM,North Carolina,1345,2025-03-24 12:15:00,Running Shoes,1,625.13,687.643,62.513
606,NEW YORK CITY,New York,2927,2025-03-18 16:18:00,Running Shoes,1,537.13,590.843,53.713
3403,PHOENIX,Arizona,5551,2025-03-21 11:24:00,Running Shoes,1,643.13,707.443,64.313
7137,LOS ANGELES,California,5198,2025-03-24 18:09:00,Running Shoes,1,527.13,579.843,52.713
1656,SCOTTSDALE,Arizona,1505,2025-03-19 17:02:00,Running Shoes,1,665.13,731.643,66.513
5800,SAN RAFAEL,California,888,2025-03-23 16:09:00,Running Shoes,1,635.13,698.643,63.513
2231,HUNTINGTON,West Virginia,469,2025-03-20 10:44:00,Running Shoes,1,537.13,590.843,53.713
2535,DETROIT,Michigan,6033,2025-03-20 14:47:00,Running Shoes,1,517.53,569.283,51.753
4960,TALLAHASSEE,Florida,3699,2025-03-22 17:55:00,Running Shoes,1,537.13,590.843,53.713
4933,STAMFORD,Connecticut,4305,2025-03-22 17:22:00,Running Shoes,1,615.13,676.643,61.513
2785,TULSA,Oklahoma,3810,2025-03-20 17:52:00,Running Shoes,1,537.13,590.843,53.713
4359,SAN RAFAEL,California,3078,2025-03-22 10:04:00,Running Shoes,1,635.13,698.643,63.513
909,JACKSONVILLE,Florida,1014,2025-03-18 22:53:00,Running Shoes,1,527.13,579.843,52.713
4291,HUNTINGTON,West Virginia,3672,2025-03-22 09:22:00,Running Shoes,1,625.13,687.643,62.513
6719,KNOXVILLE,Tennessee,1462,2025-03-24 12:29:00,Running Shoes,1,595.93,655.523,59.593
5932,POMPANO BEACH,Florida,848,2025-03-23 18:22:00,Running Shoes,1,565.13,621.643,56.513
4869,ROCHESTER,New York,6366,2025-03-22 16:35:00,Running Shoes,1,537.13,590.843,53.713
2474,SPRINGFIELD,Illinois,2745,2025-03-20 13:57:00,Running Shoes,1,517.53,569.283,51.753
2600,SAN JOSE,California,315,2025-03-20 15:25:00,Running Shoes,1,509.53,560.483,50.953
1917,SCOTTSDALE,Arizona,1897,2025-03-19 20:51:00,Running Shoes,1,501.53,551.683,50.153
2167,PHOENIX,Arizona,767,2025-03-20 09:47:00,Running Shoes,1,517.53,569.283,51.753
5420,TACOMA,Washington,3536,2025-03-23 09:52:00,Running Shoes,1,509.53,560.483,50.953
3136,ROANOKE,Virginia,4777,2025-03-20 22:57:00,Running Shoes,1,509.53,560.483,50.953
5792,HOUSTON,Texas,5222,2025-03-23 16:01:00,Running Shoes,1,527.13,579.843,52.713
4485,EL PASO,Texas,393,2025-03-22 11:24:00,Running Shoes,1,517.53,569.283,51.753
1489,SPOKANE,Washington,4188,2025-03-19 15:04:00,Running Shoes,1,733.13,806.443,73.313
1268,PENSACOLA,Florida,559,2025-03-19 12:15:00,Running Shoes,1,527.13,579.843,52.713
2931,PORTLAND,Oregon,3097,2025-03-20 19:34:00,Running Shoes,1,595.13,654.643,59.513
3017,LUBBOCK,Texas,1084,2025-03-20 21:02:00,Running Shoes,1,509.53,560.483,50.953
2101,WASHINGTON,District of Columbia,4280,2025-03-20 08:43:00,Running Shoes,1,527.13,579.843,52.713
5684,SOUTH BEND,Indiana,593,2025-03-23 14:17:00,Running Shoes,1,517.13,568.843,51.713
7337,LAS VEGAS,Nevada,1850,2025-03-24 21:33:00,Running Shoes,1,527.13,579.843,52.713
6921,HOUSTON,Texas,2469,2025-03-24 15:02:00,Running Shoes,1,509.53,560.483,50.953
7275,EL PASO,Texas,3556,2025-03-24 20:20:00,Running Shoes,1,517.13,568.843,51.713
6536,ORLANDO,Florida,1090,2025-03-24 10:37:00,Running Shoes,1,517.53,569.283,51.753
6488,ALBANY,New York,1655,2025-03-24 10:09:00,Running Shoes,1,517.13,568.843,51.713
6607,SANTA CLARA,California,5391,2025-03-24 11:21:00,Running Shoes,1,501.53,551.683,50.153
4871,DES MOINES,Iowa,3723,2025-03-22 16:38:00,Running Shoes,1,517.53,569.283,51.753
2966,MONROE,Louisiana,6405,2025-03-20 20:16:00,Running Shoes,1,605.13,665.643,60.513
4353,WASHINGTON,District of Columbia,2650,2025-03-22 09:59:00,Running Shoes,1,509.53,560.483,50.953
6511,BUFFALO,New York,349,2025-03-24 10:20:00,Running Shoes,1,587.93,646.723,58.793
6504,SOUTH BEND,Indiana,3895,2025-03-24 10:17:00,Running Shoes,1,493.53,542.883,49.353
1788,LOUISVILLE,Kentucky,6483,2025-03-19 18:49:00,Running Shoes,1,517.53,569.283,51.753
1508,SHAWNEE MISSION,Kansas,2418,2025-03-19 15:16:00,Running Shoes,1,537.13,590.843,53.713
6437,FORT WORTH,Texas,327,2025-03-24 09:39:00,Running Shoes,1,507.13,557.843,50.713
6082,FORT WAYNE,Indiana,3673,2025-03-23 21:05:00,Running Shoes,1,507.13,557.843,50.713
1631,MIAMI,Florida,1197,2025-03-19 16:45:00,Running Shoes,1,527.13,579.843,52.713
6384,CHARLOTTE,North Carolina,3095,2025-03-24 09:05:00,Running Shoes,1,493.53,542.883,49.353
6539,NEW YORK CITY,New York,3864,2025-03-24 10:39:00,Running Shoes,1,493.53,542.883,49.353
1848,MONTICELLO,Minnesota,581,2025-03-19 19:32:00,Running Shoes,1,537.13,590.843,53.713
2058,MIAMI,Florida,1228,2025-03-20 02:13:00,Running Shoes,1,537.13,590.843,53.713
5222,FORT LAUDERDALE,Florida,5190,2025-03-22 22:14:00,Running Shoes,1,537.13,590.843,53.713
4424,INDIANAPOLIS,Indiana,5206,2025-03-22 10:41:00,Running Shoes,1,537.13,590.843,53.713
5028,MINNEAPOLIS,Minnesota,2137,2025-03-22 19:05:00,Running Shoes,1,537.13,590.843,53.713
7079,ROCKFORD,Illinois,5212,2025-03-24 17:08:00,Running Shoes,1,517.53,569.283,51.753
1418,ATLANTA,Georgia,4014,2025-03-19 14:00:00,Running Shoes,1,517.53,569.283,51.753
4380,DAYTON,Ohio,1674,2025-03-22 10:15:00,Running Shoes,1,635.13,698.643,63.513
4975,COLORADO SPRINGS,Colorado,521,2025-03-22 18:12:00,Running Shoes,1,537.13,590.843,53.713
5218,KNOXVILLE,Tennessee,1053,2025-03-22 22:10:00,Running Shoes,1,537.13,590.843,53.713
3958,RENO,Nevada,2986,2025-03-21 20:06:00,Running Shoes,1,537.13,590.843,53.713
5301,LAUREL,Maryland,5613,2025-03-23 00:51:00,Running Shoes,1,527.13,579.843,52.713
1774,DAYTONA BEACH,Florida,3039,2025-03-19 18:41:00,Running Shoes,1,527.13,579.843,52.713
5013,MINNEAPOLIS,Minnesota,5152,2025-03-22 18:52:00,Running Shoes,1,517.53,569.283,51.753
1828,CHATTANOOGA,Tennessee,6161,2025-03-19 19:18:00,Running Shoes,1,537.13,590.843,53.713
6304,ATLANTA,Georgia,799,2025-03-24 07:53:00,Running Shoes,1,517.53,569.283,51.753
1476,PITTSBURGH,Pennsylvania,780,2025-03-19 14:55:00,Running Shoes,1,517.13,568.843,51.713
6941,BREA,California,4693,2025-03-24 15:16:00,Running Shoes,1,501.53,551.683,50.153
80,WICHITA,Kansas,2023,2025-03-18 08:39:00,Running Shoes,1,517.13,568.843,51.713
2819,BIRMINGHAM,Alabama,3669,2025-03-20 18:16:00,Running Shoes,1,497.13,546.843,49.713
4131,LAS VEGAS,Nevada,544,2025-03-21 23:51:00,Running Shoes,1,517.53,569.283,51.753
796,ALPHARETTA,Georgia,1123,2025-03-18 20:15:00,Running Shoes,1,517.53,569.283,51.753
3925,HUNTSVILLE,Alabama,1987,2025-03-21 19:33:00,Running Shoes,1,517.13,568.843,51.713
5307,INDIANAPOLIS,Indiana,5532,2025-03-23 01:31:00,Running Shoes,1,517.53,569.283,51.753
713,COLUMBUS,Ohio,3670,2025-03-18 18:07:00,Running Shoes,1,537.13,590.843,53.713
5786,OKLAHOMA CITY,Oklahoma,85,2025-03-23 16:00:00,Running Shoes,1,537.13,590.843,53.713
64,NEW YORK CITY,New York,1498,2025-03-18 08:07:00,Running Shoes,1,537.13,590.843,53.713
6311,BRADENTON,Florida,2257,2025-03-24 08:05:00,Running Shoes,1,517.53,569.283,51.753
6295,NEWTON,Massachusetts,1385,2025-03-24 07:42:00,Running Shoes,1,537.13,590.843,53.713
5195,SAINT LOUIS,Missouri,4408,2025-03-22 21:35:00,Running Shoes,1,517.53,569.283,51.753
5715,DENTON,Texas,4771,2025-03-23 14:45:00,Running Shoes,1,517.53,569.283,51.753
3107,WASHINGTON,District of Columbia,5385,2025-03-20 22:19:00,Running Shoes,1,512.63,563.893,51.263
4985,HAYWARD,California,1109,2025-03-22 18:19:00,Running Shoes,1,537.13,590.843,53.713
734,FRESNO,California,2815,2025-03-18 18:52:00,Running Shoes,1,537.13,590.843,53.713
645,WASHINGTON,District of Columbia,3396,2025-03-18 16:48:00,Running Shoes,1,567.13,623.843,56.713
1554,AUGUSTA,Georgia,4196,2025-03-19 15:59:00,Running Shoes,1,567.13,623.843,56.713
3345,DETROIT,Michigan,5031,2025-03-21 10:39:00,Walking Shoes,1,517.13,568.843,51.713
3162,SPRINGFIELD,Virginia,3853,2025-03-20 23:36:00,Walking Shoes,1,539.93,593.923,53.993
628,TOPEKA,Kansas,233,2025-03-18 16:33:00,Walking Shoes,1,517.13,568.843,51.713
3165,DURHAM,North Carolina,2207,2025-03-20 23:45:00,Walking Shoes,1,517.13,568.843,51.713
6874,RENO,Nevada,1468,2025-03-24 14:19:00,Walking Shoes,1,497.13,546.843,49.713
5501,ATLANTA,Georgia,2869,2025-03-23 11:29:00,Walking Shoes,1,485.53,534.083,48.553
2754,SALT LAKE CITY,Utah,5634,2025-03-20 17:29:00,Walking Shoes,1,563.93,620.323,56.393
4211,BALTIMORE,Maryland,5494,2025-03-22 08:19:00,Walking Shoes,1,531.93,585.123,53.193
939,HOUSTON,Texas,327,2025-03-18 23:51:00,Walking Shoes,1,527.13,579.843,52.713
4094,HOUSTON,Texas,1012,2025-03-21 22:50:00,Walking Shoes,1,527.13,579.843,52.713
5469,PHILADELPHIA,Pennsylvania,831,2025-03-23 10:46:00,Walking Shoes,1,610.33,671.363,61.033
1854,BATON ROUGE,Louisiana,4457,2025-03-19 19:39:00,Walking Shoes,1,537.13,590.843,53.713
4535,SOUTHFIELD,Michigan,5525,2025-03-22 11:55:00,Walking Shoes,1,497.13,546.843,49.713
3077,SAN JOSE,California,3427,2025-03-20 21:43:00,Walking Shoes,1,485.53,534.083,48.553
3752,ALBUQUERQUE,New Mexico,3389,2025-03-21 16:42:00,Walking Shoes,1,485.53,534.083,48.553
5835,TULSA,Oklahoma,623,2025-03-23 16:43:00,Walking Shoes,1,485.53,534.083,48.553
5348,GREENSBORO,North Carolina,3852,2025-03-23 08:10:00,Walking Shoes,1,485.53,534.083,48.553
6910,SAN BERNARDINO,California,3827,2025-03-24 14:46:00,Walking Shoes,1,497.13,546.843,49.713
2057,FORT LAUDERDALE,Florida,6085,2025-03-20 01:37:00,Walking Shoes,1,485.53,534.083,48.553
7077,EL PASO,Texas,935,2025-03-24 17:07:00,Walking Shoes,1,497.13,546.843,49.713
2002,BROOKLYN,New York,3848,2025-03-19 22:48:00,Boy's,1,474.13,521.543,47.413
5316,PASADENA,California,4719,2025-03-23 03:55:00,Running Shoes,2,479.13,527.043,47.913
1195,EL PASO,Texas,4575,2025-03-19 11:29:00,Running Shoes,2,531.93,585.123,53.193
7408,OKLAHOMA CITY,Oklahoma,4577,2025-03-24 23:20:00,Running Shoes,2,556.13,611.743,55.613
4196,SHREVEPORT,Louisiana,3026,2025-03-22 08:01:00,Running Shoes,2,555.13,610.643,55.513
814,FORT LAUDERDALE,Florida,62,2025-03-18 20:37:00,Boots,1,517.53,569.283,51.753
4095,SEATTLE,Washington,3362,2025-03-21 22:51:00,Flip-Flops,1,507.13,557.843,50.713
6620,ALBANY,New York,5864,2025-03-24 11:31:00,Flip-Flops,1,605.13,665.643,60.513
3756,DALLAS,Texas,4399,2025-03-21 16:44:00,Running Shoes,1,459.13,505.043,45.913
873,SAINT LOUIS,Missouri,3485,2025-03-18 21:48:00,Running Shoes,1,478.13,525.943,47.813
6267,HOUSTON,Texas,626,2025-03-24 06:06:00,Running Shoes,1,497.13,546.843,49.713
4930,MIAMI,Florida,3237,2025-03-22 17:18:00,Running Shoes,1,497.13,546.843,49.713
6901,TOLEDO,Ohio,3238,2025-03-24 14:39:00,Running Shoes,1,497.13,546.843,49.713
3941,PUEBLO,Colorado,3215,2025-03-21 19:45:00,Running Shoes,1,497.13,546.843,49.713
7243,EL PASO,Texas,4422,2025-03-24 19:48:00,Running Shoes,1,625.13,687.643,62.513
7242,BREA,California,3996,2025-03-24 19:46:00,Running Shoes,1,482.63,530.893,48.263
2930,ALBANY,Georgia,3962,2025-03-20 19:34:00,Running Shoes,1,563.63,619.993,56.363
4109,WASHINGTON,District of Columbia,189,2025-03-21 23:08:00,Running Shoes,1,527.13,579.843,52.713
4220,MEMPHIS,Tennessee,4259,2025-03-22 08:24:00,Running Shoes,1,527.13,579.843,52.713
1467,DENVER,Colorado,3693,2025-03-19 14:50:00,Running Shoes,1,517.13,568.843,51.713
6568,MONTGOMERY,Alabama,205,2025-03-24 10:57:00,Climbing Shoes,1,489.13,538.043,48.913
4009,MONTGOMERY,Alabama,5147,2025-03-21 20:58:00,Boots,1,537.13,590.843,53.713
565,AUSTIN,Texas,475,2025-03-18 15:41:00,Running Shoes,1,658.33,724.163,65.833
6379,AKRON,Ohio,2938,2025-03-24 09:02:00,Running Shoes,1,693.13,762.443,69.313
570,GADSDEN,Alabama,5598,2025-03-18 15:45:00,Running Shoes,1,566.13,622.743,56.613
6579,ORLANDO,Florida,3746,2025-03-24 11:07:00,Running Shoes,1,595.13,654.643,59.513
4052,HUNTINGTON,West Virginia,6424,2025-03-21 21:55:00,Running Shoes,1,693.13,762.443,69.313
6006,WASHINGTON,District of Columbia,2349,2025-03-23 19:51:00,Running Shoes,1,555.13,610.643,55.513
6089,OKLAHOMA CITY,Oklahoma,1510,2025-03-23 21:11:00,Running Shoes,1,723.13,795.443,72.313
5333,WASHINGTON,District of Columbia,3917,2025-03-23 07:28:00,Running Shoes,1,497.13,546.843,49.713
3259,LITTLE ROCK,Arkansas,4750,2025-03-21 09:00:00,Running Shoes,1,537.13,590.843,53.713
3635,ROANOKE,Virginia,1348,2025-03-21 14:58:00,Running Shoes,1,485.53,534.083,48.553
2041,HOUSTON,Texas,1104,2025-03-20 00:20:00,Running Shoes,1,595.93,655.523,59.593
3371,AKRON,Ohio,1953,2025-03-21 10:55:00,Running Shoes,1,595.13,654.643,59.513
534,LYNCHBURG,Virginia,4839,2025-03-18 15:12:00,Running Shoes,1,527.13,579.843,52.713
4841,METAIRIE,Louisiana,6153,2025-03-22 16:06:00,Running Shoes,1,493.53,542.883,49.353
3132,LYNN,Massachusetts,6022,2025-03-20 22:52:00,Running Shoes,1,733.13,806.443,73.313
5976,ANDERSON,South Carolina,1660,2025-03-23 19:18:00,Running Shoes,1,635.13,698.643,63.513
7193,METAIRIE,Louisiana,5201,2025-03-24 19:06:00,Running Shoes,1,595.13,654.643,59.513
128,LANSING,Michigan,4457,2025-03-18 09:43:00,Running Shoes,1,605.13,665.643,60.513
1267,CLEVELAND,Ohio,1887,2025-03-19 12:14:00,Running Shoes,1,537.13,590.843,53.713
6092,CHICAGO,Illinois,6422,2025-03-23 21:13:00,Running Shoes,1,713.13,784.443,71.313
4175,CORPUS CHRISTI,Texas,317,2025-03-22 06:42:00,Running Shoes,1,585.13,643.643,58.513
2750,KALAMAZOO,Michigan,3593,2025-03-20 17:28:00,Running Shoes,1,497.13,546.843,49.713
99,ALBUQUERQUE,New Mexico,758,2025-03-18 09:07:00,Running Shoes,1,650.33,715.363,65.033
3248,WASHINGTON,District of Columbia,3853,2025-03-21 08:41:00,Running Shoes,1,497.13,546.843,49.713
6544,DULLES,Virginia,2288,2025-03-24 10:40:00,Running Shoes,1,517.53,569.283,51.753
2625,DURHAM,North Carolina,2597,2025-03-20 15:43:00,Running Shoes,1,501.53,551.683,50.153
6275,NORTHRIDGE,California,512,2025-03-24 06:46:00,Running Shoes,1,537.13,590.843,53.713
1015,ALBANY,New York,1612,2025-03-19 08:41:00,Boy's,1,467.13,513.843,46.713
835,SACRAMENTO,California,4110,2025-03-18 21:03:00,Running Shoes,2,929.13,1022.043,92.913
6106,OGDEN,Utah,2305,2025-03-23 21:23:00,Running Shoes,1,633.13,696.443,63.313
3527,MEMPHIS,Tennessee,2503,2025-03-21 13:23:00,Running Shoes,2,563.93,620.323,56.393
7417,PITTSBURGH,Pennsylvania,4868,2025-03-24 23:30:00,Running Shoes,1,658.33,724.163,65.833
7240,ATLANTA,Georgia,2393,2025-03-24 19:44:00,Running Shoes,1,640.73,704.803,64.073
7110,PHILADELPHIA,Pennsylvania,555,2025-03-24 17:50:00,Running Shoes,1,485.53,534.083,48.553
3690,MIAMI,Florida,4859,2025-03-21 15:45:00,Running Shoes,1,635.13,698.643,63.513
6207,JACKSON,Mississippi,1632,2025-03-23 23:22:00,Running Shoes,1,674.33,741.763,67.433
4128,MILWAUKEE,Wisconsin,1417,2025-03-21 23:36:00,Running Shoes,1,635.13,698.643,63.513
5923,TULSA,Oklahoma,5882,2025-03-23 18:14:00,Running Shoes,1,517.53,569.283,51.753
5392,SPRINGFIELD,Ohio,1649,2025-03-23 09:27:00,Running Shoes,1,537.13,590.843,53.713
4084,EVANSTON,Illinois,5129,2025-03-21 22:39:00,Walking Shoes,1,563.93,620.323,56.393
7007,TACOMA,Washington,1562,2025-03-24 16:11:00,Running Shoes,2,615.13,676.643,61.513
5780,SAINT JOSEPH,Missouri,1581,2025-03-23 15:57:00,Running Shoes,1,517.53,569.283,51.753
4928,PASADENA,California,5656,2025-03-22 17:16:00,Running Shoes,1,693.13,762.443,69.313
287,JACKSONVILLE,Florida,3115,2025-03-18 11:51:00,Running Shoes,1,693.13,762.443,69.313
4313,LOS ANGELES,California,4118,2025-03-22 09:36:00,Running Shoes,1,650.33,715.363,65.033
4197,BURBANK,California,168,2025-03-22 08:03:00,Running Shoes,1,563.23,619.553,56.323
4752,FALLS CHURCH,Virginia,4734,2025-03-22 14:50:00,Running Shoes,1,791.13,870.243,79.113
7167,OMAHA,Nebraska,4918,2025-03-24 18:39:00,Running Shoes,1,537.13,590.843,53.713
3877,PHILADELPHIA,Pennsylvania,3120,2025-03-21 18:48:00,Running Shoes,1,658.33,724.163,65.833
7378,SPRING,Texas,3277,2025-03-24 22:29:00,Running Shoes,1,635.13,698.643,63.513
771,COLUMBIA,South Carolina,5246,2025-03-18 19:41:00,Running Shoes,1,595.13,654.643,59.513
4115,TAMPA,Florida,1578,2025-03-21 23:20:00,Running Shoes,1,527.13,579.843,52.713
5103,BOYNTON BEACH,Florida,2269,2025-03-22 20:05:00,Running Shoes,1,517.13,568.843,51.713
7349,DAYTON,Ohio,2156,2025-03-24 21:54:00,Running Shoes,1,1173.13,1290.443,117.313
5416,PITTSBURGH,Pennsylvania,1500,2025-03-23 09:48:00,Running Shoes,1,751.13,826.243,75.113
7112,SAN ANTONIO,Texas,1639,2025-03-24 17:51:00,Running Shoes,1,733.13,806.443,73.313
2641,CHARLOTTE,North Carolina,5125,2025-03-20 15:53:00,Boots,1,871.13,958.243,87.113
2916,SAN FRANCISCO,California,1734,2025-03-20 19:26:00,Boots,1,537.13,590.843,53.713
6228,BIRMINGHAM,Alabama,137,2025-03-24 00:03:00,Boots,1,537.13,590.843,53.713
1247,BUFFALO,New York,3370,2025-03-19 12:01:00,Boots,1,595.93,655.523,59.593
4874,BROOKLYN,New York,3010,2025-03-22 16:40:00,Boots,1,517.53,569.283,51.753
92,POMPANO BEACH,Florida,6403,2025-03-18 09:02:00,Boots,1,537.13,590.843,53.713
1519,MACON,Georgia,2209,2025-03-19 15:27:00,Boots,1,537.13,590.843,53.713
2080,SALT LAKE CITY,Utah,1208,2025-03-20 08:23:00,Boots,1,537.13,590.843,53.713
2427,NEWARK,New Jersey,6270,2025-03-20 13:16:00,Boots,1,711.13,782.243,71.113
4281,JACKSON,Mississippi,1756,2025-03-22 09:13:00,Boots,1,537.13,590.843,53.713
3591,BAKERSFIELD,California,6251,2025-03-21 14:09:00,Boots,1,517.53,569.283,51.753
6886,MIAMI BEACH,Florida,1949,2025-03-24 14:24:00,Boots,1,537.13,590.843,53.713
1346,FRESNO,California,6430,2025-03-19 13:10:00,Boots,1,537.13,590.843,53.713
1865,WATERTOWN,Massachusetts,380,2025-03-19 19:48:00,Boots,1,635.13,698.643,63.513
5585,SCRANTON,Pennsylvania,2952,2025-03-23 12:42:00,Boots,1,537.13,590.843,53.713
4967,INDIANAPOLIS,Indiana,3962,2025-03-22 17:59:00,Boots,1,517.53,569.283,51.753
7265,SAN ANTONIO,Texas,529,2025-03-24 20:13:00,Flip-Flops,1,585.13,643.643,58.513
1260,NORFOLK,Virginia,3579,2025-03-19 12:07:00,Running Shoes,1,643.13,707.443,64.313
1912,KANSAS CITY,Missouri,1958,2025-03-19 20:42:00,Running Shoes,1,497.13,546.843,49.713
3993,AUSTIN,Texas,444,2025-03-21 20:40:00,Running Shoes,1,497.13,546.843,49.713
6793,DENVER,Colorado,2080,2025-03-24 13:25:00,Running Shoes,1,555.13,610.643,55.513
5497,MONTGOMERY,Alabama,3543,2025-03-23 11:25:00,Running Shoes,1,555.13,610.643,55.513
6427,AURORA,Colorado,1923,2025-03-24 09:33:00,Running Shoes,1,671.13,738.243,67.113
2028,RIVERSIDE,California,2993,2025-03-19 23:41:00,Running Shoes,1,671.13,738.243,67.113
3757,SAN ANTONIO,Texas,394,2025-03-21 16:44:00,Running Shoes,1,497.13,546.843,49.713
7328,WASHINGTON,District of Columbia,1616,2025-03-24 21:22:00,Running Shoes,1,531.93,585.123,53.193
2286,POMPANO BEACH,Florida,691,2025-03-20 11:28:00,Running Shoes,1,531.93,585.123,53.193
3228,WILMINGTON,North Carolina,6098,2025-03-21 07:45:00,Running Shoes,1,605.13,665.643,60.513
4378,PANAMA CITY,Florida,5302,2025-03-22 10:13:00,Running Shoes,1,527.13,579.843,52.713
1102,CORONA,California,2202,2025-03-19 10:14:00,Running Shoes,1,635.13,698.643,63.513
1802,TYLER,Texas,1234,2025-03-19 18:57:00,Running Shoes,1,517.53,569.283,51.753
2500,BIRMINGHAM,Alabama,4697,2025-03-20 14:19:00,Running Shoes,1,527.13,579.843,52.713
6328,JACKSONVILLE,Florida,2301,2025-03-24 08:21:00,Running Shoes,1,801.13,881.243,80.113
556,MONTGOMERY,Alabama,2793,2025-03-18 15:35:00,Running Shoes,1,579.93,637.923,57.993
1233,KANSAS CITY,Kansas,4587,2025-03-19 11:49:00,Running Shoes,1,579.93,637.923,57.993
2980,PITTSBURGH,Pennsylvania,4240,2025-03-20 20:28:00,Running Shoes,1,615.13,676.643,61.513
4598,RALEIGH,North Carolina,1516,2025-03-22 12:42:00,Running Shoes,1,517.13,568.843,51.713
5152,SAN DIEGO,California,798,2025-03-22 20:46:00,Running Shoes,1,517.13,568.843,51.713
2006,MILWAUKEE,Wisconsin,5459,2025-03-19 22:53:00,Running Shoes,1,627.93,690.723,62.793
2753,CHARLOTTE,North Carolina,2566,2025-03-20 17:28:00,Running Shoes,1,517.13,568.843,51.713
2439,BATON ROUGE,Louisiana,3219,2025-03-20 13:26:00,Running Shoes,1,517.13,568.843,51.713
3622,SAN BERNARDINO,California,2237,2025-03-21 14:45:00,Running Shoes,1,575.13,632.643,57.513
4747,NEWTON,Massachusetts,2007,2025-03-22 14:42:00,Running Shoes,1,517.13,568.843,51.713
1673,WINSTON SALEM,North Carolina,6032,2025-03-19 17:14:00,Running Shoes,1,603.93,664.323,60.393
1928,SAN DIEGO,California,2621,2025-03-19 21:07:00,Running Shoes,1,587.93,646.723,58.793
7282,BATON ROUGE,Louisiana,2733,2025-03-24 20:25:00,Running Shoes,1,527.13,579.843,52.713
2543,LINCOLN,Nebraska,5279,2025-03-20 14:52:00,Running Shoes,1,635.13,698.643,63.513
3015,BIRMINGHAM,Alabama,2154,2025-03-20 21:02:00,Running Shoes,1,537.13,590.843,53.713
3465,AUSTIN,Texas,2293,2025-03-21 12:23:00,Running Shoes,1,713.13,784.443,71.313
4061,MIAMI,Florida,6321,2025-03-21 22:14:00,Running Shoes,1,615.13,676.643,61.513
4850,CHARLOTTE,North Carolina,3723,2025-03-22 16:14:00,Running Shoes,1,635.13,698.643,63.513
479,NORFOLK,Virginia,5464,2025-03-18 14:19:00,Running Shoes,1,517.53,569.283,51.753
2496,SACRAMENTO,California,171,2025-03-20 14:15:00,Running Shoes,1,517.53,569.283,51.753
7045,WILMINGTON,Delaware,4393,2025-03-24 16:41:00,Running Shoes,1,517.53,569.283,51.753
2999,OKLAHOMA CITY,Oklahoma,2615,2025-03-20 20:43:00,Running Shoes,1,811.13,892.243,81.113
3356,PHOENIX,Arizona,2176,2025-03-21 10:44:00,Running Shoes,1,501.53,551.683,50.153
3660,ROANOKE,Virginia,4206,2025-03-21 15:21:00,Running Shoes,1,501.53,551.683,50.153
5308,RIVERSIDE,California,3117,2025-03-23 01:43:00,Running Shoes,1,517.53,569.283,51.753
4425,BOSTON,Massachusetts,5835,2025-03-22 10:41:00,Running Shoes,1,537.13,590.843,53.713
612,TUCSON,Arizona,536,2025-03-18 16:21:00,Running Shoes,1,752.73,828.003,75.273
2846,COLUMBIA,South Carolina,3601,2025-03-20 18:36:00,Running Shoes,1,552.13,607.343,55.213
5246,ATLANTA,Georgia,5528,2025-03-22 22:49:00,Running Shoes,1,585.13,643.643,58.513
6309,TEMPLE,Texas,2700,2025-03-24 08:03:00,Running Shoes,1,587.93,646.723,58.793
1858,SYRACUSE,New York,420,2025-03-19 19:40:00,Running Shoes,1,595.13,654.643,59.513
2443,OKLAHOMA CITY,Oklahoma,2414,2025-03-20 13:33:00,Running Shoes,1,595.13,654.643,59.513
644,MADISON,Wisconsin,563,2025-03-18 16:46:00,Running Shoes,1,743.13,817.443,74.313
7173,WASHINGTON,District of Columbia,5445,2025-03-24 18:44:00,Running Shoes,1,605.13,665.643,60.513
7289,INDIANAPOLIS,Indiana,780,2025-03-24 20:29:00,Running Shoes,1,579.93,637.923,57.993
2518,WASHINGTON,District of Columbia,1043,2025-03-20 14:35:00,Running Shoes,1,517.13,568.843,51.713
7381,HOUSTON,Texas,4285,2025-03-24 22:34:00,Running Shoes,1,501.53,551.683,50.153
3375,EL PASO,Texas,5099,2025-03-21 10:59:00,Running Shoes,1,517.13,568.843,51.713
1717,DAYTON,Ohio,2405,2025-03-19 17:52:00,Running Shoes,1,615.13,676.643,61.513
3214,HUNTINGTON,West Virginia,593,2025-03-21 06:42:00,Running Shoes,1,517.13,568.843,51.713
5902,MESQUITE,Texas,5178,2025-03-23 17:50:00,Running Shoes,1,615.13,676.643,61.513
6429,DULUTH,Minnesota,5204,2025-03-24 09:35:00,Running Shoes,1,517.13,568.843,51.713
464,NAPLES,Florida,3044,2025-03-18 14:07:00,Running Shoes,1,501.53,551.683,50.153
790,CINCINNATI,Ohio,3893,2025-03-18 20:07:00,Running Shoes,1,571.93,629.123,57.193
1506,WATERTOWN,Massachusetts,2026,2025-03-19 15:15:00,Running Shoes,1,571.13,628.243,57.113
2109,ALEXANDRIA,Virginia,6465,2025-03-20 08:55:00,Running Shoes,1,501.53,551.683,50.153
4159,BROOKLYN,New York,24,2025-03-22 02:13:00,Running Shoes,1,563.93,620.323,56.393
6458,TEXARKANA,Texas,6441,2025-03-24 09:50:00,Running Shoes,1,501.53,551.683,50.153
1101,LONGVIEW,Texas,6256,2025-03-19 10:13:00,Running Shoes,1,517.53,569.283,51.753
7263,WASHINGTON,District of Columbia,3555,2025-03-24 20:13:00,Running Shoes,1,537.13,590.843,53.713
880,TYLER,Texas,809,2025-03-18 21:57:00,Running Shoes,1,625.13,687.643,62.513
6243,GREENVILLE,South Carolina,5224,2025-03-24 01:12:00,Running Shoes,1,615.13,676.643,61.513
616,TACOMA,Washington,4354,2025-03-18 16:24:00,Running Shoes,1,563.93,620.323,56.393
3006,JACKSON,Mississippi,416,2025-03-20 20:53:00,Running Shoes,1,571.93,629.123,57.193
3090,CLEVELAND,Ohio,6367,2025-03-20 21:53:00,Running Shoes,1,509.53,560.483,50.953
4057,STAMFORD,Connecticut,2508,2025-03-21 22:06:00,Running Shoes,1,587.93,646.723,58.793
1918,DAYTON,Ohio,330,2025-03-19 20:52:00,Running Shoes,1,501.53,551.683,50.153
7101,VIRGINIA BEACH,Virginia,173,2025-03-24 17:35:00,Running Shoes,1,585.13,643.643,58.513
3201,CLEARWATER,Florida,2265,2025-03-21 02:20:00,Running Shoes,1,585.13,643.643,58.513
603,AUSTIN,Texas,2641,2025-03-18 16:16:00,Running Shoes,1,674.33,741.763,67.433
4620,BRIDGEPORT,Connecticut,4740,2025-03-22 12:57:00,Running Shoes,1,595.93,655.523,59.593
288,HARTFORD,Connecticut,1557,2025-03-18 11:51:00,Running Shoes,1,517.13,568.843,51.713
569,TUCSON,Arizona,4615,2025-03-18 15:45:00,Running Shoes,1,517.13,568.843,51.713
7,CORPUS CHRISTI,Texas,3393,2025-03-18 00:22:00,Running Shoes,1,579.93,637.923,57.993
3813,DENVER,Colorado,4365,2025-03-21 17:50:00,Running Shoes,1,693.13,762.443,69.313
6517,BILOXI,Mississippi,6009,2025-03-24 10:24:00,Running Shoes,1,527.13,579.843,52.713
1949,SEATTLE,Washington,785,2025-03-19 21:37:00,Running Shoes,1,527.13,579.843,52.713
3528,EL PASO,Texas,2193,2025-03-21 13:23:00,Running Shoes,1,615.13,676.643,61.513
4612,CHICO,California,5303,2025-03-22 12:52:00,Running Shoes,1,579.93,637.923,57.993
5844,EVANSVILLE,Indiana,2787,2025-03-23 16:56:00,Running Shoes,1,517.13,568.843,51.713
724,AMARILLO,Texas,907,2025-03-18 18:27:00,Running Shoes,1,643.93,708.323,64.393
2736,ATLANTA,Georgia,1823,2025-03-20 17:21:00,Running Shoes,1,501.53,551.683,50.153
1454,PENSACOLA,Florida,1957,2025-03-19 14:38:00,Running Shoes,1,713.13,784.443,71.313
1412,WASHINGTON,District of Columbia,4745,2025-03-19 13:57:00,Running Shoes,1,517.53,569.283,51.753
2594,FORT PIERCE,Florida,4743,2025-03-20 15:23:00,Running Shoes,1,527.13,579.843,52.713
1065,FLINT,Michigan,3512,2025-03-19 09:44:00,Running Shoes,1,517.53,569.283,51.753
3779,ORLANDO,Florida,1095,2025-03-21 17:02:00,Running Shoes,1,595.13,654.643,59.513
4940,IRVINE,California,4502,2025-03-22 17:25:00,Running Shoes,1,571.93,629.123,57.193
4236,RICHMOND,Virginia,2703,2025-03-22 08:37:00,Running Shoes,1,625.13,687.643,62.513
7044,DALLAS,Texas,2872,2025-03-24 16:40:00,Running Shoes,1,517.13,568.843,51.713
2778,CHICAGO,Illinois,277,2025-03-20 17:46:00,Running Shoes,1,537.13,590.843,53.713
1578,EUGENE,Oregon,39,2025-03-19 16:13:00,Running Shoes,1,605.13,665.643,60.513
4027,RIVERSIDE,California,3108,2025-03-21 21:23:00,Running Shoes,1,605.13,665.643,60.513
7199,UTICA,New York,6463,2025-03-24 19:14:00,Running Shoes,1,517.13,568.843,51.713
2482,LONDON,Kentucky,3675,2025-03-20 14:04:00,Running Shoes,1,527.13,579.843,52.713
1720,OMAHA,Nebraska,5814,2025-03-19 17:55:00,Running Shoes,1,571.93,629.123,57.193
1838,CORPUS CHRISTI,Texas,5458,2025-03-19 19:24:00,Running Shoes,1,579.93,637.923,57.993
2936,SAN FRANCISCO,California,4426,2025-03-20 19:42:00,Running Shoes,1,527.13,579.843,52.713
1707,ARLINGTON,Texas,5950,2025-03-19 17:48:00,Running Shoes,1,831.13,914.243,83.113
994,ROCHESTER,New York,5577,2025-03-19 07:56:00,Running Shoes,1,517.53,569.283,51.753
1138,JOHNSON CITY,Tennessee,3022,2025-03-19 10:44:00,Running Shoes,1,517.53,569.283,51.753
472,TUCSON,Arizona,419,2025-03-18 14:14:00,Running Shoes,1,537.13,590.843,53.713
3783,JACKSONVILLE,Florida,1443,2025-03-21 17:05:00,Running Shoes,1,733.13,806.443,73.313
4628,ORLANDO,Florida,5322,2025-03-22 13:04:00,Running Shoes,1,635.13,698.643,63.513
1331,SPRINGFIELD,Illinois,2388,2025-03-19 12:59:00,Running Shoes,1,595.93,655.523,59.593
4344,WINSTON SALEM,North Carolina,2024,2025-03-22 09:54:00,Running Shoes,1,517.53,569.283,51.753
5169,RICHMOND,Virginia,186,2025-03-22 21:08:00,Running Shoes,1,517.53,569.283,51.753
4078,ROANOKE,Virginia,950,2025-03-21 22:26:00,Running Shoes,1,659.63,725.593,65.963
6940,LOS ANGELES,California,853,2025-03-24 15:14:00,Running Shoes,1,517.53,569.283,51.753
3001,AUSTIN,Texas,218,2025-03-20 20:47:00,Running Shoes,1,713.13,784.443,71.313
1877,NEW YORK CITY,New York,2127,2025-03-19 20:04:00,Running Shoes,1,548.73,603.603,54.873
2086,POMPANO BEACH,Florida,6109,2025-03-20 08:26:00,Running Shoes,1,537.13,590.843,53.713
2472,GRAND RAPIDS,Michigan,6419,2025-03-20 13:54:00,Running Shoes,1,537.13,590.843,53.713
5230,BALTIMORE,Maryland,2046,2025-03-22 22:24:00,Running Shoes,1,537.13,590.843,53.713
1376,PEORIA,Illinois,1483,2025-03-19 13:33:00,Running Shoes,1,634.33,697.763,63.433
1724,MONTGOMERY,Alabama,6363,2025-03-19 17:57:00,Running Shoes,1,517.53,569.283,51.753
2805,DENVER,Colorado,6153,2025-03-20 18:05:00,Running Shoes,1,658.33,724.163,65.833
3290,ROCKFORD,Illinois,5835,2025-03-21 09:46:00,Running Shoes,1,595.93,655.523,59.593
5419,SAN LUIS OBISPO,California,4973,2025-03-23 09:51:00,Running Shoes,1,517.53,569.283,51.753
5950,PHILADELPHIA,Pennsylvania,3104,2025-03-23 18:47:00,Running Shoes,1,578.63,636.493,57.863
6955,EL PASO,Texas,1229,2025-03-24 15:26:00,Running Shoes,1,625.13,687.643,62.513
6323,BOSTON,Massachusetts,2374,2025-03-24 08:17:00,Running Shoes,1,579.93,637.923,57.993
4237,LOS ANGELES,California,2532,2025-03-22 08:39:00,Running Shoes,1,693.13,762.443,69.313
5828,GLENDALE,California,4722,2025-03-23 16:34:00,Running Shoes,1,605.13,665.643,60.513
1277,KANSAS CITY,Kansas,691,2025-03-19 12:21:00,Running Shoes,1,635.13,698.643,63.513
5399,SPOKANE,Washington,2011,2025-03-23 09:30:00,Running Shoes,1,666.33,732.963,66.633
6083,SAN FRANCISCO,California,1499,2025-03-23 21:05:00,Running Shoes,1,625.13,687.643,62.513
1053,BROOKSVILLE,Florida,4328,2025-03-19 09:31:00,Running Shoes,1,517.53,569.283,51.753
512,WASHINGTON,District of Columbia,972,2025-03-18 14:50:00,Running Shoes,1,497.13,546.843,49.713
2250,TYLER,Texas,5295,2025-03-20 11:02:00,Running Shoes,1,497.13,546.843,49.713
3551,SAVANNAH,Georgia,153,2025-03-21 13:40:00,Running Shoes,1,497.13,546.843,49.713
6957,SALINAS,California,2432,2025-03-24 15:30:00,Running Shoes,1,907.13,997.843,90.713
1286,BILLINGS,Montana,2572,2025-03-19 12:25:00,Running Shoes,1,586.33,644.963,58.633
2955,SAINT LOUIS,Missouri,1675,2025-03-20 20:02:00,Running Shoes,1,531.93,585.123,53.193
6600,TAMPA,Florida,2795,2025-03-24 11:18:00,Running Shoes,1,497.13,546.843,49.713
4767,AUSTIN,Texas,773,2025-03-22 15:01:00,Running Shoes,1,578.33,636.163,57.833
1796,FORT WORTH,Texas,6256,2025-03-19 18:53:00,Running Shoes,1,497.13,546.843,49.713
3374,PITTSBURGH,Pennsylvania,5932,2025-03-21 10:58:00,Running Shoes,1,555.13,610.643,55.513
3454,BIRMINGHAM,Alabama,390,2025-03-21 12:17:00,Running Shoes,1,509.53,560.483,50.953
3198,HUNTSVILLE,Alabama,2996,2025-03-21 02:05:00,Running Shoes,1,531.93,585.123,53.193
6333,FORT WAYNE,Indiana,2075,2025-03-24 08:23:00,Running Shoes,1,625.13,687.643,62.513
7071,SHREVEPORT,Louisiana,4829,2025-03-24 16:59:00,Running Shoes,1,485.53,534.083,48.553
3304,HUNTINGTON BEACH,California,58,2025-03-21 10:00:00,Running Shoes,1,605.13,665.643,60.513
4510,MYRTLE BEACH,South Carolina,1642,2025-03-22 11:39:00,Running Shoes,1,517.13,568.843,51.713
2349,SAN ANTONIO,Texas,6278,2025-03-20 12:14:00,Running Shoes,1,517.13,568.843,51.713
4316,MIDLAND,Michigan,649,2025-03-22 09:39:00,Running Shoes,1,517.13,568.843,51.713
6009,BOSTON,Massachusetts,5151,2025-03-23 19:57:00,Running Shoes,1,517.13,568.843,51.713
1465,TOLEDO,Ohio,277,2025-03-19 14:48:00,Running Shoes,1,579.93,637.923,57.993
2764,SANTA CRUZ,California,4586,2025-03-20 17:37:00,Running Shoes,1,540.73,594.803,54.073
4482,CINCINNATI,Ohio,3592,2025-03-22 11:20:00,Running Shoes,1,517.13,568.843,51.713
5448,ARLINGTON,Virginia,1846,2025-03-23 10:16:00,Running Shoes,1,575.13,632.643,57.513
5647,WASHINGTON,District of Columbia,4465,2025-03-23 13:42:00,Running Shoes,1,615.13,676.643,61.513
6121,CRAWFORDSVILLE,Indiana,3672,2025-03-23 21:37:00,Running Shoes,1,893.53,982.883,89.353
2182,SALEM,Oregon,3861,2025-03-20 09:59:00,Running Shoes,1,517.13,568.843,51.713
4921,CHICAGO,Illinois,5055,2025-03-22 17:10:00,Running Shoes,1,713.13,784.443,71.313
6561,COLORADO SPRINGS,Colorado,4047,2025-03-24 10:51:00,Running Shoes,1,522.43,574.673,52.243
1829,COLORADO SPRINGS,Colorado,4603,2025-03-19 19:18:00,Running Shoes,1,537.13,590.843,53.713
445,VANCOUVER,Washington,5031,2025-03-18 13:55:00,Running Shoes,1,595.93,655.523,59.593
2644,NASHVILLE,Tennessee,4535,2025-03-20 15:55:00,Running Shoes,1,595.93,655.523,59.593
5655,TACOMA,Washington,2854,2025-03-23 13:47:00,Running Shoes,1,595.93,655.523,59.593
3503,MOBILE,Alabama,1501,2025-03-21 12:56:00,Running Shoes,1,537.13,590.843,53.713
216,SHREVEPORT,Louisiana,1551,2025-03-18 10:59:00,Running Shoes,1,586.13,644.743,58.613
3525,PORTLAND,Oregon,4015,2025-03-21 13:21:00,Boots,1,547.13,601.843,54.713
5498,GREENSBORO,North Carolina,1971,2025-03-23 11:26:00,Boots,1,723.13,795.443,72.313
52,FRESNO,California,1220,2025-03-18 07:39:00,Boots,1,791.13,870.243,79.113
4630,BALTIMORE,Maryland,1821,2025-03-22 13:04:00,Boots,1,733.13,806.443,73.313
2829,CANTON,Ohio,3272,2025-03-20 18:23:00,Boots,1,712.73,784.003,71.273
2248,MESA,Arizona,3603,2025-03-20 11:02:00,Boots,1,671.13,738.243,67.113
6008,NEWTON,Massachusetts,6105,2025-03-23 19:57:00,Climbing Shoes,1,464.13,510.543,46.413
5535,LOUISVILLE,Kentucky,5584,2025-03-23 12:08:00,Climbing Shoes,1,571.13,628.243,57.113
4587,SACRAMENTO,California,2359,2025-03-22 12:34:00,Climbing Shoes,1,679.13,747.043,67.913
1795,CHARLOTTE,North Carolina,3316,2025-03-19 18:53:00,Flip-Flops,1,567.13,623.843,56.713
3493,HOUSTON,Texas,849,2025-03-21 12:42:00,Flip-Flops,1,541.53,595.683,54.153
1933,NEW YORK CITY,New York,4019,2025-03-19 21:15:00,Flip-Flops,1,483.33,531.663,48.333
5599,MEMPHIS,Tennessee,5358,2025-03-23 12:59:00,Flip-Flops,1,869.53,956.483,86.953
3898,DENVER,Colorado,6405,2025-03-21 19:05:00,Flip-Flops,1,618.33,680.163,61.833
7354,NORTHRIDGE,California,2384,2025-03-24 22:04:00,Flip-Flops,1,585.13,643.643,58.513
1146,SPRINGFIELD,Virginia,2071,2025-03-19 10:50:00,Flip-Flops,1,625.13,687.643,62.513
6631,NORTH HOLLYWOOD,California,4154,2025-03-24 11:36:00,Flip-Flops,1,571.93,629.123,57.193
6110,SANTA MONICA,California,5558,2025-03-23 21:25:00,Flip-Flops,1,547.13,601.843,54.713
6358,BOSTON,Massachusetts,3236,2025-03-24 08:44:00,Flip-Flops,1,525.53,578.083,52.553
6445,PENSACOLA,Florida,2710,2025-03-24 09:44:00,Flip-Flops,1,525.53,578.083,52.553
1990,AUSTIN,Texas,3671,2025-03-19 22:25:00,Flip-Flops,1,611.93,673.123,61.193
2104,ORLANDO,Florida,1485,2025-03-20 08:46:00,Flip-Flops,1,517.13,568.843,51.713
6193,TAMPA,Florida,4616,2025-03-23 23:01:00,Flip-Flops,1,517.13,568.843,51.713
6796,NAPLES,Florida,3518,2025-03-24 13:26:00,Flip-Flops,1,547.13,601.843,54.713
6790,BUFFALO,New York,5850,2025-03-24 13:23:00,Flip-Flops,1,525.53,578.083,52.553
6784,BOULDER,Colorado,6444,2025-03-24 13:20:00,Flip-Flops,1,586.13,644.743,58.613
2357,LANCASTER,Pennsylvania,1517,2025-03-20 12:19:00,Flip-Flops,1,615.13,676.643,61.513
3782,CHICAGO,Illinois,3818,2025-03-21 17:04:00,Jackets,1,567.13,623.843,56.713
6530,IRVING,Texas,4841,2025-03-24 10:33:00,Jackets,1,572.63,629.893,57.263
7129,WATERBURY,Connecticut,2901,2025-03-24 18:02:00,Jackets,1,643.93,708.323,64.393
1549,MELBOURNE,Florida,6457,2025-03-19 15:54:00,Jackets,1,597.13,656.843,59.713
3269,TEXARKANA,Texas,3454,2025-03-21 09:09:00,Jackets,1,685.13,753.643,68.513
395,HARTFORD,Connecticut,2918,2025-03-18 13:19:00,Jackets,1,587.13,645.843,58.713
4466,SAN ANTONIO,Texas,4312,2025-03-22 11:09:00,Jackets,1,683.93,752.323,68.393
7211,BIRMINGHAM,Alabama,6139,2025-03-24 19:22:00,Jackets,1,565.53,622.083,56.553
7043,FRESNO,California,5250,2025-03-24 16:40:00,Jackets,1,655.13,720.643,65.513
3918,SAN ANGELO,Texas,3050,2025-03-21 19:27:00,Running Shoes,1,604.13,664.543,60.413
3926,YONKERS,New York,1818,2025-03-21 19:33:00,Running Shoes,1,571.93,629.123,57.193
441,SHREVEPORT,Louisiana,5750,2025-03-18 13:52:00,Running Shoes,1,556.13,611.743,55.613
2367,MINNEAPOLIS,Minnesota,2757,2025-03-20 12:25:00,Running Shoes,1,556.13,611.743,55.613
1674,SEATTLE,Washington,2730,2025-03-19 17:18:00,Running Shoes,1,527.13,579.843,52.713
5145,ALPHARETTA,Georgia,3499,2025-03-22 20:40:00,Running Shoes,1,566.13,622.743,56.613
7018,LOS ANGELES,California,1067,2025-03-24 16:20:00,Running Shoes,1,501.53,551.683,50.153
2688,YOUNGSTOWN,Ohio,5808,2025-03-20 16:43:00,Running Shoes,1,517.13,568.843,51.713
2938,COLUMBIA,South Carolina,774,2025-03-20 19:44:00,Running Shoes,1,566.13,622.743,56.613
716,WASHINGTON,District of Columbia,4124,2025-03-18 18:11:00,Running Shoes,1,517.13,568.843,51.713
4835,PASADENA,California,2024,2025-03-22 16:04:00,Running Shoes,1,603.93,664.323,60.393
5596,TRENTON,New Jersey,2879,2025-03-23 12:54:00,Running Shoes,1,556.13,611.743,55.613
2187,AKRON,Ohio,6243,2025-03-20 10:05:00,Running Shoes,1,615.13,676.643,61.513
2994,PORT CHARLOTTE,Florida,2786,2025-03-20 20:38:00,Running Shoes,1,576.13,633.743,57.613
1941,PORT CHARLOTTE,Florida,5968,2025-03-19 21:28:00,Running Shoes,1,536.13,589.743,53.613
2952,BOSTON,Massachusetts,1720,2025-03-20 19:59:00,Running Shoes,1,478.13,525.943,47.813
1098,LINCOLN,Nebraska,268,2025-03-19 10:11:00,Running Shoes,1,536.13,589.743,53.613
995,SHAWNEE MISSION,Kansas,698,2025-03-19 07:57:00,Running Shoes,1,522.13,574.343,52.213
3846,WASHINGTON,District of Columbia,1633,2025-03-21 18:25:00,Running Shoes,1,537.13,590.843,53.713
4780,MADISON,Wisconsin,2501,2025-03-22 15:13:00,Running Shoes,1,482.63,530.893,48.263
5542,TAMPA,Florida,5125,2025-03-23 12:13:00,Running Shoes,1,576.13,633.743,57.613
2512,OLYMPIA,Washington,2997,2025-03-20 14:30:00,Running Shoes,1,548.73,603.603,54.873
2550,POCATELLO,Idaho,772,2025-03-20 14:55:00,Running Shoes,1,517.13,568.843,51.713
1956,AMARILLO,Texas,2043,2025-03-19 21:47:00,Running Shoes,1,517.13,568.843,51.713
2782,BRADENTON,Florida,340,2025-03-20 17:48:00,Sandals,1,477.13,524.843,47.713
4258,KANSAS CITY,Missouri,6287,2025-03-22 08:53:00,Sandals,1,497.13,546.843,49.713
4205,OKLAHOMA CITY,Oklahoma,5607,2025-03-22 08:14:00,Sandals,1,683.13,751.443,68.313
7161,CINCINNATI,Ohio,233,2025-03-24 18:32:00,Sandals,1,605.13,665.643,60.513
2967,PITTSBURGH,Pennsylvania,2965,2025-03-20 20:18:00,Sandals,1,688.13,756.943,68.813
1526,MURFREESBORO,Tennessee,2699,2025-03-19 15:34:00,Sandals,1,615.13,676.643,61.513
3076,BIRMINGHAM,Alabama,2207,2025-03-20 21:43:00,Sandals,1,688.73,757.603,68.873
5926,LOS ANGELES,California,945,2025-03-23 18:18:00,Sandals,1,571.13,628.243,57.113
2338,PHOENIX,Arizona,4104,2025-03-20 12:01:00,Sandals,1,517.13,568.843,51.713
6594,NEWARK,Delaware,3592,2025-03-24 11:15:00,Sandals,1,477.13,524.843,47.713
4751,CHICAGO,Illinois,86,2025-03-22 14:49:00,Sandals,1,497.13,546.843,49.713
1460,SHAWNEE MISSION,Kansas,4802,2025-03-19 14:45:00,Sandals,1,593.13,652.443,59.313
6664,DALLAS,Texas,1207,2025-03-24 11:55:00,Sandals,1,615.13,676.643,61.513
5235,BALTIMORE,Maryland,4802,2025-03-22 22:29:00,Sandals,1,501.53,551.683,50.153
4174,CHICAGO,Illinois,6130,2025-03-22 06:36:00,Sandals,1,517.13,568.843,51.713
4896,VIENNA,Virginia,4671,2025-03-22 16:56:00,Sandals,1,497.13,546.843,49.713
4321,DALLAS,Texas,2853,2025-03-22 09:41:00,Sandals,1,563.93,620.323,56.393
1478,WASHINGTON,District of Columbia,36,2025-03-19 14:57:00,Sandals,1,555.13,610.643,55.513
1860,WASHINGTON,District of Columbia,2880,2025-03-19 19:41:00,Sandals,1,477.13,524.843,47.713
1246,LAS CRUCES,New Mexico,6141,2025-03-19 12:00:00,Sandals,1,555.13,610.643,55.513
3638,PORTSMOUTH,New Hampshire,3414,2025-03-21 15:01:00,Sandals,1,535.13,588.643,53.513
1986,COLORADO SPRINGS,Colorado,5732,2025-03-19 22:20:00,Running Shoes,1,537.13,590.843,53.713
5241,NORFOLK,Virginia,449,2025-03-22 22:40:00,Running Shoes,1,493.53,542.883,49.353
191,LEXINGTON,Kentucky,3532,2025-03-18 10:40:00,Running Shoes,1,537.13,590.843,53.713
6490,HOUSTON,Texas,6187,2025-03-24 10:10:00,Running Shoes,1,517.53,569.283,51.753
1580,ALEXANDRIA,Virginia,2354,2025-03-19 16:14:00,Running Shoes,1,527.13,579.843,52.713
3262,NEW YORK CITY,New York,6339,2025-03-21 09:04:00,Running Shoes,1,555.13,610.643,55.513
6584,GADSDEN,Alabama,1106,2025-03-24 11:10:00,Cycling Shoes,1,537.13,590.843,53.713
5462,KANSAS CITY,Missouri,2041,2025-03-23 10:36:00,Cycling Shoes,1,595.93,655.523,59.593
4242,SAN ANTONIO,Texas,522,2025-03-22 08:41:00,Cycling Shoes,1,537.13,590.843,53.713
3580,ROANOKE,Virginia,5525,2025-03-21 14:00:00,Cycling Shoes,1,527.13,579.843,52.713
7361,JACKSONVILLE,Florida,2387,2025-03-24 22:10:00,Cycling Shoes,1,497.13,546.843,49.713
5111,NEW YORK CITY,New York,6382,2025-03-22 20:13:00,Cycling Shoes,1,485.53,534.083,48.553
6917,HOUSTON,Texas,165,2025-03-24 14:54:00,Cycling Shoes,1,497.13,546.843,49.713
877,ORLANDO,Florida,4953,2025-03-18 21:50:00,Cycling Shoes,1,537.13,590.843,53.713
3489,TEMPLE,Texas,557,2025-03-21 12:40:00,Cycling Shoes,1,723.13,795.443,72.313
2009,LAS VEGAS,Nevada,2531,2025-03-19 23:10:00,Cycling Shoes,1,666.33,732.963,66.633
4164,SACRAMENTO,California,5927,2025-03-22 03:48:00,Cycling Shoes,1,595.93,655.523,59.593
6150,SHAWNEE MISSION,Kansas,2723,2025-03-23 21:59:00,Cycling Shoes,1,485.53,534.083,48.553
1626,CHARLESTON,West Virginia,2561,2025-03-19 16:43:00,Cycling Shoes,1,537.13,590.843,53.713
4694,AUSTIN,Texas,1573,2025-03-22 13:57:00,Cycling Shoes,1,625.13,687.643,62.513
4893,TUCSON,Arizona,4200,2025-03-22 16:51:00,Cycling Shoes,1,527.13,579.843,52.713
2358,GREENSBORO,North Carolina,5619,2025-03-20 12:19:00,Cycling Shoes,1,497.13,546.843,49.713
3062,SPRINGFIELD,Illinois,2088,2025-03-20 21:33:00,Cycling Shoes,1,497.13,546.843,49.713
3055,SAN RAFAEL,California,3585,2025-03-20 21:27:00,Cycling Shoes,1,485.53,534.083,48.553
6734,GREENSBORO,North Carolina,587,2025-03-24 12:42:00,Cycling Shoes,1,563.93,620.323,56.393
2984,LOS ANGELES,California,219,2025-03-20 20:33:00,Cycling Shoes,1,571.13,628.243,57.113
3593,ANNAPOLIS,Maryland,3719,2025-03-21 14:11:00,Cycling Shoes,1,493.53,542.883,49.353
4784,MADISON,Wisconsin,1772,2025-03-22 15:18:00,Cycling Shoes,1,579.93,637.923,57.993
6461,ROCHESTER,New York,6437,2025-03-24 09:51:00,Cycling Shoes,1,509.53,560.483,50.953
6706,OLYMPIA,Washington,2570,2025-03-24 12:21:00,Cycling Shoes,1,509.53,560.483,50.953
6059,BROOKLYN,New York,4734,2025-03-23 20:50:00,Cycling Shoes,1,537.13,590.843,53.713
230,FREDERICKSBURG,Virginia,1902,2025-03-18 11:08:00,Cycling Shoes,1,537.13,590.843,53.713
6810,VALLEY FORGE,Pennsylvania,5037,2025-03-24 13:39:00,Cycling Shoes,1,517.53,569.283,51.753
4339,BATON ROUGE,Louisiana,4561,2025-03-22 09:49:00,Cycling Shoes,1,497.13,546.843,49.713
142,GREENSBORO,North Carolina,3016,2025-03-18 10:06:00,Cycling Shoes,1,537.13,590.843,53.713
2013,LOS ANGELES,California,331,2025-03-19 23:20:00,Cycling Shoes,1,517.53,569.283,51.753
2718,JACKSONVILLE,Florida,4577,2025-03-20 17:09:00,Cycling Shoes,1,517.53,569.283,51.753
6137,LIMA,Ohio,2523,2025-03-23 21:48:00,Cycling Shoes,1,517.53,569.283,51.753
777,LOS ANGELES,California,5880,2025-03-18 19:46:00,Cycling Shoes,1,595.93,655.523,59.593
7249,ANAHEIM,California,874,2025-03-24 19:58:00,Cycling Shoes,1,517.53,569.283,51.753
6749,VIENNA,Virginia,6339,2025-03-24 12:52:00,Cycling Shoes,1,635.13,698.643,63.513
1911,BROOKLYN,New York,6011,2025-03-19 20:41:00,Cycling Shoes,1,497.13,546.843,49.713
6822,LONG BEACH,California,3230,2025-03-24 13:48:00,Cycling Shoes,1,485.53,534.083,48.553
1205,SPOKANE,Washington,5971,2025-03-19 11:33:00,Cycling Shoes,1,571.93,629.123,57.193
7136,HELENA,Montana,5150,2025-03-24 18:08:00,Cycling Shoes,1,537.13,590.843,53.713
7270,HARTFORD,Connecticut,1451,2025-03-24 20:16:00,Cycling Shoes,1,665.13,731.643,66.513
5940,WEST PALM BEACH,Florida,2571,2025-03-23 18:34:00,Cycling Shoes,1,517.53,569.283,51.753
4266,NEW YORK CITY,New York,1858,2025-03-22 08:59:00,Cycling Shoes,1,537.13,590.843,53.713
2997,GAINESVILLE,Florida,1642,2025-03-20 20:40:00,Cycling Shoes,1,517.53,569.283,51.753
5466,AKRON,Ohio,3409,2025-03-23 10:44:00,Cycling Shoes,1,635.13,698.643,63.513
5941,LIMA,Ohio,3946,2025-03-23 18:36:00,Cycling Shoes,1,579.93,637.923,57.993
5775,MINNEAPOLIS,Minnesota,2448,2025-03-23 15:47:00,Cycling Shoes,1,517.53,569.283,51.753
7194,HUNTINGTON BEACH,California,4792,2025-03-24 19:06:00,Cycling Shoes,1,959.13,1055.043,95.913
3128,DALLAS,Texas,2067,2025-03-20 22:49:00,Cycling Shoes,1,763.13,839.443,76.313
3352,LOUISVILLE,Kentucky,3975,2025-03-21 10:43:00,Cycling Shoes,1,537.13,590.843,53.713
2595,ANNISTON,Alabama,4721,2025-03-20 15:23:00,Cycling Shoes,1,517.53,569.283,51.753
4899,PORTLAND,Oregon,5724,2025-03-22 16:57:00,Cycling Shoes,1,485.53,534.083,48.553
4905,WASHINGTON,District of Columbia,3920,2025-03-22 16:59:00,Cycling Shoes,1,497.13,546.843,49.713
114,FALLS CHURCH,Virginia,6110,2025-03-18 09:30:00,Cycling Shoes,1,537.13,590.843,53.713
2262,OMAHA,Nebraska,5683,2025-03-20 11:15:00,Cycling Shoes,1,587.93,646.723,58.793
7183,PORTLAND,Oregon,681,2025-03-24 18:59:00,Cycling Shoes,1,577.13,634.843,57.713
5604,DES MOINES,Iowa,999,2025-03-23 13:03:00,Cycling Shoes,1,517.53,569.283,51.753
7257,JAMAICA,New York,6340,2025-03-24 20:06:00,Cycling Shoes,1,537.13,590.843,53.713
4861,MAPLE PLAIN,Minnesota,201,2025-03-22 16:25:00,Cycling Shoes,1,635.13,698.643,63.513
5978,ERIE,Pennsylvania,4618,2025-03-23 19:19:00,Cycling Shoes,1,517.53,569.283,51.753
6778,SANTA CLARA,California,4175,2025-03-24 13:14:00,Cycling Shoes,1,517.53,569.283,51.753
5202,DES MOINES,Iowa,2224,2025-03-22 21:44:00,Cycling Shoes,1,555.13,610.643,55.513
6469,RICHMOND,Virginia,597,2025-03-24 09:56:00,Cycling Shoes,1,497.13,546.843,49.713
203,LUBBOCK,Texas,479,2025-03-18 10:47:00,Cycling Shoes,1,625.13,687.643,62.513
444,SOUTH LAKE TAHOE,California,4803,2025-03-18 13:54:00,Cycling Shoes,1,605.13,665.643,60.513
4523,HARRISBURG,Pennsylvania,387,2025-03-22 11:46:00,Cycling Shoes,1,575.13,632.643,57.513
5037,STOCKTON,California,3685,2025-03-22 19:13:00,Cycling Shoes,1,595.13,654.643,59.513
1636,NEW YORK CITY,New York,25,2025-03-19 16:47:00,Cycling Shoes,1,618.33,680.163,61.833
1739,NEWARK,New Jersey,2445,2025-03-19 18:10:00,Cycling Shoes,1,642.33,706.563,64.233
2032,ROANOKE,Virginia,4966,2025-03-19 23:51:00,Cycling Shoes,1,664.73,731.203,66.473
2570,COLORADO SPRINGS,Colorado,3441,2025-03-20 15:09:00,Cycling Shoes,1,555.13,610.643,55.513
559,PENSACOLA,Florida,5223,2025-03-18 15:35:00,Cycling Shoes,1,674.33,741.763,67.433
1834,GAITHERSBURG,Maryland,2661,2025-03-19 19:21:00,Cycling Shoes,1,674.33,741.763,67.433
1432,TOLEDO,Ohio,3522,2025-03-19 14:12:00,Cycling Shoes,1,861.13,947.243,86.113
3850,HOUSTON,Texas,4096,2025-03-21 18:26:00,Cycling Shoes,1,517.53,569.283,51.753
7338,LONG BEACH,California,6492,2025-03-24 21:35:00,Cycling Shoes,1,537.13,590.843,53.713
3237,ALBUQUERQUE,New Mexico,129,2025-03-21 08:12:00,Cycling Shoes,1,537.13,590.843,53.713
3101,SALT LAKE CITY,Utah,2295,2025-03-20 22:13:00,Cycling Shoes,1,689.03,757.933,68.903
767,PHOENIX,Arizona,3400,2025-03-18 19:37:00,Cycling Shoes,1,527.13,579.843,52.713
2809,WASHINGTON,District of Columbia,4377,2025-03-20 18:07:00,Cycling Shoes,1,497.13,546.843,49.713
4374,DULUTH,Georgia,5875,2025-03-22 10:12:00,Cycling Shoes,1,659.63,725.593,65.963
1399,DALLAS,Texas,1935,2025-03-19 13:42:00,Cycling Shoes,1,517.53,569.283,51.753
1591,BROCKTON,Massachusetts,4719,2025-03-19 16:22:00,Cycling Shoes,1,537.13,590.843,53.713
1751,MONTGOMERY,Alabama,3790,2025-03-19 18:24:00,Cycling Shoes,1,713.13,784.443,71.313
2690,OMAHA,Nebraska,3720,2025-03-20 16:43:00,Cycling Shoes,1,537.13,590.843,53.713
2787,CHICAGO,Illinois,2586,2025-03-20 17:52:00,Cycling Shoes,1,517.53,569.283,51.753
3108,ARLINGTON,Virginia,3549,2025-03-20 22:20:00,Cycling Shoes,1,563.93,620.323,56.393
3699,TUCSON,Arizona,5060,2025-03-21 15:56:00,Cycling Shoes,1,497.13,546.843,49.713
4453,YOUNG AMERICA,Minnesota,2397,2025-03-22 11:02:00,Cycling Shoes,1,517.13,568.843,51.713
5776,FLUSHING,New York,2159,2025-03-23 15:52:00,Cycling Shoes,1,625.13,687.643,62.513
6508,LITTLE ROCK,Arkansas,5605,2025-03-24 10:18:00,Cycling Shoes,1,509.53,560.483,50.953
4517,NORTH PORT,Florida,1874,2025-03-22 11:43:00,Cycling Shoes,1,595.13,654.643,59.513
1401,LOUISVILLE,Kentucky,4592,2025-03-19 13:45:00,Cycling Shoes,1,579.93,637.923,57.993
4241,SAN BERNARDINO,California,5386,2025-03-22 08:40:00,Cycling Shoes,1,509.53,560.483,50.953
2323,NASHVILLE,Tennessee,3496,2025-03-20 11:48:00,Cycling Shoes,1,746.63,821.293,74.663
6111,MEMPHIS,Tennessee,530,2025-03-23 21:26:00,Cycling Shoes,1,537.13,590.843,53.713
1761,STOCKTON,California,1688,2025-03-19 18:31:00,Cycling Shoes,1,733.13,806.443,73.313
4441,LITTLE ROCK,Arkansas,3370,2025-03-22 10:54:00,Cycling Shoes,1,537.13,590.843,53.713
5805,SHAWNEE MISSION,Kansas,210,2025-03-23 16:15:00,Cycling Shoes,1,537.13,590.843,53.713
1106,TOLEDO,Ohio,449,2025-03-19 10:15:00,Cycling Shoes,1,497.13,546.843,49.713
1119,SPRINGFIELD,Illinois,5098,2025-03-19 10:26:00,Cycling Shoes,1,497.13,546.843,49.713
1927,TUCSON,Arizona,2110,2025-03-19 21:03:00,Cycling Shoes,1,635.13,698.643,63.513
1110,FORT WORTH,Texas,4778,2025-03-19 10:18:00,Cycling Shoes,1,587.93,646.723,58.793
2414,MONROE,Louisiana,765,2025-03-20 13:08:00,Cycling Shoes,1,537.13,590.843,53.713
3217,DES MOINES,Iowa,421,2025-03-21 06:53:00,Cycling Shoes,1,537.13,590.843,53.713
1284,TACOMA,Washington,3389,2025-03-19 12:25:00,Cycling Shoes,1,595.93,655.523,59.593
6130,SAN ANTONIO,Texas,4035,2025-03-23 21:44:00,Cycling Shoes,1,595.93,655.523,59.593
6743,SPARKS,Nevada,3530,2025-03-24 12:49:00,Cycling Shoes,1,674.33,741.763,67.433
4054,TOPEKA,Kansas,5540,2025-03-21 21:56:00,Cycling Shoes,1,605.13,665.643,60.513
3412,ARLINGTON,Virginia,165,2025-03-21 11:29:00,Cycling Shoes,1,587.93,646.723,58.793
2885,COLUMBUS,Ohio,2142,2025-03-20 19:03:00,Cycling Shoes,1,509.53,560.483,50.953
3471,ROCHESTER,New York,3241,2025-03-21 12:26:00,Cycling Shoes,1,501.53,551.683,50.153
4830,COLUMBUS,Ohio,775,2025-03-22 16:00:00,Cycling Shoes,1,507.13,557.843,50.713
5651,WINSTON SALEM,North Carolina,2524,2025-03-23 13:44:00,Cycling Shoes,1,485.53,534.083,48.553
5318,EVANSTON,Illinois,3106,2025-03-23 04:16:00,Cycling Shoes,1,563.93,620.323,56.393
5073,WASHINGTON,District of Columbia,6344,2025-03-22 19:38:00,Cycling Shoes,1,497.13,546.843,49.713
4597,BUFFALO,New York,3545,2025-03-22 12:42:00,Cycling Shoes,1,497.13,546.843,49.713
5080,MONROE,Louisiana,298,2025-03-22 19:43:00,Cycling Shoes,1,555.13,610.643,55.513
6300,NEWPORT BEACH,California,5135,2025-03-24 07:46:00,Cycling Shoes,1,517.53,569.283,51.753
6990,HOUSTON,Texas,3877,2025-03-24 15:56:00,Cycling Shoes,1,497.13,546.843,49.713
5070,PHOENIX,Arizona,5755,2025-03-22 19:36:00,Cycling Shoes,1,733.13,806.443,73.313
6739,DES MOINES,Iowa,6107,2025-03-24 12:46:00,Cycling Shoes,1,517.53,569.283,51.753
5116,JACKSONVILLE,Florida,4585,2025-03-22 20:18:00,Cycling Shoes,1,891.13,980.243,89.113
3651,JACKSONVILLE,Florida,6009,2025-03-21 15:12:00,Cycling Shoes,1,635.13,698.643,63.513
5178,RALEIGH,North Carolina,2154,2025-03-22 21:17:00,Cycling Shoes,1,537.13,590.843,53.713
6520,TUCSON,Arizona,3788,2025-03-24 10:28:00,Cycling Shoes,1,625.13,687.643,62.513
7105,FORT MYERS,Florida,5028,2025-03-24 17:39:00,Cycling Shoes,1,537.13,590.843,53.713
2227,BALTIMORE,Maryland,5644,2025-03-20 10:42:00,Cycling Shoes,1,497.13,546.843,49.713
4373,HOUSTON,Texas,919,2025-03-22 10:12:00,Cycling Shoes,1,578.33,636.163,57.833
4941,NASHVILLE,Tennessee,5438,2025-03-22 17:25:00,Cycling Shoes,1,656.73,722.403,65.673
497,ANN ARBOR,Michigan,4114,2025-03-18 14:38:00,Cycling Shoes,1,626.33,688.963,62.633
2097,CHARLOTTE,North Carolina,4330,2025-03-20 08:38:00,Cycling Shoes,1,626.33,688.963,62.633
7364,NEW YORK CITY,New York,3669,2025-03-24 22:12:00,Cycling Shoes,1,917.13,1008.843,91.713
3249,EL PASO,Texas,10,2025-03-21 08:42:00,Cycling Shoes,1,555.13,610.643,55.513
3600,PORTLAND,Oregon,1171,2025-03-21 14:17:00,Cycling Shoes,1,485.53,534.083,48.553
5118,EL PASO,Texas,5448,2025-03-22 20:21:00,Cycling Shoes,1,531.93,585.123,53.193
1499,SACRAMENTO,California,102,2025-03-19 15:08:00,Cycling Shoes,1,537.13,590.843,53.713
1350,POMPANO BEACH,Florida,1300,2025-03-19 13:14:00,Cycling Shoes,1,517.53,569.283,51.753
1710,PHOENIX,Arizona,3878,2025-03-19 17:48:00,Cycling Shoes,1,733.13,806.443,73.313
4721,JAMAICA,New York,2770,2025-03-22 14:19:00,Cycling Shoes,1,625.13,687.643,62.513
7347,LOS ANGELES,California,177,2025-03-24 21:50:00,Cycling Shoes,1,537.13,590.843,53.713
6352,SAN DIEGO,California,3586,2025-03-24 08:40:00,Cycling Shoes,1,555.13,610.643,55.513
6396,COLORADO SPRINGS,Colorado,787,2025-03-24 09:13:00,Cycling Shoes,1,671.13,738.243,67.113
7320,SAINT PAUL,Minnesota,1850,2025-03-24 21:15:00,Cycling Shoes,1,531.93,585.123,53.193
858,ALBANY,Georgia,3759,2025-03-18 21:29:00,Cycling Shoes,1,555.13,610.643,55.513
6833,EVANSVILLE,Indiana,687,2025-03-24 13:54:00,Cycling Shoes,1,497.13,546.843,49.713
2210,COLORADO SPRINGS,Colorado,756,2025-03-20 10:22:00,Cycling Shoes,1,531.93,585.123,53.193
5977,WASHINGTON,District of Columbia,2670,2025-03-23 19:18:00,Cycling Shoes,1,527.13,579.843,52.713
1380,TUCSON,Arizona,1097,2025-03-19 13:34:00,Cycling Shoes,1,563.93,620.323,56.393
6657,NEW ORLEANS,Louisiana,2520,2025-03-24 11:51:00,Cycling Shoes,1,531.93,585.123,53.193
4665,SEATTLE,Washington,2704,2025-03-22 13:33:00,Cycling Shoes,1,497.13,546.843,49.713
3358,FORT WORTH,Texas,3708,2025-03-21 10:45:00,Cycling Shoes,1,648.73,713.603,64.873
6676,PANAMA CITY,Florida,4735,2025-03-24 12:01:00,Cycling Shoes,1,531.93,585.123,53.193
7170,HUNTINGTON,West Virginia,1251,2025-03-24 18:43:00,Cycling Shoes,1,485.53,534.083,48.553
1262,PHOENIX,Arizona,6327,2025-03-19 12:11:00,Cycling Shoes,1,693.13,762.443,69.313
3693,SPOKANE,Washington,3711,2025-03-21 15:52:00,Cycling Shoes,1,555.13,610.643,55.513
3698,SAN MATEO,California,3191,2025-03-21 15:56:00,Cycling Shoes,1,485.53,534.083,48.553
3787,OKLAHOMA CITY,Oklahoma,433,2025-03-21 17:11:00,Cycling Shoes,1,485.53,534.083,48.553
1625,NORWALK,Connecticut,1866,2025-03-19 16:42:00,Cycling Shoes,1,497.13,546.843,49.713
4521,WEST PALM BEACH,Florida,4221,2025-03-22 11:45:00,Cycling Shoes,1,671.13,738.243,67.113
6553,SAINT AUGUSTINE,Florida,4553,2025-03-24 10:45:00,Cycling Shoes,1,497.13,546.843,49.713
2747,BAKERSFIELD,California,1876,2025-03-20 17:24:00,Cycling Shoes,1,485.53,534.083,48.553
1587,OLYMPIA,Washington,5090,2025-03-19 16:20:00,Cycling Shoes,1,625.13,687.643,62.513
4635,JAMAICA,New York,6174,2025-03-22 13:08:00,Cycling Shoes,1,713.13,784.443,71.313
2505,SAINT LOUIS,Missouri,1769,2025-03-20 14:23:00,Cycling Shoes,1,650.33,715.363,65.033
1844,MOUNTAIN VIEW,California,4208,2025-03-19 19:30:00,Cycling Shoes,1,497.13,546.843,49.713
68,TUCSON,Arizona,1862,2025-03-18 08:13:00,Tennis Shoes,1,625.13,687.643,62.513
1815,ORLANDO,Florida,5662,2025-03-19 19:06:00,Tennis Shoes,1,539.93,593.923,53.993
485,BATON ROUGE,Louisiana,2261,2025-03-18 14:26:00,Tennis Shoes,1,507.13,557.843,50.713
152,SALT LAKE CITY,Utah,1114,2025-03-18 10:12:00,Tennis Shoes,1,571.93,629.123,57.193
2783,LOS ANGELES,California,2607,2025-03-20 17:49:00,Tennis Shoes,1,493.53,542.883,49.353
3098,WICHITA FALLS,Texas,2412,2025-03-20 22:09:00,Tennis Shoes,1,509.53,560.483,50.953
2144,HOUSTON,Texas,5502,2025-03-20 09:33:00,Tennis Shoes,1,537.13,590.843,53.713
2878,ATLANTA,Georgia,5300,2025-03-20 18:58:00,Tennis Shoes,1,537.13,590.843,53.713
4396,MINNEAPOLIS,Minnesota,4902,2025-03-22 10:23:00,Tennis Shoes,1,517.13,568.843,51.713
399,LEXINGTON,Kentucky,3716,2025-03-18 13:22:00,Tennis Shoes,1,517.13,568.843,51.713
1790,STAMFORD,Connecticut,3844,2025-03-19 18:49:00,Tennis Shoes,1,585.13,643.643,58.513
7325,HOUSTON,Texas,1306,2025-03-24 21:20:00,Tennis Shoes,1,517.53,569.283,51.753
5400,BOSTON,Massachusetts,5538,2025-03-23 09:31:00,Tennis Shoes,1,527.13,579.843,52.713
2697,LOUISVILLE,Kentucky,615,2025-03-20 16:49:00,Tennis Shoes,1,587.93,646.723,58.793
6230,TRENTON,New Jersey,2847,2025-03-24 00:09:00,Tennis Shoes,1,611.93,673.123,61.193
499,COLLEGE STATION,Texas,3910,2025-03-18 14:39:00,Tennis Shoes,1,527.13,579.843,52.713
3097,ROANOKE,Virginia,3668,2025-03-20 22:06:00,Tennis Shoes,1,587.93,646.723,58.793
3109,BOISE,Idaho,3987,2025-03-20 22:21:00,Tennis Shoes,1,527.13,579.843,52.713
6632,CHICAGO,Illinois,2011,2025-03-24 11:36:00,Tennis Shoes,1,509.53,560.483,50.953
4945,NEW HAVEN,Connecticut,5058,2025-03-22 17:29:00,Tennis Shoes,1,517.53,569.283,51.753
359,ANDERSON,South Carolina,5536,2025-03-18 12:57:00,Tennis Shoes,1,537.13,590.843,53.713
5436,TRENTON,New Jersey,978,2025-03-23 10:03:00,Tennis Shoes,1,537.13,590.843,53.713
1063,SIOUX FALLS,South Dakota,4966,2025-03-19 09:40:00,Tennis Shoes,1,497.13,546.843,49.713
1126,ORLANDO,Florida,883,2025-03-19 10:33:00,Tennis Shoes,1,497.13,546.843,49.713
1398,GRAND RAPIDS,Michigan,6436,2025-03-19 13:42:00,Tennis Shoes,1,555.13,610.643,55.513
1930,SAINT LOUIS,Missouri,3720,2025-03-19 21:10:00,Tennis Shoes,1,497.13,546.843,49.713
4158,OAKLAND,California,6307,2025-03-22 01:53:00,Tennis Shoes,1,497.13,546.843,49.713
4434,WEST HARTFORD,Connecticut,247,2025-03-22 10:48:00,Tennis Shoes,1,497.13,546.843,49.713
3789,EL PASO,Texas,4993,2025-03-21 17:12:00,Tennis Shoes,1,485.53,534.083,48.553
6457,HOUSTON,Texas,2751,2025-03-24 09:49:00,Tennis Shoes,1,485.53,534.083,48.553
5181,COLUMBIA,Missouri,1466,2025-03-22 21:20:00,Tennis Shoes,1,537.13,590.843,53.713
1776,DALLAS,Texas,4712,2025-03-19 18:41:00,Tennis Shoes,1,517.53,569.283,51.753
6929,SPRINGFIELD,Illinois,3552,2025-03-24 15:08:00,Tennis Shoes,1,537.13,590.843,53.713
1320,RICHMOND,Virginia,1516,2025-03-19 12:53:00,Tennis Shoes,1,625.13,687.643,62.513
2548,SAINT CLOUD,Minnesota,2105,2025-03-20 14:54:00,Tennis Shoes,1,537.13,590.843,53.713
5630,DETROIT,Michigan,594,2025-03-23 13:22:00,Tennis Shoes,1,537.13,590.843,53.713
3453,LONG BEACH,California,1302,2025-03-21 12:16:00,Tennis Shoes,1,595.93,655.523,59.593
2607,INGLEWOOD,California,3242,2025-03-20 15:31:00,Tennis Shoes,1,527.13,579.843,52.713
2656,ARLINGTON,Virginia,4380,2025-03-20 16:08:00,Tennis Shoes,1,527.13,579.843,52.713
3033,COLORADO SPRINGS,Colorado,1913,2025-03-20 21:11:00,Tennis Shoes,1,527.13,579.843,52.713
4122,LOUISVILLE,Kentucky,3169,2025-03-21 23:29:00,Tennis Shoes,1,527.13,579.843,52.713
2361,JACKSONVILLE,Florida,2111,2025-03-20 12:20:00,Tennis Shoes,1,509.53,560.483,50.953
4153,CORPUS CHRISTI,Texas,155,2025-03-22 01:08:00,Tennis Shoes,1,666.33,732.963,66.633
4907,DETROIT,Michigan,1559,2025-03-22 17:00:00,Tennis Shoes,1,587.93,646.723,58.793
1647,MAPLE PLAIN,Minnesota,54,2025-03-19 16:53:00,Tennis Shoes,1,635.13,698.643,63.513
2486,NEW BEDFORD,Massachusetts,4905,2025-03-20 14:11:00,Tennis Shoes,1,537.13,590.843,53.713
5391,BATON ROUGE,Louisiana,5498,2025-03-23 09:26:00,Tennis Shoes,1,517.53,569.283,51.753
3810,SPRINGFIELD,Massachusetts,2203,2025-03-21 17:45:00,Tennis Shoes,1,517.13,568.843,51.713
4272,JACKSONVILLE,Florida,3238,2025-03-22 09:02:00,Tennis Shoes,1,527.13,579.843,52.713
3717,SAN ANTONIO,Texas,777,2025-03-21 16:12:00,Tennis Shoes,1,509.53,560.483,50.953
146,PHOENIX,Arizona,6134,2025-03-18 10:09:00,Tennis Shoes,1,509.53,560.483,50.953
2598,MIAMI,Florida,3084,2025-03-20 15:24:00,Tennis Shoes,1,648.73,713.603,64.873
3439,LOS ANGELES,California,1262,2025-03-21 11:59:00,Tennis Shoes,1,579.93,637.923,57.993
2296,BIRMINGHAM,Alabama,3271,2025-03-20 11:34:00,Tennis Shoes,1,517.53,569.283,51.753
185,WASHINGTON,District of Columbia,605,2025-03-18 10:35:00,Tennis Shoes,1,643.13,707.443,64.313
248,LORETTO,Minnesota,3465,2025-03-18 11:21:00,Tennis Shoes,1,555.13,610.643,55.513
6641,LAS VEGAS,Nevada,223,2025-03-24 11:42:00,Tennis Shoes,1,613.13,674.443,61.313
6953,SALT LAKE CITY,Utah,104,2025-03-24 15:25:00,Tennis Shoes,1,517.53,569.283,51.753
2014,BROCKTON,Massachusetts,4473,2025-03-19 23:22:00,Tennis Shoes,1,485.53,534.083,48.553
5249,DAYTONA BEACH,Florida,2891,2025-03-22 22:53:00,Tennis Shoes,1,488.43,537.273,48.843
7210,CLEVELAND,Ohio,224,2025-03-24 19:22:00,Tennis Shoes,1,571.93,629.123,57.193
3455,COLUMBUS,Ohio,1903,2025-03-21 12:17:00,Tennis Shoes,1,531.93,585.123,53.193
5003,FRESNO,California,1923,2025-03-22 18:41:00,Tennis Shoes,1,531.93,585.123,53.193
7300,PEORIA,Illinois,3565,2025-03-24 20:44:00,Tennis Shoes,1,555.13,610.643,55.513
3670,FALLS CHURCH,Virginia,1914,2025-03-21 15:29:00,Tennis Shoes,1,693.13,762.443,69.313
3656,KANSAS CITY,Missouri,4443,2025-03-21 15:18:00,Tennis Shoes,1,537.13,590.843,53.713
6683,PHILADELPHIA,Pennsylvania,2285,2025-03-24 12:06:00,Tennis Shoes,1,497.13,546.843,49.713
1061,BUFFALO,New York,3059,2025-03-19 09:37:00,Tennis Shoes,1,613.13,674.443,61.313
6402,PHILADELPHIA,Pennsylvania,3044,2025-03-24 09:16:00,Tennis Shoes,1,605.13,665.643,60.513
5670,AUSTIN,Texas,1493,2025-03-23 14:01:00,Tennis Shoes,1,493.53,542.883,49.353
448,FORT SMITH,Arkansas,1681,2025-03-18 13:57:00,Tennis Shoes,1,497.13,546.843,49.713
1842,FRESNO,California,704,2025-03-19 19:30:00,Running Shoes,1,497.13,546.843,49.713
5491,LAKE CHARLES,Louisiana,571,2025-03-23 11:19:00,Running Shoes,1,485.53,534.083,48.553
6204,MIAMI,Florida,3684,2025-03-23 23:20:00,Running Shoes,1,485.53,534.083,48.553
1849,SAINT PETERSBURG,Florida,3777,2025-03-19 19:33:00,Running Shoes,1,595.13,654.643,59.513
2685,TOLEDO,Ohio,360,2025-03-20 16:36:00,Running Shoes,1,537.13,590.843,53.713
2969,ASHEVILLE,North Carolina,5002,2025-03-20 20:19:00,Running Shoes,1,537.13,590.843,53.713
6909,NEWARK,New Jersey,5576,2025-03-24 14:46:00,Running Shoes,1,517.53,569.283,51.753
4954,MORENO VALLEY,California,1421,2025-03-22 17:41:00,Running Shoes,1,485.53,534.083,48.553
7050,BALTIMORE,Maryland,3107,2025-03-24 16:43:00,Running Shoes,1,497.13,546.843,49.713
775,MONTGOMERY,Alabama,4084,2025-03-18 19:44:00,Running Shoes,1,537.13,590.843,53.713
3361,STOCKTON,California,3476,2025-03-21 10:47:00,Tennis Shoes,1,666.33,732.963,66.633
4077,SAN JOSE,California,5390,2025-03-21 22:26:00,Tennis Shoes,1,517.53,569.283,51.753
4127,BIRMINGHAM,Alabama,3949,2025-03-21 23:35:00,Tennis Shoes,1,666.33,732.963,66.633
435,DAYTON,Ohio,2035,2025-03-18 13:49:00,Tennis Shoes,1,539.93,593.923,53.993
3678,GREENSBORO,North Carolina,1528,2025-03-21 15:39:00,Tennis Shoes,1,539.93,593.923,53.993
6501,VALLEY FORGE,Pennsylvania,5680,2025-03-24 10:14:00,Tennis Shoes,1,485.53,534.083,48.553
6225,HUNTSVILLE,Alabama,6487,2025-03-23 23:57:00,Tennis Shoes,1,517.53,569.283,51.753
695,ROCHESTER,New York,3067,2025-03-18 17:43:00,Tennis Shoes,1,509.53,560.483,50.953
2872,PHILADELPHIA,Pennsylvania,6397,2025-03-20 18:53:00,Tennis Shoes,1,517.13,568.843,51.713
7373,HARTFORD,Connecticut,3946,2025-03-24 22:23:00,Tennis Shoes,1,517.13,568.843,51.713
1093,FLORENCE,South Carolina,4399,2025-03-19 10:07:00,Tennis Shoes,1,595.93,655.523,59.593
1072,PUEBLO,Colorado,3039,2025-03-19 09:54:00,Tennis Shoes,1,527.13,579.843,52.713
3979,NORCROSS,Georgia,725,2025-03-21 20:27:00,Tennis Shoes,1,537.13,590.843,53.713
6966,FORT WORTH,Texas,731,2025-03-24 15:39:00,Tennis Shoes,1,537.13,590.843,53.713
2682,COLUMBIA,South Carolina,3993,2025-03-20 16:32:00,Tennis Shoes,1,625.13,687.643,62.513
3856,MIAMI,Florida,6234,2025-03-21 18:30:00,Tennis Shoes,1,537.13,590.843,53.713
5555,MADISON,Wisconsin,488,2025-03-23 12:25:00,Tennis Shoes,1,517.53,569.283,51.753
7182,EL PASO,Texas,3650,2025-03-24 18:58:00,Tennis Shoes,1,537.13,590.843,53.713
1312,DALLAS,Texas,2774,2025-03-19 12:43:00,Tennis Shoes,1,497.13,546.843,49.713
6033,SPRINGFIELD,Virginia,279,2025-03-23 20:23:00,Tennis Shoes,1,648.73,713.603,64.873
4637,RIVERSIDE,California,6243,2025-03-22 13:09:00,Tennis Shoes,1,537.13,590.843,53.713
6047,SAINT LOUIS,Missouri,656,2025-03-23 20:40:00,Tennis Shoes,1,537.13,590.843,53.713
6943,BUFFALO,New York,1588,2025-03-24 15:17:00,Tennis Shoes,1,537.13,590.843,53.713
7353,BLOOMINGTON,Illinois,5739,2025-03-24 22:03:00,Tennis Shoes,1,611.93,673.123,61.193
740,SEATTLE,Washington,4085,2025-03-18 19:04:00,Tennis Shoes,1,537.13,590.843,53.713
2354,JAMAICA,New York,1293,2025-03-20 12:16:00,Tennis Shoes,1,635.13,698.643,63.513
4091,TACOMA,Washington,5186,2025-03-21 22:46:00,Tennis Shoes,1,537.13,590.843,53.713
454,MIAMI,Florida,4555,2025-03-18 14:02:00,Tennis Shoes,1,517.53,569.283,51.753
3488,WHITTIER,California,3080,2025-03-21 12:40:00,Tennis Shoes,1,517.53,569.283,51.753
4075,CEDAR RAPIDS,Iowa,2567,2025-03-21 22:25:00,Tennis Shoes,1,595.93,655.523,59.593
384,TACOMA,Washington,2938,2025-03-18 13:13:00,Tennis Shoes,1,831.13,914.243,83.113
5027,BOCA RATON,Florida,2609,2025-03-22 19:03:00,Tennis Shoes,1,601.13,661.243,60.113
5712,WINTER HAVEN,Florida,2407,2025-03-23 14:44:00,Tennis Shoes,1,547.93,602.723,54.793
735,KNOXVILLE,Tennessee,3963,2025-03-18 18:55:00,Tennis Shoes,1,507.13,557.843,50.713
4565,TOPEKA,Kansas,6499,2025-03-22 12:18:00,Tennis Shoes,1,595.13,654.643,59.513
380,MOBILE,Alabama,6112,2025-03-18 13:10:00,Tennis Shoes,1,485.13,533.643,48.513
919,WILKES BARRE,Pennsylvania,5635,2025-03-18 23:05:00,Tennis Shoes,1,507.13,557.843,50.713
6686,TOLEDO,Ohio,5508,2025-03-24 12:08:00,Tennis Shoes,1,493.53,542.883,49.353
3881,SAN FRANCISCO,California,4944,2025-03-21 18:51:00,Tennis Shoes,1,490.13,539.143,49.013
3204,ATLANTA,Georgia,753,2025-03-21 02:37:00,Tennis Shoes,1,507.13,557.843,50.713
5606,HOUSTON,Texas,1802,2025-03-23 13:06:00,Tennis Shoes,1,605.13,665.643,60.513
5467,WASHINGTON,District of Columbia,1197,2025-03-23 10:45:00,Tennis Shoes,1,493.53,542.883,49.353
5561,SEATTLE,Washington,5319,2025-03-23 12:26:00,Tennis Shoes,1,555.93,611.523,55.593
7171,ALBANY,New York,922,2025-03-24 18:43:00,Tennis Shoes,1,493.53,542.883,49.353
4991,ATLANTA,Georgia,5722,2025-03-22 18:28:00,Tennis Shoes,1,485.53,534.083,48.553
5104,MORENO VALLEY,California,4479,2025-03-22 20:05:00,Tennis Shoes,1,485.53,534.083,48.553
5135,CHATTANOOGA,Tennessee,3122,2025-03-22 20:35:00,Tennis Shoes,1,531.93,585.123,53.193
4114,HARTFORD,Connecticut,1006,2025-03-21 23:20:00,Tennis Shoes,1,497.13,546.843,49.713
6925,NEWTON,Massachusetts,6137,2025-03-24 15:05:00,Tennis Shoes,1,485.53,534.083,48.553
7344,MEMPHIS,Tennessee,2972,2025-03-24 21:49:00,Tennis Shoes,1,497.13,546.843,49.713
2790,PHILADELPHIA,Pennsylvania,5741,2025-03-20 17:53:00,Tennis Shoes,1,497.13,546.843,49.713
4607,RALEIGH,North Carolina,4845,2025-03-22 12:49:00,Tennis Shoes,1,531.93,585.123,53.193
2847,EL PASO,Texas,322,2025-03-20 18:38:00,Tennis Shoes,1,497.13,546.843,49.713
4882,TULSA,Oklahoma,1519,2025-03-22 16:42:00,Tennis Shoes,1,485.53,534.083,48.553
4800,LOS ANGELES,California,2525,2025-03-22 15:30:00,Tennis Shoes,1,517.13,568.843,51.713
2634,SANTA CLARA,California,5352,2025-03-20 15:50:00,Tennis Shoes,1,547.93,602.723,54.793
5965,JACKSONVILLE,Florida,2794,2025-03-23 19:06:00,Tennis Shoes,1,517.53,569.283,51.753
95,LONG BEACH,California,4369,2025-03-18 09:06:00,Tennis Shoes,1,497.13,546.843,49.713
2727,ARLINGTON,Virginia,5969,2025-03-20 17:17:00,Tennis Shoes,1,585.13,643.643,58.513
4355,FRESNO,California,4563,2025-03-22 10:01:00,Tennis Shoes,1,537.13,590.843,53.713
4685,DECATUR,Georgia,5177,2025-03-22 13:47:00,Tennis Shoes,1,537.13,590.843,53.713
6614,BILOXI,Mississippi,5037,2025-03-24 11:26:00,Tennis Shoes,1,497.13,546.843,49.713
2374,INDIANAPOLIS,Indiana,5989,2025-03-20 12:30:00,Tennis Shoes,1,809.13,890.043,80.913
3620,LAWRENCEVILLE,Georgia,1199,2025-03-21 14:40:00,Tennis Shoes,1,733.13,806.443,73.313
4467,MADISON,Wisconsin,480,2025-03-22 11:10:00,Tennis Shoes,1,517.53,569.283,51.753
5387,RIDGELY,Maryland,313,2025-03-23 09:22:00,Tennis Shoes,1,497.13,546.843,49.713
624,SCHENECTADY,New York,5307,2025-03-18 16:32:00,Tennis Shoes,1,517.53,569.283,51.753
6409,GALVESTON,Texas,3091,2025-03-24 09:19:00,Tennis Shoes,1,635.13,698.643,63.513
6866,EL PASO,Texas,5155,2025-03-24 14:11:00,Tennis Shoes,1,505.13,555.643,50.513
7241,PASADENA,California,876,2025-03-24 19:44:00,Tennis Shoes,1,527.13,579.843,52.713
5754,ANAHEIM,California,2527,2025-03-23 15:22:00,Tennis Shoes,1,497.13,546.843,49.713
32,SHREVEPORT,Louisiana,6064,2025-03-18 02:55:00,Tennis Shoes,1,565.13,621.643,56.513
260,CHULA VISTA,California,4018,2025-03-18 11:28:00,Tennis Shoes,1,507.13,557.843,50.713
1803,DALLAS,Texas,4809,2025-03-19 18:57:00,Tennis Shoes,1,507.13,557.843,50.713
3845,FORT LAUDERDALE,Florida,3938,2025-03-21 18:25:00,Tennis Shoes,1,493.53,542.883,49.353
3636,CEDAR RAPIDS,Iowa,355,2025-03-21 14:59:00,Tennis Shoes,1,490.13,539.143,49.013
2554,JACKSON,Tennessee,1709,2025-03-20 14:59:00,Tennis Shoes,1,507.13,557.843,50.713
5726,ATLANTA,Georgia,2513,2025-03-23 14:55:00,Tennis Shoes,1,507.13,557.843,50.713
4169,VALLEY FORGE,Pennsylvania,3010,2025-03-22 05:31:00,Tennis Shoes,1,634.33,697.763,63.433
2055,LEXINGTON,Kentucky,6054,2025-03-20 01:23:00,Tennis Shoes,1,509.53,560.483,50.953
5804,DURHAM,North Carolina,4345,2025-03-23 16:12:00,Tennis Shoes,1,537.13,590.843,53.713
4139,SEATTLE,Washington,5433,2025-03-22 00:18:00,Tennis Shoes,1,595.93,655.523,59.593
5920,MODESTO,California,2090,2025-03-23 18:12:00,Tennis Shoes,1,827.13,909.843,82.713
4626,GREENSBORO,North Carolina,6177,2025-03-22 13:02:00,Tennis Shoes,1,517.13,568.843,51.713
5986,SACRAMENTO,California,1496,2025-03-23 19:33:00,Tennis Shoes,1,579.93,637.923,57.993
5799,DALLAS,Texas,5719,2025-03-23 16:07:00,Tennis Shoes,1,625.13,687.643,62.513
6223,NEWTON,Massachusetts,4370,2025-03-23 23:52:00,Tennis Shoes,1,723.13,795.443,72.313
3516,SAVANNAH,Georgia,5165,2025-03-21 13:12:00,Tennis Shoes,1,736.73,810.403,73.673
5740,MARIETTA,Georgia,4284,2025-03-23 15:13:00,Tennis Shoes,1,509.53,560.483,50.953
6040,RENO,Nevada,5245,2025-03-23 20:28:00,Tennis Shoes,1,595.93,655.523,59.593
7326,OKLAHOMA CITY,Oklahoma,3753,2025-03-24 21:21:00,Tennis Shoes,1,595.93,655.523,59.593
6438,PITTSBURGH,Pennsylvania,1092,2025-03-24 09:39:00,Tennis Shoes,1,517.53,569.283,51.753
5248,SACRAMENTO,California,5556,2025-03-22 22:53:00,Tennis Shoes,1,537.13,590.843,53.713
2107,MEMPHIS,Tennessee,2309,2025-03-20 08:53:00,Tennis Shoes,1,595.93,655.523,59.593
6856,DAYTONA BEACH,Florida,5384,2025-03-24 14:04:00,Tennis Shoes,1,615.13,676.643,61.513
61,MILWAUKEE,Wisconsin,5561,2025-03-18 08:01:00,Tennis Shoes,1,509.53,560.483,50.953
2972,AMARILLO,Texas,744,2025-03-20 20:21:00,Tennis Shoes,1,509.53,560.483,50.953
3490,CHARLOTTE,North Carolina,5541,2025-03-21 12:40:00,Tennis Shoes,1,571.93,629.123,57.193
1939,DALLAS,Texas,3991,2025-03-19 21:26:00,Tennis Shoes,1,537.13,590.843,53.713
1853,ALEXANDRIA,Virginia,4103,2025-03-19 19:38:00,Tennis Shoes,1,595.93,655.523,59.593
2879,PASADENA,California,3581,2025-03-20 19:00:00,Tennis Shoes,1,517.53,569.283,51.753
4574,BALTIMORE,Maryland,4220,2025-03-22 12:24:00,Tennis Shoes,1,517.53,569.283,51.753
4731,LAFAYETTE,Indiana,907,2025-03-22 14:26:00,Tennis Shoes,1,831.13,914.243,83.113
7151,BRIDGEPORT,Connecticut,2082,2025-03-24 18:19:00,Tennis Shoes,1,752.73,828.003,75.273
7316,COLUMBUS,Georgia,3134,2025-03-24 21:04:00,Tennis Shoes,1,635.13,698.643,63.513
7340,BREA,California,903,2025-03-24 21:40:00,Tennis Shoes,1,537.13,590.843,53.713
561,JAMAICA,New York,2372,2025-03-18 15:36:00,Tennis Shoes,1,527.13,579.843,52.713
1491,WASHINGTON,District of Columbia,1627,2025-03-19 15:05:00,Tennis Shoes,1,615.13,676.643,61.513
1429,PETALUMA,California,1057,2025-03-19 14:07:00,Tennis Shoes,1,505.13,555.643,50.513
811,SIOUX FALLS,South Dakota,3325,2025-03-18 20:34:00,Tennis Shoes,1,497.13,546.843,49.713
1147,MINNEAPOLIS,Minnesota,5686,2025-03-19 10:50:00,Tennis Shoes,1,555.13,610.643,55.513
2716,YOUNG AMERICA,Minnesota,1615,2025-03-20 17:05:00,Tennis Shoes,1,497.13,546.843,49.713
4806,PHILADELPHIA,Pennsylvania,6409,2025-03-22 15:33:00,Tennis Shoes,1,563.93,620.323,56.393
788,PEORIA,Illinois,6159,2025-03-18 20:04:00,Tennis Shoes,1,635.13,698.643,63.513
3004,WALTHAM,Massachusetts,5410,2025-03-20 20:51:00,Tennis Shoes,1,497.13,546.843,49.713
1550,SAINT PETERSBURG,Florida,160,2025-03-19 15:55:00,Tennis Shoes,1,613.13,674.443,61.313
3921,CLEARWATER,Florida,1827,2025-03-21 19:30:00,Tennis Shoes,1,497.13,546.843,49.713
506,SAN ANTONIO,Texas,2804,2025-03-18 14:43:00,Tennis Shoes,1,517.13,568.843,51.713
3125,SPRINGFIELD,Illinois,1943,2025-03-20 22:45:00,Tennis Shoes,1,517.13,568.843,51.713
31,SAN JOSE,California,753,2025-03-18 02:55:00,Tennis Shoes,1,497.63,547.393,49.763
2749,BUFFALO,New York,4375,2025-03-20 17:26:00,Tennis Shoes,1,507.13,557.843,50.713
2422,ASHEVILLE,North Carolina,4556,2025-03-20 13:14:00,Tennis Shoes,1,571.93,629.123,57.193
1981,FREDERICKSBURG,Virginia,3449,2025-03-19 22:15:00,Tennis Shoes,1,497.13,546.843,49.713
2156,SAN ANTONIO,Texas,2085,2025-03-20 09:41:00,Tennis Shoes,1,595.13,654.643,59.513
2386,EL PASO,Texas,5883,2025-03-20 12:43:00,Tennis Shoes,1,537.13,590.843,53.713
7360,BAKERSFIELD,California,5541,2025-03-24 22:08:00,Tennis Shoes,1,537.13,590.843,53.713
3221,ROCHESTER,New York,1904,2025-03-21 07:24:00,Tennis Shoes,1,586.13,644.743,58.613
4810,LONG BEACH,California,4362,2025-03-22 15:36:00,Tennis Shoes,1,531.93,585.123,53.193
2604,HOUSTON,Texas,2327,2025-03-20 15:29:00,Tennis Shoes,1,485.53,534.083,48.553
4080,HAMPTON,Virginia,1313,2025-03-21 22:30:00,Tennis Shoes,1,485.53,534.083,48.553
5123,ORLANDO,Florida,2803,2025-03-22 20:24:00,Tennis Shoes,1,531.93,585.123,53.193
1265,NEW YORK CITY,New York,1091,2025-03-19 12:13:00,Tennis Shoes,1,537.13,590.843,53.713
1698,ESCONDIDO,California,2444,2025-03-19 17:39:00,Tennis Shoes,1,537.13,590.843,53.713
4335,PENSACOLA,Florida,5876,2025-03-22 09:47:00,Tennis Shoes,1,537.13,590.843,53.713
4369,MINNEAPOLIS,Minnesota,4422,2025-03-22 10:10:00,Tennis Shoes,1,537.13,590.843,53.713
6695,EL PASO,Texas,6499,2025-03-24 12:15:00,Tennis Shoes,1,537.13,590.843,53.713
67,BALTIMORE,Maryland,744,2025-03-18 08:10:00,Tennis Shoes,1,587.93,646.723,58.793
302,MILWAUKEE,Wisconsin,5768,2025-03-18 12:06:00,Tennis Shoes,1,517.53,569.283,51.753
712,SAINT PAUL,Minnesota,1906,2025-03-18 18:05:00,Tennis Shoes,1,517.53,569.283,51.753
1525,MIDLAND,Texas,3027,2025-03-19 15:33:00,Tennis Shoes,1,693.13,762.443,69.313
1727,DALLAS,Texas,3635,2025-03-19 17:59:00,Tennis Shoes,1,527.13,579.843,52.713
2669,JACKSONVILLE,Florida,2290,2025-03-20 16:18:00,Tennis Shoes,1,625.13,687.643,62.513
5722,GRAND RAPIDS,Michigan,6465,2025-03-23 14:50:00,Tennis Shoes,1,527.13,579.843,52.713
750,COLLEGE STATION,Texas,2905,2025-03-18 19:12:00,Tennis Shoes,1,571.93,629.123,57.193
2585,SALEM,Oregon,3065,2025-03-20 15:16:00,Tennis Shoes,1,509.53,560.483,50.953
6189,PEORIA,Illinois,6267,2025-03-23 22:54:00,Tennis Shoes,1,611.93,673.123,61.193
1264,CLEVELAND,Ohio,486,2025-03-19 12:13:00,Tennis Shoes,1,497.13,546.843,49.713
3252,WASHINGTON,District of Columbia,5657,2025-03-21 08:43:00,Tennis Shoes,1,635.13,698.643,63.513
6775,JAMAICA,New York,5717,2025-03-24 13:13:00,Tennis Shoes,1,579.93,637.923,57.993
5856,SARASOTA,Florida,2453,2025-03-23 17:06:00,Tennis Shoes,1,579.93,637.923,57.993
7331,RICHMOND,Virginia,2713,2025-03-24 21:23:00,Tennis Shoes,1,527.13,579.843,52.713
1079,LONDON,Kentucky,4062,2025-03-19 09:59:00,Tennis Shoes,1,537.13,590.843,53.713
1946,AUSTIN,Texas,3260,2025-03-19 21:35:00,Tennis Shoes,1,517.13,568.843,51.713
5377,SAN JOSE,California,551,2025-03-23 09:02:00,Tennis Shoes,1,501.53,551.683,50.153
7323,BRONX,New York,197,2025-03-24 21:19:00,Tennis Shoes,1,501.53,551.683,50.153
979,SHREVEPORT,Louisiana,3058,2025-03-19 06:32:00,Tennis Shoes,1,507.13,557.843,50.713
6355,COLUMBUS,Ohio,4863,2025-03-24 08:42:00,Tennis Shoes,1,493.53,542.883,49.353
542,HATTIESBURG,Mississippi,265,2025-03-18 15:18:00,Tennis Shoes,1,497.13,546.843,49.713
831,VERO BEACH,Florida,5649,2025-03-18 21:01:00,Tennis Shoes,1,497.13,546.843,49.713
3152,HOMESTEAD,Florida,3365,2025-03-20 23:18:00,Tennis Shoes,1,555.13,610.643,55.513
3739,SPOKANE,Washington,3671,2025-03-21 16:30:00,Tennis Shoes,1,497.13,546.843,49.713
6906,MILWAUKEE,Wisconsin,5888,2025-03-24 14:41:00,Tennis Shoes,1,563.93,620.323,56.393
50,CORONA,California,5900,2025-03-18 07:37:00,Tennis Shoes,1,517.13,568.843,51.713
2756,SACRAMENTO,California,1674,2025-03-20 17:31:00,Tennis Shoes,1,539.93,593.923,53.993
4968,DAYTON,Ohio,4550,2025-03-22 18:01:00,Tennis Shoes,1,563.93,620.323,56.393
5358,OKLAHOMA CITY,Oklahoma,4636,2025-03-23 08:29:00,Tennis Shoes,1,517.53,569.283,51.753
263,WICHITA,Kansas,3135,2025-03-18 11:32:00,Tennis Shoes,1,507.13,557.843,50.713
5831,LAFAYETTE,Louisiana,6406,2025-03-23 16:40:00,Tennis Shoes,1,575.13,632.643,57.513
848,ASHBURN,Virginia,2134,2025-03-18 21:13:00,Tennis Shoes,1,537.13,590.843,53.713
4222,CONROE,Texas,5124,2025-03-22 08:27:00,Tennis Shoes,1,497.13,546.843,49.713
3887,SEATTLE,Washington,1477,2025-03-21 18:58:00,Tennis Shoes,1,485.53,534.083,48.553
6795,FORT WAYNE,Indiana,825,2025-03-24 13:26:00,Tennis Shoes,1,497.13,546.843,49.713
5613,CHICAGO,Illinois,171,2025-03-23 13:10:00,Tennis Shoes,1,485.53,534.083,48.553
968,LORETTO,Minnesota,4522,2025-03-19 01:58:00,Tennis Shoes,1,517.13,568.843,51.713
5621,SEATTLE,Washington,316,2025-03-23 13:15:00,Tennis Shoes,1,517.13,568.843,51.713
2871,RENO,Nevada,6022,2025-03-20 18:53:00,Tennis Shoes,1,575.13,632.643,57.513
5183,ALBANY,New York,6437,2025-03-22 21:22:00,Tennis Shoes,1,497.13,546.843,49.713
5644,PENSACOLA,Florida,2346,2025-03-23 13:36:00,Tennis Shoes,1,485.53,534.083,48.553
4403,PALM BAY,Florida,2938,2025-03-22 10:30:00,Tennis Shoes,1,509.53,560.483,50.953
3243,DES MOINES,Iowa,1470,2025-03-21 08:27:00,Tennis Shoes,1,537.13,590.843,53.713
3411,OKLAHOMA CITY,Oklahoma,4327,2025-03-21 11:28:00,Tennis Shoes,1,517.53,569.283,51.753
4679,EVANSVILLE,Indiana,2800,2025-03-22 13:44:00,Tennis Shoes,1,625.13,687.643,62.513
1359,RALEIGH,North Carolina,583,2025-03-19 13:21:00,Tennis Shoes,1,507.13,557.843,50.713
3026,WASHINGTON,District of Columbia,4025,2025-03-20 21:07:00,Tennis Shoes,1,507.13,557.843,50.713
4878,LOS ANGELES,California,2991,2025-03-22 16:42:00,Tennis Shoes,1,605.13,665.643,60.513
5747,TOLEDO,Ohio,3121,2025-03-23 15:19:00,Tennis Shoes,1,507.13,557.843,50.713
15,PEORIA,Illinois,4422,2025-03-18 00:55:00,Tennis Shoes,1,517.13,568.843,51.713
6376,ROCHESTER,New York,2576,2025-03-24 08:59:00,Tennis Shoes,1,517.53,569.283,51.753
711,PORT CHARLOTTE,Florida,1273,2025-03-18 18:04:00,Tennis Shoes,1,537.13,590.843,53.713
4737,MIAMI,Florida,2518,2025-03-22 14:31:00,Tennis Shoes,1,537.13,590.843,53.713
4883,KANSAS CITY,Missouri,1816,2025-03-22 16:43:00,Tennis Shoes,1,501.53,551.683,50.153
2705,PUEBLO,Colorado,6461,2025-03-20 16:54:00,Tennis Shoes,1,527.13,579.843,52.713
1983,HOUSTON,Texas,704,2025-03-19 22:16:00,Tennis Shoes,1,509.53,560.483,50.953
7158,HOT SPRINGS NATIONAL PARK,Arkansas,5815,2025-03-24 18:27:00,Tennis Shoes,1,666.33,732.963,66.633
3553,LEXINGTON,Kentucky,6439,2025-03-21 13:41:00,Tennis Shoes,1,537.13,590.843,53.713
1082,NEW BEDFORD,Massachusetts,4110,2025-03-19 10:01:00,Tennis Shoes,1,733.13,806.443,73.313
5676,HYATTSVILLE,Maryland,3741,2025-03-23 14:07:00,Tennis Shoes,1,744.73,819.203,74.473
684,SALEM,Oregon,2560,2025-03-18 17:30:00,Tennis Shoes,1,497.13,546.843,49.713
732,NEW ORLEANS,Louisiana,801,2025-03-18 18:49:00,Tennis Shoes,1,497.13,546.843,49.713
925,LOUISVILLE,Kentucky,5891,2025-03-18 23:21:00,Tennis Shoes,1,497.13,546.843,49.713
4021,LONG BEACH,California,4009,2025-03-21 21:13:00,Tennis Shoes,1,555.13,610.643,55.513
5018,DALLAS,Texas,3837,2025-03-22 18:54:00,Tennis Shoes,1,497.13,546.843,49.713
3020,DAYTON,Ohio,2322,2025-03-20 21:03:00,Tennis Shoes,1,517.53,569.283,51.753
6960,LOS ANGELES,California,3503,2025-03-24 15:33:00,Tennis Shoes,1,485.53,534.083,48.553
597,TOLEDO,Ohio,4372,2025-03-18 16:13:00,Tennis Shoes,1,605.13,665.643,60.513
920,DES MOINES,Iowa,2970,2025-03-18 23:05:00,Tennis Shoes,1,517.53,569.283,51.753
3330,SAN JOSE,California,2154,2025-03-21 10:27:00,Tennis Shoes,1,537.13,590.843,53.713
3870,MIDLAND,Texas,4302,2025-03-21 18:39:00,Tennis Shoes,1,517.53,569.283,51.753
6287,SAINT AUGUSTINE,Florida,641,2025-03-24 07:22:00,Tennis Shoes,1,635.13,698.643,63.513
2932,WASHINGTON,District of Columbia,4615,2025-03-20 19:37:00,Tennis Shoes,1,527.13,579.843,52.713
5894,SACRAMENTO,California,3496,2025-03-23 17:42:00,Tennis Shoes,1,527.13,579.843,52.713
3247,KANSAS CITY,Missouri,1830,2025-03-21 08:38:00,Tennis Shoes,1,497.13,546.843,49.713
1419,TOPEKA,Kansas,5624,2025-03-19 14:01:00,Tennis Shoes,1,493.53,542.883,49.353
6930,TAMPA,Florida,5745,2025-03-24 15:09:00,Tennis Shoes,1,507.13,557.843,50.713
3795,DECATUR,Georgia,3395,2025-03-21 17:19:00,Tennis Shoes,1,539.93,593.923,53.993
2379,DAVENPORT,Iowa,1753,2025-03-20 12:36:00,Tennis Shoes,1,565.13,621.643,56.513
2450,DES MOINES,Iowa,5935,2025-03-20 13:37:00,Tennis Shoes,1,635.13,698.643,63.513
778,YOUNGSTOWN,Ohio,4547,2025-03-18 19:48:00,Tennis Shoes,1,595.93,655.523,59.593
6703,SAINT PAUL,Minnesota,395,2025-03-24 12:19:00,Tennis Shoes,1,595.13,654.643,59.513
1876,WASHINGTON,District of Columbia,115,2025-03-19 20:04:00,Tennis Shoes,1,531.93,585.123,53.193
3633,SPRINGFIELD,Illinois,212,2025-03-21 14:56:00,Tennis Shoes,1,507.13,557.843,50.713
2704,SAN DIEGO,California,4469,2025-03-20 16:53:00,Tennis Shoes,1,517.53,569.283,51.753
5298,CHARLESTON,West Virginia,1447,2025-03-23 00:36:00,Tennis Shoes,1,497.13,546.843,49.713
3579,BIRMINGHAM,Alabama,6177,2025-03-21 14:00:00,Tennis Shoes,1,517.13,568.843,51.713
7084,SAN RAFAEL,California,6388,2025-03-24 17:11:00,Tennis Shoes,1,861.13,947.243,86.113
2481,EVANSVILLE,Indiana,773,2025-03-20 14:03:00,Tennis Shoes,1,723.13,795.443,72.313
4611,LAS VEGAS,Nevada,3341,2025-03-22 12:52:00,Tennis Shoes,1,537.13,590.843,53.713
5860,FORT PIERCE,Florida,1496,2025-03-23 17:11:00,Tennis Shoes,1,537.13,590.843,53.713
3137,YOUNGSTOWN,Ohio,821,2025-03-20 22:57:00,Tennis Shoes,1,537.13,590.843,53.713
1199,NEW YORK CITY,New York,320,2025-03-19 11:30:00,Tennis Shoes,1,497.13,546.843,49.713
579,ALEXANDRIA,Louisiana,4564,2025-03-18 15:56:00,Tennis Shoes,1,625.13,687.643,62.513
1595,MINNEAPOLIS,Minnesota,6123,2025-03-19 16:23:00,Tennis Shoes,1,527.13,579.843,52.713
1697,BROOKLYN,New York,4227,2025-03-19 17:38:00,Tennis Shoes,1,527.13,579.843,52.713
5683,DAYTON,Ohio,399,2025-03-23 14:16:00,Tennis Shoes,1,527.13,579.843,52.713
6998,TALLAHASSEE,Florida,1211,2025-03-24 16:05:00,Tennis Shoes,1,509.53,560.483,50.953
2890,DES MOINES,Iowa,5276,2025-03-20 19:08:00,Tennis Shoes,1,635.13,698.643,63.513
4781,TUCSON,Arizona,2467,2025-03-22 15:15:00,Tennis Shoes,1,537.13,590.843,53.713
2098,PORT SAINT LUCIE,Florida,38,2025-03-20 08:39:00,Tennis Shoes,1,527.13,579.843,52.713
2440,MIAMI,Florida,2789,2025-03-20 13:30:00,Tennis Shoes,1,625.13,687.643,62.513
2780,DECATUR,Georgia,3531,2025-03-20 17:47:00,Tennis Shoes,1,625.13,687.643,62.513
3736,MURFREESBORO,Tennessee,1858,2025-03-21 16:23:00,Tennis Shoes,1,625.13,687.643,62.513
3831,SAN ANTONIO,Texas,4042,2025-03-21 18:05:00,Tennis Shoes,1,527.13,579.843,52.713
1244,SHAWNEE MISSION,Kansas,164,2025-03-19 11:59:00,Tennis Shoes,1,509.53,560.483,50.953
3120,LAS VEGAS,Nevada,4542,2025-03-20 22:38:00,Tennis Shoes,1,509.53,560.483,50.953
509,CHARLOTTE,North Carolina,4022,2025-03-18 14:46:00,Tennis Shoes,1,537.13,590.843,53.713
2948,SHREVEPORT,Louisiana,2315,2025-03-20 19:56:00,Tennis Shoes,1,537.13,590.843,53.713
5942,PORTLAND,Oregon,4467,2025-03-23 18:38:00,Tennis Shoes,1,537.13,590.843,53.713
1670,LAKEWOOD,Washington,5024,2025-03-19 17:10:00,Tennis Shoes,1,517.53,569.283,51.753
6042,CHICAGO,Illinois,5024,2025-03-23 20:29:00,Tennis Shoes,1,517.53,569.283,51.753
7410,SALINAS,California,4338,2025-03-24 23:21:00,Tennis Shoes,1,537.13,590.843,53.713
6774,AURORA,Illinois,4491,2025-03-24 13:12:00,Tennis Shoes,1,501.53,551.683,50.153
2152,SEATTLE,Washington,2902,2025-03-20 09:37:00,Tennis Shoes,1,497.13,546.843,49.713
2842,ATHENS,Georgia,583,2025-03-20 18:33:00,Tennis Shoes,1,485.53,534.083,48.553
5991,IRVING,Texas,4279,2025-03-23 19:37:00,Tennis Shoes,1,531.93,585.123,53.193
340,CLEARWATER,Florida,5877,2025-03-18 12:38:00,Tennis Shoes,1,531.93,585.123,53.193
3420,CHESAPEAKE,Virginia,5045,2025-03-21 11:37:00,Tennis Shoes,1,497.13,546.843,49.713
1235,INDIANAPOLIS,Indiana,1351,2025-03-19 11:51:00,Tennis Shoes,1,537.13,590.843,53.713
631,CHARLESTON,West Virginia,5063,2025-03-18 16:35:00,Tennis Shoes,1,497.13,546.843,49.713
5661,JACKSON,Mississippi,3460,2025-03-23 13:51:00,Tennis Shoes,1,555.13,610.643,55.513
4044,SAN BERNARDINO,California,3459,2025-03-21 21:46:00,Tennis Shoes,1,497.13,546.843,49.713
5845,TUCSON,Arizona,112,2025-03-23 16:56:00,Walking Shoes,1,613.13,674.443,61.313
1792,BUFFALO,New York,3931,2025-03-19 18:51:00,Walking Shoes,1,509.53,560.483,50.953
4495,SPOKANE,Washington,420,2025-03-22 11:29:00,Walking Shoes,1,537.13,590.843,53.713
3378,WASHINGTON,District of Columbia,5321,2025-03-21 11:02:00,Walking Shoes,1,595.93,655.523,59.593
6168,LAS VEGAS,Nevada,6227,2025-03-23 22:21:00,Walking Shoes,1,626.33,688.963,62.633
3377,AUSTIN,Texas,5212,2025-03-21 11:01:00,Walking Shoes,1,537.13,590.843,53.713
3901,PASADENA,California,959,2025-03-21 19:08:00,Walking Shoes,1,595.93,655.523,59.593
6180,PUEBLO,Colorado,2869,2025-03-23 22:42:00,Walking Shoes,1,527.13,579.843,52.713
1245,BOSTON,Massachusetts,4522,2025-03-19 12:00:00,Walking Shoes,1,517.53,569.283,51.753
1335,SHAWNEE MISSION,Kansas,2345,2025-03-19 13:01:00,Walking Shoes,1,517.53,569.283,51.753
2456,DULUTH,Georgia,3596,2025-03-20 13:46:00,Walking Shoes,1,527.13,579.843,52.713
5045,CHICAGO,Illinois,1282,2025-03-22 19:20:00,Walking Shoes,1,485.53,534.083,48.553
2043,KANSAS CITY,Kansas,1736,2025-03-20 00:38:00,Walking Shoes,1,517.53,569.283,51.753
4539,SALEM,Oregon,2550,2025-03-22 11:59:00,Walking Shoes,1,527.13,579.843,52.713
5617,FORT WORTH,Texas,4220,2025-03-23 13:13:00,Walking Shoes,1,563.93,620.323,56.393
922,DETROIT,Michigan,5651,2025-03-18 23:13:00,Walking Shoes,1,537.13,590.843,53.713
3265,LOS ANGELES,California,4495,2025-03-21 09:08:00,Walking Shoes,1,517.53,569.283,51.753
3965,SAINT PETERSBURG,Florida,6033,2025-03-21 20:10:00,Walking Shoes,1,517.53,569.283,51.753
2040,DAYTON,Ohio,6155,2025-03-20 00:18:00,Walking Shoes,1,497.13,546.843,49.713
6773,RIVERSIDE,California,5519,2025-03-24 13:12:00,Walking Shoes,1,957.13,1052.843,95.713
2410,TULSA,Oklahoma,1163,2025-03-20 13:03:00,Walking Shoes,1,485.53,534.083,48.553
7227,FORT LAUDERDALE,Florida,5666,2025-03-24 19:33:00,Walking Shoes,1,497.13,546.843,49.713
4890,CLEARWATER,Florida,1922,2025-03-22 16:50:00,Walking Shoes,1,509.53,560.483,50.953
5945,NEW HAVEN,Connecticut,2409,2025-03-23 18:39:00,Walking Shoes,1,509.53,560.483,50.953
6071,LITTLETON,Colorado,5335,2025-03-23 20:55:00,Walking Shoes,1,565.13,621.643,56.513
6239,SAINT LOUIS,Missouri,808,2025-03-24 00:40:00,Walking Shoes,1,585.13,643.643,58.513
844,SAN JOSE,California,3096,2025-03-18 21:09:00,Walking Shoes,1,485.53,534.083,48.553
14,SEATTLE,Washington,5669,2025-03-18 00:52:00,Walking Shoes,1,527.13,579.843,52.713
923,COLUMBIA,South Carolina,456,2025-03-18 23:18:00,Walking Shoes,1,509.53,560.483,50.953
5635,IRVINE,California,1325,2025-03-23 13:26:00,Walking Shoes,1,527.13,579.843,52.713
5675,GREEN BAY,Wisconsin,5972,2025-03-23 14:06:00,Walking Shoes,1,517.53,569.283,51.753
3840,CHARLOTTESVILLE,Virginia,1186,2025-03-21 18:19:00,Walking Shoes,1,537.13,590.843,53.713
5847,DALLAS,Texas,4860,2025-03-23 16:58:00,Walking Shoes,1,517.53,569.283,51.753
7078,GADSDEN,Alabama,5532,2025-03-24 17:08:00,Walking Shoes,1,517.53,569.283,51.753
3314,LUBBOCK,Texas,3019,2025-03-21 10:08:00,Walking Shoes,1,517.53,569.283,51.753
4519,EL PASO,Texas,3566,2025-03-22 11:44:00,Walking Shoes,1,625.13,687.643,62.513
5669,PORTLAND,Oregon,4966,2025-03-23 14:00:00,Walking Shoes,1,563.93,620.323,56.393
4480,DES MOINES,Iowa,2177,2025-03-22 11:19:00,Walking Shoes,1,595.13,654.643,59.513
2868,FORT LAUDERDALE,Florida,2067,2025-03-20 18:50:00,Walking Shoes,1,537.13,590.843,53.713
3231,BOZEMAN,Montana,2417,2025-03-21 07:52:00,Walking Shoes,1,517.53,569.283,51.753
4497,LAS VEGAS,Nevada,1994,2025-03-22 11:30:00,Walking Shoes,1,987.13,1085.843,98.713
4233,SAINT PAUL,Minnesota,6350,2025-03-22 08:35:00,Walking Shoes,1,527.13,579.843,52.713
5949,WICHITA FALLS,Texas,2092,2025-03-23 18:47:00,Walking Shoes,1,563.93,620.323,56.393
932,BALTIMORE,Maryland,954,2025-03-18 23:28:00,Walking Shoes,1,497.13,546.843,49.713
1545,PLANO,Texas,4563,2025-03-19 15:53:00,Walking Shoes,1,485.53,534.083,48.553
1630,CLEVELAND,Ohio,1754,2025-03-19 16:44:00,Walking Shoes,1,565.13,621.643,56.513
3158,TUCSON,Arizona,2785,2025-03-20 23:33:00,Walking Shoes,1,531.93,585.123,53.193
6085,PHOENIX,Arizona,3248,2025-03-23 21:07:00,Running Shoes,1,555.13,610.643,55.513
3042,FORT WORTH,Texas,1823,2025-03-20 21:15:00,Running Shoes,1,517.13,568.843,51.713
4301,HUNTINGTON,West Virginia,199,2025-03-22 09:29:00,Running Shoes,1,674.33,741.763,67.433
759,TOLEDO,Ohio,2,2025-03-18 19:21:00,Running Shoes,1,595.93,655.523,59.593
7403,PATERSON,New Jersey,2636,2025-03-24 23:14:00,Running Shoes,1,733.13,806.443,73.313
1104,SAN BERNARDINO,California,1489,2025-03-19 10:14:00,Running Shoes,1,527.13,579.843,52.713
7394,OLYMPIA,Washington,2265,2025-03-24 22:56:00,Running Shoes,1,517.53,569.283,51.753
4284,PENSACOLA,Florida,4350,2025-03-22 09:17:00,Running Shoes,1,527.13,579.843,52.713
1959,LAS VEGAS,Nevada,3760,2025-03-19 21:53:00,Running Shoes,1,537.13,590.843,53.713
5209,BATON ROUGE,Louisiana,4835,2025-03-22 21:53:00,Running Shoes,1,517.53,569.283,51.753
5601,JAMAICA,New York,1814,2025-03-23 13:01:00,Running Shoes,1,587.93,646.723,58.793
6577,ARLINGTON,Virginia,5783,2025-03-24 11:04:00,Running Shoes,1,659.63,725.593,65.963
1149,CLEVELAND,Ohio,6350,2025-03-19 10:52:00,Running Shoes,1,537.13,590.843,53.713
1003,BATON ROUGE,Louisiana,1315,2025-03-19 08:19:00,Running Shoes,1,753.13,828.443,75.313
4438,MACON,Georgia,2948,2025-03-22 10:53:00,Running Shoes,1,527.13,579.843,52.713
2708,SAN ANTONIO,Texas,3407,2025-03-20 16:56:00,Running Shoes,1,587.93,646.723,58.793
6932,TOLEDO,Ohio,2529,2025-03-24 15:11:00,Running Shoes,1,537.13,590.843,53.713
6525,PHOENIX,Arizona,649,2025-03-24 10:30:00,Running Shoes,1,527.13,579.843,52.713
4656,FORT WAYNE,Indiana,308,2025-03-22 13:26:00,Running Shoes,1,517.13,568.843,51.713
4866,KNOXVILLE,Tennessee,5951,2025-03-22 16:33:00,Running Shoes,1,501.53,551.683,50.153
7109,DALLAS,Texas,4930,2025-03-24 17:47:00,Running Shoes,1,615.13,676.643,61.513
1893,WASHINGTON,District of Columbia,15,2025-03-19 20:22:00,Running Shoes,1,493.53,542.883,49.353
5533,VERO BEACH,Florida,6019,2025-03-23 12:08:00,Running Shoes,1,507.13,557.843,50.713
427,MOBILE,Alabama,4518,2025-03-18 13:42:00,Running Shoes,1,485.53,534.083,48.553
3064,FORT WAYNE,Indiana,1447,2025-03-20 21:33:00,Running Shoes,1,595.13,654.643,59.513
1374,PALO ALTO,California,1189,2025-03-19 13:32:00,Running Shoes,1,497.13,546.843,49.713
1090,PASADENA,California,1837,2025-03-19 10:05:00,Running Shoes,1,497.13,546.843,49.713
5136,COLORADO SPRINGS,Colorado,5481,2025-03-22 20:35:00,Running Shoes,1,527.13,579.843,52.713
5816,YAKIMA,Washington,5174,2025-03-23 16:22:00,Running Shoes,1,517.53,569.283,51.753
2575,NORTH PORT,Florida,2364,2025-03-20 15:11:00,Running Shoes,1,497.13,546.843,49.713
5558,MIAMI,Florida,961,2025-03-23 12:25:00,Running Shoes,1,497.13,546.843,49.713
2576,EL PASO,Texas,830,2025-03-20 15:11:00,Running Shoes,1,485.53,534.083,48.553
6233,PORTLAND,Oregon,4458,2025-03-24 00:17:00,Running Shoes,1,585.13,643.643,58.513
6380,SAN ANTONIO,Texas,5461,2025-03-24 09:02:00,Running Shoes,1,509.53,560.483,50.953
6596,COLUMBUS,Ohio,1064,2025-03-24 11:15:00,Running Shoes,1,587.93,646.723,58.793
799,DES MOINES,Iowa,3817,2025-03-18 20:18:00,Running Shoes,1,517.53,569.283,51.753
7166,ORLANDO,Florida,2757,2025-03-24 18:38:00,Running Shoes,1,579.93,637.923,57.993
1197,TUCSON,Arizona,3527,2025-03-19 11:30:00,Running Shoes,1,497.13,546.843,49.713
1013,SYRACUSE,New York,4981,2025-03-19 08:41:00,Running Shoes,1,635.13,698.643,63.513
3927,WASHINGTON,District of Columbia,2300,2025-03-21 19:34:00,Running Shoes,1,527.13,579.843,52.713
2942,MURFREESBORO,Tennessee,261,2025-03-20 19:48:00,Running Shoes,1,537.13,590.843,53.713
6489,VALDOSTA,Georgia,2060,2025-03-24 10:10:00,Running Shoes,1,537.13,590.843,53.713
906,NEW YORK CITY,New York,5149,2025-03-18 22:47:00,Running Shoes,1,493.53,542.883,49.353
3000,DALLAS,Texas,5805,2025-03-20 20:44:00,Running Shoes,1,497.13,546.843,49.713
1509,PORTSMOUTH,New Hampshire,1259,2025-03-19 15:17:00,Running Shoes,1,683.13,751.443,68.313
2078,MOBILE,Alabama,5090,2025-03-20 08:18:00,Running Shoes,1,497.13,546.843,49.713
1734,BOULDER,Colorado,2657,2025-03-19 18:07:00,Running Shoes,1,595.93,655.523,59.593
4524,WICHITA FALLS,Texas,5621,2025-03-22 11:47:00,Running Shoes,1,485.53,534.083,48.553
4546,TRENTON,New Jersey,6455,2025-03-22 12:02:00,Running Shoes,1,485.53,534.083,48.553
4931,TULSA,Oklahoma,3507,2025-03-22 17:18:00,Running Shoes,1,482.63,530.893,48.263
7429,SAINT LOUIS,Missouri,3352,2025-03-24 23:53:00,Running Shoes,1,555.93,611.523,55.593
5281,ERIE,Pennsylvania,3366,2025-03-22 23:58:00,Running Shoes,1,497.13,546.843,49.713
2073,JERSEY CITY,New Jersey,3393,2025-03-20 07:38:00,Running Shoes,1,605.13,665.643,60.513
6134,ARLINGTON,Texas,3554,2025-03-23 21:47:00,Running Shoes,1,625.13,687.643,62.513
2046,MEMPHIS,Tennessee,4508,2025-03-20 00:58:00,Running Shoes,1,485.53,534.083,48.553
2546,WASHINGTON,District of Columbia,1825,2025-03-20 14:54:00,Running Shoes,1,485.53,534.083,48.553
6178,GRAND JUNCTION,Colorado,3688,2025-03-23 22:41:00,Running Shoes,1,512.63,563.893,51.263
5163,PLANO,Texas,3170,2025-03-22 21:03:00,Running Shoes,1,537.13,590.843,53.713
5861,NEW HAVEN,Connecticut,4099,2025-03-23 17:11:00,Running Shoes,1,674.33,741.763,67.433
3672,SAVANNAH,Georgia,1709,2025-03-21 15:31:00,Running Shoes,1,512.63,563.893,51.263
4204,SAN ANTONIO,Texas,1364,2025-03-22 08:13:00,Running Shoes,1,595.13,654.643,59.513
6249,CHATTANOOGA,Tennessee,552,2025-03-24 02:02:00,Running Shoes,1,537.13,590.843,53.713
2411,SANTA BARBARA,California,834,2025-03-20 13:03:00,Running Shoes,1,527.13,579.843,52.713
4224,CHARLESTON,West Virginia,4611,2025-03-22 08:28:00,Running Shoes,1,527.13,579.843,52.713
48,BROOKLYN,New York,4403,2025-03-18 07:30:00,Running Shoes,1,517.53,569.283,51.753
2923,SACRAMENTO,California,3504,2025-03-20 19:30:00,Running Shoes,1,527.13,579.843,52.713
1973,FLORENCE,South Carolina,3927,2025-03-19 22:09:00,Running Shoes,1,509.53,560.483,50.953
4235,ORLANDO,Florida,3600,2025-03-22 08:37:00,Running Shoes,1,509.53,560.483,50.953
668,PITTSBURGH,Pennsylvania,1933,2025-03-18 17:12:00,Running Shoes,1,595.93,655.523,59.593
1381,MIAMI BEACH,Florida,2939,2025-03-19 13:35:00,Running Shoes,1,517.53,569.283,51.753
5142,OMAHA,Nebraska,6136,2025-03-22 20:39:00,Running Shoes,1,635.13,698.643,63.513
1823,SCRANTON,Pennsylvania,2432,2025-03-19 19:10:00,Running Shoes,1,517.53,569.283,51.753
3722,COLUMBUS,Georgia,2639,2025-03-21 16:15:00,Running Shoes,1,517.53,569.283,51.753
1704,CHARLOTTE,North Carolina,3614,2025-03-19 17:45:00,Running Shoes,1,497.13,546.843,49.713
6356,SPRINGFIELD,Illinois,1286,2025-03-24 08:44:00,Running Shoes,1,497.13,546.843,49.713
964,OMAHA,Nebraska,5787,2025-03-19 01:34:00,Running Shoes,1,537.13,590.843,53.713
2024,PASADENA,California,141,2025-03-19 23:37:00,Running Shoes,1,635.13,698.643,63.513
5770,TRENTON,New Jersey,3448,2025-03-23 15:41:00,Running Shoes,1,537.13,590.843,53.713
6378,SHREVEPORT,Louisiana,2604,2025-03-24 09:01:00,Running Shoes,1,635.13,698.643,63.513
6411,TYLER,Texas,5545,2025-03-24 09:19:00,Running Shoes,1,497.13,546.843,49.713
436,FORT WAYNE,Indiana,504,2025-03-18 13:49:00,Running Shoes,1,635.13,698.643,63.513
2877,AUGUSTA,Georgia,3714,2025-03-20 18:57:00,Running Shoes,1,527.13,579.843,52.713
4325,ATLANTA,Georgia,4038,2025-03-22 09:43:00,Running Shoes,1,509.53,560.483,50.953
3517,LEXINGTON,Kentucky,3723,2025-03-21 13:13:00,Running Shoes,1,733.13,806.443,73.313
5488,NORTH LAS VEGAS,Nevada,4377,2025-03-23 11:13:00,Running Shoes,1,537.13,590.843,53.713
6559,EL PASO,Texas,3842,2025-03-24 10:50:00,Running Shoes,1,635.13,698.643,63.513
1643,LIMA,Ohio,5085,2025-03-19 16:51:00,Running Shoes,1,517.53,569.283,51.753
3038,BOSTON,Massachusetts,2355,2025-03-20 21:14:00,Running Shoes,1,517.53,569.283,51.753
3728,CHATTANOOGA,Tennessee,707,2025-03-21 16:18:00,Running Shoes,1,517.53,569.283,51.753
2430,TAMPA,Florida,3889,2025-03-20 13:19:00,Running Shoes,1,505.13,555.643,50.513
7327,FORT WAYNE,Indiana,5989,2025-03-24 21:21:00,Running Shoes,1,527.13,579.843,52.713
1957,ATLANTA,Georgia,1013,2025-03-19 21:48:00,Running Shoes,1,693.13,762.443,69.313
5843,ALBUQUERQUE,New Mexico,2572,2025-03-23 16:54:00,Running Shoes,1,571.93,629.123,57.193
5408,FLORENCE,South Carolina,6315,2025-03-23 09:40:00,Running Shoes,1,615.13,676.643,61.513
3497,PHOENIX,Arizona,3986,2025-03-21 12:46:00,Running Shoes,1,517.53,569.283,51.753
5830,FORT SMITH,Arkansas,2371,2025-03-23 16:38:00,Running Shoes,1,485.53,534.083,48.553
6668,NAPLES,Florida,3423,2025-03-24 11:56:00,Running Shoes,1,485.53,534.083,48.553
6720,WINSTON SALEM,North Carolina,4428,2025-03-24 12:31:00,Running Shoes,1,537.13,590.843,53.713
1076,ASHEVILLE,North Carolina,5444,2025-03-19 09:56:00,Running Shoes,1,517.53,569.283,51.753
2981,SARASOTA,Florida,264,2025-03-20 20:29:00,Running Shoes,1,595.93,655.523,59.593
5208,MILWAUKEE,Wisconsin,5080,2025-03-22 21:52:00,Running Shoes,1,497.13,546.843,49.713
5984,PUEBLO,Colorado,1871,2025-03-23 19:31:00,Running Shoes,1,497.13,546.843,49.713
2902,TOLEDO,Ohio,3470,2025-03-20 19:17:00,Running Shoes,1,537.13,590.843,53.713
1514,PUNTA GORDA,Florida,160,2025-03-19 15:22:00,Running Shoes,1,537.13,590.843,53.713
3852,SILVER SPRING,Maryland,2092,2025-03-21 18:26:00,Running Shoes,1,517.53,569.283,51.753
6486,EL PASO,Texas,2618,2025-03-24 10:08:00,Running Shoes,1,587.93,646.723,58.793
1999,RESTON,Virginia,1421,2025-03-19 22:41:00,Running Shoes,1,517.53,569.283,51.753
2592,JACKSONVILLE,Florida,959,2025-03-20 15:21:00,Running Shoes,1,517.53,569.283,51.753
3984,DURHAM,North Carolina,5081,2025-03-21 20:35:00,Running Shoes,1,527.13,579.843,52.713
3774,WICHITA FALLS,Texas,1757,2025-03-21 16:58:00,Running Shoes,1,509.53,560.483,50.953
7398,TOLEDO,Ohio,1513,2025-03-24 23:08:00,Running Shoes,1,485.53,534.083,48.553
6597,SAN ANTONIO,Texas,3383,2025-03-24 11:17:00,Running Shoes,1,497.13,546.843,49.713
4055,PEORIA,Illinois,6255,2025-03-21 21:58:00,Running Shoes,1,485.53,534.083,48.553
1622,SAINT LOUIS,Missouri,1960,2025-03-19 16:41:00,Running Shoes,1,537.13,590.843,53.713
5317,SPRINGFIELD,Illinois,4751,2025-03-23 03:57:00,Running Shoes,1,517.53,569.283,51.753
2095,CINCINNATI,Ohio,3170,2025-03-20 08:37:00,Running Shoes,1,625.13,687.643,62.513
4246,ALBANY,New York,5580,2025-03-22 08:43:00,Running Shoes,1,527.13,579.843,52.713
2714,FULLERTON,California,5193,2025-03-20 17:03:00,Running Shoes,1,509.53,560.483,50.953
2978,DETROIT,Michigan,3688,2025-03-20 20:27:00,Running Shoes,1,509.53,560.483,50.953
5295,GREENSBORO,North Carolina,3783,2025-03-23 00:29:00,Running Shoes,1,509.53,560.483,50.953
362,ASHEVILLE,North Carolina,2634,2025-03-18 13:00:00,Running Shoes,1,497.13,546.843,49.713
3543,EL PASO,Texas,5557,2025-03-21 13:37:00,Running Shoes,1,497.13,546.843,49.713
6349,NEW YORK CITY,New York,2543,2025-03-24 08:38:00,Running Shoes,1,517.53,569.283,51.753
4017,KANSAS CITY,Missouri,490,2025-03-21 21:08:00,Running Shoes,1,537.13,590.843,53.713
6307,WHITE PLAINS,New York,1988,2025-03-24 08:00:00,Running Shoes,1,537.13,590.843,53.713
6416,TERRE HAUTE,Indiana,5440,2025-03-24 09:22:00,Running Shoes,1,497.13,546.843,49.713
6808,FORT SMITH,Arkansas,3815,2025-03-24 13:38:00,Running Shoes,1,527.13,579.843,52.713
2442,WHITE PLAINS,New York,5298,2025-03-20 13:32:00,Running Shoes,1,537.13,590.843,53.713
1747,BRONX,New York,1089,2025-03-19 18:21:00,Running Shoes,1,587.93,646.723,58.793
3686,ATLANTA,Georgia,3294,2025-03-21 15:43:00,Running Shoes,1,650.33,715.363,65.033
170,HUNTSVILLE,Alabama,3851,2025-03-18 10:25:00,Running Shoes,1,527.13,579.843,52.713
4615,CANTON,Ohio,6107,2025-03-22 12:55:00,Running Shoes,1,527.13,579.843,52.713
5160,WATERBURY,Connecticut,990,2025-03-22 20:59:00,Running Shoes,1,527.13,579.843,52.713
2491,SEATTLE,Washington,5404,2025-03-20 14:13:00,Running Shoes,1,517.13,568.843,51.713
3429,FORT COLLINS,Colorado,2699,2025-03-21 11:49:00,Running Shoes,1,801.13,881.243,80.113
523,SAN JOSE,California,3306,2025-03-18 14:58:00,Running Shoes,1,618.33,680.163,61.833
1248,JACKSON,Mississippi,4819,2025-03-19 12:01:00,Running Shoes,1,602.33,662.563,60.233
5005,SEATTLE,Washington,2875,2025-03-22 18:44:00,Running Shoes,1,517.53,569.283,51.753
607,WATERBURY,Connecticut,2227,2025-03-18 16:18:00,Running Shoes,1,527.13,579.843,52.713
4501,LOS ANGELES,California,3203,2025-03-22 11:32:00,Running Shoes,1,539.93,593.923,53.993
6185,ANNAPOLIS,Maryland,5730,2025-03-23 22:49:00,Running Shoes,1,509.53,560.483,50.953
1280,READING,Pennsylvania,118,2025-03-19 12:22:00,Running Shoes,1,497.13,546.843,49.713
1187,SAINT PAUL,Minnesota,6402,2025-03-19 11:23:00,Running Shoes,1,723.13,795.443,72.313
3572,LITTLE ROCK,Arkansas,4298,2025-03-21 13:54:00,Running Shoes,1,537.13,590.843,53.713
1763,PHILADELPHIA,Pennsylvania,912,2025-03-19 18:33:00,Running Shoes,1,537.13,590.843,53.713
2261,HUNTINGTON,West Virginia,2330,2025-03-20 11:13:00,Running Shoes,1,635.13,698.643,63.513
6797,SAN JOSE,California,6107,2025-03-24 13:26:00,Running Shoes,1,635.13,698.643,63.513
408,SAN JOSE,California,1240,2025-03-18 13:27:00,Running Shoes,1,537.13,590.843,53.713
1295,BALTIMORE,Maryland,1165,2025-03-19 12:32:00,Running Shoes,1,537.13,590.843,53.713
2076,CHARLOTTE,North Carolina,90,2025-03-20 08:00:00,Running Shoes,1,537.13,590.843,53.713
3287,SAN LUIS OBISPO,California,5211,2025-03-21 09:45:00,Running Shoes,1,537.13,590.843,53.713
3998,TUCSON,Arizona,5536,2025-03-21 20:45:00,Running Shoes,1,517.53,569.283,51.753
6426,PEORIA,Illinois,5598,2025-03-24 09:30:00,Running Shoes,1,517.53,569.283,51.753
201,NEW YORK CITY,New York,2549,2025-03-18 10:46:00,Running Shoes,1,527.13,579.843,52.713
1598,CLEVELAND,Ohio,2584,2025-03-19 16:27:00,Running Shoes,1,517.53,569.283,51.753
6677,LOUISVILLE,Kentucky,5786,2025-03-24 12:03:00,Running Shoes,1,517.53,569.283,51.753
661,DAYTON,Ohio,785,2025-03-18 17:08:00,Running Shoes,1,497.13,546.843,49.713
4141,SPRINGFIELD,Missouri,1754,2025-03-22 00:22:00,Running Shoes,1,497.13,546.843,49.713
2324,DALLAS,Texas,4948,2025-03-20 11:48:00,Running Shoes,1,537.13,590.843,53.713
7229,TULSA,Oklahoma,1857,2025-03-24 19:33:00,Running Shoes,1,537.13,590.843,53.713
6369,SANTA CLARA,California,2331,2025-03-24 08:54:00,Running Shoes,1,517.13,568.843,51.713
1919,WASHINGTON,District of Columbia,4771,2025-03-19 20:55:00,Running Shoes,1,537.13,590.843,53.713
2989,HOUSTON,Texas,3477,2025-03-20 20:34:00,Running Shoes,1,537.13,590.843,53.713
5268,JACKSONVILLE,Florida,334,2025-03-22 23:23:00,Running Shoes,1,517.13,568.843,51.713
3932,AKRON,Ohio,1626,2025-03-21 19:36:00,Running Shoes,1,547.93,602.723,54.793
1513,BRONX,New York,5501,2025-03-19 15:20:00,Running Shoes,1,509.53,560.483,50.953
5236,PHILADELPHIA,Pennsylvania,6021,2025-03-22 22:31:00,Running Shoes,1,509.53,560.483,50.953
378,NEW YORK CITY,New York,2335,2025-03-18 13:10:00,Running Shoes,1,527.13,579.843,52.713
4126,DALLAS,Texas,5218,2025-03-21 23:33:00,Running Shoes,1,517.53,569.283,51.753
2271,ANAHEIM,California,3563,2025-03-20 11:20:00,Running Shoes,1,585.13,643.643,58.513
6593,BIRMINGHAM,Alabama,6077,2025-03-24 11:14:00,Running Shoes,1,507.13,557.843,50.713
7207,FRESNO,California,1302,2025-03-24 19:20:00,Running Shoes,1,527.13,579.843,52.713
6804,SAN BERNARDINO,California,502,2025-03-24 13:33:00,Running Shoes,1,509.53,560.483,50.953
6190,JAMAICA,New York,724,2025-03-23 22:55:00,Running Shoes,1,537.13,590.843,53.713
4984,OKLAHOMA CITY,Oklahoma,804,2025-03-22 18:19:00,Running Shoes,1,537.13,590.843,53.713
4901,LAKELAND,Florida,4642,2025-03-22 16:58:00,Running Shoes,1,527.13,579.843,52.713
1301,CHARLOTTE,North Carolina,3852,2025-03-19 12:37:00,Running Shoes,1,527.13,579.843,52.713
3130,AMARILLO,Texas,25,2025-03-20 22:49:00,Running Shoes,1,527.13,579.843,52.713
3769,EL PASO,Texas,1335,2025-03-21 16:53:00,Running Shoes,1,527.13,579.843,52.713
6582,FORT WORTH,Texas,4456,2025-03-24 11:09:00,Running Shoes,1,548.63,603.493,54.863
2583,AKRON,Ohio,2175,2025-03-20 15:14:00,Running Shoes,1,509.53,560.483,50.953
5066,SAINT LOUIS,Missouri,5356,2025-03-22 19:32:00,Running Shoes,1,493.53,542.883,49.353
1773,OXNARD,California,1919,2025-03-19 18:39:00,Running Shoes,1,517.53,569.283,51.753
4198,DECATUR,Georgia,5101,2025-03-22 08:06:00,Running Shoes,1,595.93,655.523,59.593
178,SAINT PAUL,Minnesota,4863,2025-03-18 10:31:00,Running Shoes,1,527.13,579.843,52.713
1690,SAN DIEGO,California,139,2025-03-19 17:33:00,Running Shoes,1,517.53,569.283,51.753
1987,BEAVERTON,Oregon,3010,2025-03-19 22:21:00,Running Shoes,1,509.53,560.483,50.953
6575,PORTLAND,Oregon,5516,2025-03-24 11:03:00,Running Shoes,1,509.53,560.483,50.953
6321,BIRMINGHAM,Alabama,5508,2025-03-24 08:15:00,Running Shoes,1,493.53,542.883,49.353
3436,LINCOLN,Nebraska,3006,2025-03-21 11:55:00,Running Shoes,1,517.53,569.283,51.753
6852,OLYMPIA,Washington,5466,2025-03-24 14:03:00,Running Shoes,1,537.13,590.843,53.713
3556,HIALEAH,Florida,2992,2025-03-21 13:42:00,Running Shoes,1,507.13,557.843,50.713
7279,TAMPA,Florida,3451,2025-03-24 20:22:00,Running Shoes,1,509.53,560.483,50.953
1771,SAN ANTONIO,Texas,866,2025-03-19 18:37:00,Running Shoes,1,493.53,542.883,49.353
2372,ALEXANDRIA,Virginia,6270,2025-03-20 12:29:00,Running Shoes,1,493.53,542.883,49.353
6636,CHARLOTTE,North Carolina,665,2025-03-24 11:39:00,Running Shoes,1,571.93,629.123,57.193
300,TERRE HAUTE,Indiana,5425,2025-03-18 12:06:00,Running Shoes,1,537.13,590.843,53.713
2759,RICHMOND,Virginia,206,2025-03-20 17:32:00,Running Shoes,1,527.13,579.843,52.713
7168,SAN DIEGO,California,4289,2025-03-24 18:41:00,Running Shoes,1,527.13,579.843,52.713
2208,NEW ORLEANS,Louisiana,2400,2025-03-20 10:21:00,Running Shoes,1,571.93,629.123,57.193
763,BOISE,Idaho,389,2025-03-18 19:27:00,Running Shoes,1,537.13,590.843,53.713
1324,NEW YORK CITY,New York,1711,2025-03-19 12:54:00,Running Shoes,1,537.13,590.843,53.713
6873,DANBURY,Connecticut,1244,2025-03-24 14:18:00,Running Shoes,1,537.13,590.843,53.713
4889,NAPLES,Florida,1320,2025-03-22 16:49:00,Running Shoes,1,507.13,557.843,50.713
4407,CAROL STREAM,Illinois,6431,2025-03-22 10:30:00,Running Shoes,1,527.13,579.843,52.713
4019,NEW YORK CITY,New York,3962,2025-03-21 21:12:00,Running Shoes,1,509.53,560.483,50.953
2695,TACOMA,Washington,5824,2025-03-20 16:48:00,Running Shoes,1,507.13,557.843,50.713
3809,MINNEAPOLIS,Minnesota,873,2025-03-21 17:40:00,Running Shoes,1,507.13,557.843,50.713
3327,ORLANDO,Florida,3987,2025-03-21 10:23:00,Running Shoes,1,595.93,655.523,59.593
702,BALTIMORE,Maryland,2592,2025-03-18 17:51:00,Running Shoes,1,512.63,563.893,51.263
3900,NEW YORK CITY,New York,3274,2025-03-21 19:08:00,Running Shoes,1,493.53,542.883,49.353
6655,READING,Pennsylvania,5124,2025-03-24 11:49:00,Running Shoes,1,507.13,557.843,50.713
5546,LONG BEACH,California,5019,2025-03-23 12:14:00,Running Shoes,1,537.13,590.843,53.713
7384,LOUISVILLE,Kentucky,1965,2025-03-24 22:36:00,Running Shoes,1,537.13,590.843,53.713
2088,VANCOUVER,Washington,4916,2025-03-20 08:27:00,Running Shoes,1,537.13,590.843,53.713
2781,MONROE,Louisiana,568,2025-03-20 17:48:00,Running Shoes,1,537.13,590.843,53.713
3499,AUSTIN,Texas,5422,2025-03-21 12:51:00,Running Shoes,1,507.13,557.843,50.713
6420,LOUISVILLE,Kentucky,10,2025-03-24 09:27:00,Running Shoes,1,517.53,569.283,51.753
4998,HARTFORD,Connecticut,5740,2025-03-22 18:35:00,Running Shoes,1,537.13,590.843,53.713
903,PENSACOLA,Florida,6320,2025-03-18 22:39:00,Running Shoes,1,537.13,590.843,53.713
5107,DES MOINES,Iowa,2078,2025-03-22 20:11:00,Running Shoes,1,537.13,590.843,53.713
1926,TAMPA,Florida,2388,2025-03-19 21:03:00,Running Shoes,1,517.53,569.283,51.753
5724,ORLANDO,Florida,4005,2025-03-23 14:52:00,Running Shoes,1,537.13,590.843,53.713
4399,BRADENTON,Florida,5131,2025-03-22 10:24:00,Running Shoes,1,537.13,590.843,53.713
100,SAN ANTONIO,Texas,3507,2025-03-18 09:09:00,Running Shoes,1,665.13,731.643,66.513
1068,ANNAPOLIS,Maryland,1428,2025-03-19 09:47:00,Running Shoes,1,537.13,590.843,53.713
6479,BALTIMORE,Maryland,883,2025-03-24 10:05:00,Running Shoes,1,659.63,725.593,65.963
5345,CHARLESTON,West Virginia,527,2025-03-23 08:01:00,Running Shoes,1,537.13,590.843,53.713
6807,MOBILE,Alabama,4290,2025-03-24 13:38:00,Running Shoes,1,537.13,590.843,53.713
4187,JAMAICA,New York,373,2025-03-22 07:39:00,Running Shoes,1,537.13,590.843,53.713
4754,PHOENIX,Arizona,93,2025-03-22 14:51:00,Running Shoes,1,537.13,590.843,53.713
4063,FLUSHING,New York,3968,2025-03-21 22:15:00,Running Shoes,1,517.53,569.283,51.753
6583,MERIDIAN,Mississippi,2148,2025-03-24 11:10:00,Running Shoes,1,517.53,569.283,51.753
3010,TUCSON,Arizona,350,2025-03-20 20:57:00,Running Shoes,1,527.13,579.843,52.713
3742,EL PASO,Texas,8,2025-03-21 16:31:00,Running Shoes,1,527.13,579.843,52.713
4543,SAINT PETERSBURG,Florida,2939,2025-03-22 12:00:00,Running Shoes,1,517.53,569.283,51.753
4069,CHICAGO,Illinois,5366,2025-03-21 22:21:00,Running Shoes,1,587.93,646.723,58.793
6789,NEW ORLEANS,Louisiana,2040,2025-03-24 13:23:00,Running Shoes,1,537.13,590.843,53.713
1746,HOUSTON,Texas,1323,2025-03-19 18:19:00,Running Shoes,1,527.13,579.843,52.713
4509,DULUTH,Minnesota,5326,2025-03-22 11:38:00,Running Shoes,1,537.13,590.843,53.713
6630,WILMINGTON,Delaware,404,2025-03-24 11:35:00,Running Shoes,1,517.53,569.283,51.753
3246,HUNTINGTON,West Virginia,5257,2025-03-21 08:36:00,Running Shoes,1,587.93,646.723,58.793
4254,ATLANTA,Georgia,6475,2025-03-22 08:50:00,Running Shoes,1,635.13,698.643,63.513
3816,LEXINGTON,Kentucky,5725,2025-03-21 17:52:00,Running Shoes,1,537.13,590.843,53.713
3462,SALEM,Oregon,4859,2025-03-21 12:21:00,Running Shoes,1,517.53,569.283,51.753
369,FRANKFORT,Kentucky,3627,2025-03-18 13:05:00,Running Shoes,1,485.53,534.083,48.553
2099,ROCHESTER,New York,4170,2025-03-20 08:39:00,Running Shoes,1,537.13,590.843,53.713
3116,ALEXANDRIA,Virginia,3040,2025-03-20 22:33:00,Running Shoes,1,537.13,590.843,53.713
2811,BIRMINGHAM,Alabama,4529,2025-03-20 18:09:00,Running Shoes,1,517.53,569.283,51.753
1486,NASHVILLE,Tennessee,2880,2025-03-19 15:03:00,Running Shoes,1,537.13,590.843,53.713
6944,BOULDER,Colorado,2746,2025-03-24 15:17:00,Running Shoes,1,537.13,590.843,53.713
4183,ALBUQUERQUE,New Mexico,206,2025-03-22 07:33:00,Running Shoes,1,527.13,579.843,52.713
2913,TAMPA,Florida,4724,2025-03-20 19:26:00,Running Shoes,1,517.13,568.843,51.713
3691,GREAT NECK,New York,1941,2025-03-21 15:47:00,Running Shoes,1,517.13,568.843,51.713
5074,ALLENTOWN,Pennsylvania,1065,2025-03-22 19:39:00,Running Shoes,1,517.13,568.843,51.713
2910,STAMFORD,Connecticut,4146,2025-03-20 19:24:00,Running Shoes,1,537.13,590.843,53.713
3704,DES MOINES,Iowa,5506,2025-03-21 16:00:00,Running Shoes,1,537.13,590.843,53.713
1128,COLUMBUS,Ohio,1851,2025-03-19 10:36:00,Running Shoes,1,497.13,546.843,49.713
5260,DALLAS,Texas,3590,2025-03-22 23:12:00,Running Shoes,1,517.13,568.843,51.713
3848,PORTLAND,Oregon,4711,2025-03-21 18:25:00,Running Shoes,1,537.13,590.843,53.713
5172,ARLINGTON,Texas,6396,2025-03-22 21:10:00,Running Shoes,1,537.13,590.843,53.713
5196,ESCONDIDO,California,5142,2025-03-22 21:35:00,Running Shoes,1,517.53,569.283,51.753
4952,NORFOLK,Virginia,4562,2025-03-22 17:41:00,Running Shoes,1,517.53,569.283,51.753
1827,MIAMI,Florida,5142,2025-03-19 19:17:00,Running Shoes,1,501.53,551.683,50.153
3719,ORLANDO,Florida,4401,2025-03-21 16:14:00,Running Shoes,1,537.13,590.843,53.713
2368,CHATTANOOGA,Tennessee,885,2025-03-20 12:26:00,Running Shoes,1,517.53,569.283,51.753
1786,WASHINGTON,District of Columbia,734,2025-03-19 18:47:00,Running Shoes,1,517.53,569.283,51.753
6343,TULSA,Oklahoma,2306,2025-03-24 08:34:00,Running Shoes,1,485.53,534.083,48.553
2652,RICHMOND,Virginia,4725,2025-03-20 16:04:00,Running Shoes,1,517.13,568.843,51.713
3661,ANAHEIM,California,1126,2025-03-21 15:21:00,Running Shoes,1,517.13,568.843,51.713
6294,SACRAMENTO,California,4948,2025-03-24 07:41:00,Running Shoes,1,517.13,568.843,51.713
6448,WASHINGTON,District of Columbia,122,2025-03-24 09:46:00,Running Shoes,1,517.13,568.843,51.713
6748,NEW CASTLE,Pennsylvania,1502,2025-03-24 12:52:00,Running Shoes,1,537.13,590.843,53.713
89,COLUMBUS,Georgia,1861,2025-03-18 09:00:00,Running Shoes,1,517.53,569.283,51.753
731,GARDEN GROVE,California,5599,2025-03-18 18:47:00,Running Shoes,1,537.13,590.843,53.713
4315,OCEANSIDE,California,973,2025-03-22 09:38:00,Running Shoes,1,537.13,590.843,53.713
4214,SACRAMENTO,California,2363,2025-03-22 08:20:00,Running Shoes,1,537.13,590.843,53.713
5034,FAYETTEVILLE,North Carolina,5213,2025-03-22 19:07:00,Running Shoes,1,537.13,590.843,53.713
5665,SHREVEPORT,Louisiana,3193,2025-03-23 13:56:00,Running Shoes,1,537.13,590.843,53.713
6024,DENTON,Texas,2996,2025-03-23 20:14:00,Running Shoes,1,517.53,569.283,51.753
7021,ANN ARBOR,Michigan,1376,2025-03-24 16:20:00,Running Shoes,1,517.53,569.283,51.753
2944,DAYTON,Ohio,1785,2025-03-20 19:48:00,Running Shoes,1,537.13,590.843,53.713
7269,TAMPA,Florida,1478,2025-03-24 20:14:00,Running Shoes,1,537.13,590.843,53.713
1130,MIDLAND,Michigan,3425,2025-03-19 10:37:00,Running Shoes,1,537.13,590.843,53.713
4167,WASHINGTON,District of Columbia,1952,2025-03-22 04:48:00,Running Shoes,1,512.63,563.893,51.263
3825,TOLEDO,Ohio,3619,2025-03-21 18:00:00,Running Shoes,1,537.13,590.843,53.713
752,CLEVELAND,Ohio,5408,2025-03-18 19:14:00,Running Shoes,1,497.13,546.843,49.713
5713,PENSACOLA,Florida,12,2025-03-23 14:44:00,Running Shoes,1,537.13,590.843,53.713
2350,SPOKANE,Washington,6296,2025-03-20 12:14:00,Running Shoes,1,537.13,590.843,53.713
4029,SAINT AUGUSTINE,Florida,5272,2025-03-21 21:28:00,Running Shoes,1,595.93,655.523,59.593
2968,EL PASO,Texas,6010,2025-03-20 20:18:00,Running Shoes,1,537.13,590.843,53.713
3649,SPRINGFIELD,Illinois,4456,2025-03-21 15:11:00,Running Shoes,1,537.13,590.843,53.713
983,ORLANDO,Florida,2800,2025-03-19 07:06:00,Running Shoes,1,517.53,569.283,51.753
6314,DALLAS,Texas,6394,2025-03-24 08:08:00,Running Shoes,1,517.53,569.283,51.753
5631,AUSTIN,Texas,5149,2025-03-23 13:23:00,Running Shoes,1,512.63,563.893,51.263
6612,MACON,Georgia,3583,2025-03-24 11:22:00,Running Shoes,1,517.53,569.283,51.753
5002,SOUTH BEND,Indiana,1286,2025-03-22 18:41:00,Running Shoes,1,537.13,590.843,53.713
1420,INGLEWOOD,California,4989,2025-03-19 14:02:00,Running Shoes,1,537.13,590.843,53.713
4206,NASHVILLE,Tennessee,5169,2025-03-22 08:15:00,Running Shoes,1,537.13,590.843,53.713
6454,FORT LAUDERDALE,Florida,2653,2025-03-24 09:49:00,Running Shoes,1,537.13,590.843,53.713
6646,PHOENIX,Arizona,6282,2025-03-24 11:44:00,Running Shoes,1,517.53,569.283,51.753
4552,FRESNO,California,4233,2025-03-22 12:08:00,Running Shoes,1,537.13,590.843,53.713
7148,NEW YORK CITY,New York,921,2025-03-24 18:16:00,Running Shoes,1,537.13,590.843,53.713
3659,BOULDER,Colorado,3952,2025-03-21 15:19:00,Running Shoes,1,517.53,569.283,51.753
4571,SANTA CLARA,California,5638,2025-03-22 12:20:00,Running Shoes,1,512.63,563.893,51.263
4334,KANSAS CITY,Missouri,5190,2025-03-22 09:46:00,Running Shoes,1,567.13,623.843,56.713
893,BISMARCK,North Dakota,392,2025-03-18 22:16:00,Running Shoes,1,567.13,623.843,56.713
137,ORLANDO,Florida,3108,2025-03-18 09:58:00,Walking Shoes,1,517.13,568.843,51.713
3244,CINCINNATI,Ohio,5860,2025-03-21 08:30:00,Walking Shoes,1,517.13,568.843,51.713
3865,BATON ROUGE,Louisiana,1797,2025-03-21 18:35:00,Walking Shoes,1,642.33,706.563,64.233
2696,SEATTLE,Washington,3038,2025-03-20 16:49:00,Walking Shoes,1,493.53,542.883,49.353
6671,EVANSVILLE,Indiana,3617,2025-03-24 11:58:00,Walking Shoes,1,497.13,546.843,49.713
1160,COLUMBUS,Ohio,4325,2025-03-19 11:01:00,Walking Shoes,1,517.13,568.843,51.713
6762,RICHMOND,Virginia,5575,2025-03-24 12:59:00,Walking Shoes,1,595.13,654.643,59.513
4223,EVANSVILLE,Indiana,3251,2025-03-22 08:27:00,Walking Shoes,1,517.13,568.843,51.713
5891,MIAMI,Florida,5417,2025-03-23 17:39:00,Walking Shoes,1,517.13,568.843,51.713
4440,ROCHESTER,New York,5715,2025-03-22 10:53:00,Walking Shoes,1,501.53,551.683,50.153
1651,FRANKFORT,Kentucky,3284,2025-03-19 16:56:00,Walking Shoes,1,497.13,546.843,49.713
3896,EL PASO,Texas,2636,2025-03-21 19:02:00,Walking Shoes,1,501.53,551.683,50.153
1618,CARSON CITY,Nevada,5269,2025-03-19 16:40:00,Walking Shoes,1,517.13,568.843,51.713
5137,PORTLAND,Oregon,6072,2025-03-22 20:35:00,Walking Shoes,1,653.13,718.443,65.313
960,TULSA,Oklahoma,6056,2025-03-19 01:02:00,Walking Shoes,1,547.93,602.723,54.793
2730,VAN NUYS,California,5311,2025-03-20 17:18:00,Walking Shoes,1,595.13,654.643,59.513
151,MIAMI,Florida,2973,2025-03-18 10:11:00,Walking Shoes,1,517.13,568.843,51.713
6845,SHREVEPORT,Louisiana,2732,2025-03-24 14:00:00,Walking Shoes,1,501.53,551.683,50.153
6563,SAVANNAH,Georgia,4020,2025-03-24 10:52:00,Walking Shoes,1,509.53,560.483,50.953
7098,BOCA RATON,Florida,5556,2025-03-24 17:32:00,Walking Shoes,1,501.53,551.683,50.153
1290,DAYTONA BEACH,Florida,2294,2025-03-19 12:27:00,Walking Shoes,1,595.13,654.643,59.513
5049,LEXINGTON,Kentucky,5188,2025-03-22 19:23:00,Walking Shoes,1,497.13,546.843,49.713
198,WASHINGTON,District of Columbia,2311,2025-03-18 10:45:00,Walking Shoes,1,485.53,534.083,48.553
4172,SEATTLE,Washington,10,2025-03-22 06:20:00,Walking Shoes,1,517.13,568.843,51.713
5373,HOUSTON,Texas,3340,2025-03-23 08:58:00,Walking Shoes,1,531.93,585.123,53.193
4307,SILVER SPRING,Maryland,488,2025-03-22 09:32:00,Walking Shoes,1,615.13,676.643,61.513
5588,INDIANAPOLIS,Indiana,6,2025-03-23 12:43:00,Walking Shoes,1,505.13,555.643,50.513
6266,LINCOLN,Nebraska,3621,2025-03-24 06:01:00,Walking Shoes,1,497.13,546.843,49.713
6576,PENSACOLA,Florida,1655,2025-03-24 11:04:00,Walking Shoes,1,517.53,569.283,51.753
3078,MANASSAS,Virginia,1341,2025-03-20 21:44:00,Walking Shoes,1,485.53,534.083,48.553
3263,ATLANTA,Georgia,4015,2025-03-21 09:05:00,Walking Shoes,1,497.13,546.843,49.713
5176,EL PASO,Texas,1732,2025-03-22 21:15:00,Walking Shoes,1,497.13,546.843,49.713
823,ORLANDO,Florida,1538,2025-03-18 20:52:00,Walking Shoes,1,537.13,590.843,53.713
3171,TACOMA,Washington,2940,2025-03-21 00:04:00,Walking Shoes,1,555.13,610.643,55.513
856,RICHMOND,Virginia,5698,2025-03-18 21:22:00,Walking Shoes,1,595.93,655.523,59.593
2307,COLORADO SPRINGS,Colorado,2271,2025-03-20 11:41:00,Walking Shoes,1,537.13,590.843,53.713
2522,GREENSBORO,North Carolina,5191,2025-03-20 14:37:00,Walking Shoes,1,555.13,610.643,55.513
7288,SAN ANTONIO,Texas,2464,2025-03-24 20:29:00,Walking Shoes,1,485.53,534.083,48.553
5627,WASHINGTON,District of Columbia,3706,2025-03-23 13:20:00,Walking Shoes,1,537.13,590.843,53.713
3093,JERSEY CITY,New Jersey,652,2025-03-20 22:01:00,Running Shoes,1,501.53,551.683,50.153
1936,LIMA,Ohio,5813,2025-03-19 21:24:00,Running Shoes,1,537.13,590.843,53.713
3920,PHILADELPHIA,Pennsylvania,2160,2025-03-21 19:29:00,Running Shoes,1,537.13,590.843,53.713
7115,CLEARWATER,Florida,5392,2025-03-24 17:52:00,Clogs,1,535.13,588.643,53.513
3050,SANTA CLARA,California,5410,2025-03-20 21:24:00,Clogs,1,487.13,535.843,48.713
307,SAN DIEGO,California,3140,2025-03-18 12:11:00,Clogs,1,487.13,535.843,48.713
6661,KATY,Texas,6325,2025-03-24 11:54:00,Clogs,1,487.13,535.843,48.713
2237,CORONA,California,4504,2025-03-20 10:49:00,Boy's,1,474.13,521.543,47.413
6142,TRENTON,New Jersey,1842,2025-03-23 21:56:00,Boy's,1,511.13,562.243,51.113
1557,SPRINGFIELD,Missouri,4339,2025-03-19 16:00:00,Boy's,1,509.13,560.043,50.913
4609,TALLAHASSEE,Florida,4002,2025-03-22 12:50:00,Boy's,1,459.13,505.043,45.913
5944,PHILADELPHIA,Pennsylvania,2849,2025-03-23 18:39:00,Boy's,1,459.13,505.043,45.913
2460,ALBANY,New York,1770,2025-03-20 13:47:00,Running Shoes,2,684.13,752.543,68.413
6431,LONDON,Kentucky,2372,2025-03-24 09:35:00,Running Shoes,2,811.13,892.243,81.113
2214,GREEN BAY,Wisconsin,4204,2025-03-20 10:25:00,Running Shoes,2,555.13,610.643,55.513
1236,DENVER,Colorado,3208,2025-03-19 11:52:00,Running Shoes,2,579.93,637.923,57.993
6159,HARTFORD,Connecticut,3215,2025-03-23 22:08:00,Running Shoes,2,595.13,654.643,59.513
1666,AUSTIN,Texas,3796,2025-03-19 17:07:00,Running Shoes,2,575.13,632.643,57.513
2986,LONG BEACH,California,41,2025-03-20 20:34:00,Running Shoes,2,615.13,676.643,61.513
5125,ALBUQUERQUE,New Mexico,2786,2025-03-22 20:26:00,Running Shoes,2,839.13,923.043,83.913
138,DES MOINES,Iowa,1196,2025-03-18 10:01:00,Water Shoes,2,555.13,610.643,55.513
3530,ERIE,Pennsylvania,4336,2025-03-21 13:25:00,Walking Shoes,2,555.13,610.643,55.513
513,DENVER,Colorado,4108,2025-03-18 14:50:00,Running Shoes,1,579.93,637.923,57.993
3224,STAMFORD,Connecticut,5140,2025-03-21 07:39:00,Running Shoes,1,595.13,654.643,59.513
4079,EL PASO,Texas,4184,2025-03-21 22:28:00,Running Shoes,1,615.13,676.643,61.513
1406,AUSTIN,Texas,5483,2025-03-19 13:50:00,Running Shoes,1,517.53,569.283,51.753
2510,BATON ROUGE,Louisiana,523,2025-03-20 14:29:00,Running Shoes,1,497.13,546.843,49.713
2438,NEW YORK CITY,New York,2054,2025-03-20 13:25:00,Flip-Flops,1,507.13,557.843,50.713
3140,HOUSTON,Texas,238,2025-03-20 22:58:00,Running Shoes,1,464.13,510.543,46.413
5702,MESA,Arizona,3530,2025-03-23 14:37:00,Running Shoes,1,527.13,579.843,52.713
6401,PHOENIX,Arizona,1513,2025-03-24 09:15:00,Running Shoes,1,537.13,590.843,53.713
4274,CAMBRIDGE,Massachusetts,1207,2025-03-22 09:04:00,Running Shoes,1,595.13,654.643,59.513
910,ABILENE,Texas,4046,2025-03-18 22:53:00,Running Shoes,1,497.13,546.843,49.713
4589,CHICAGO,Illinois,4007,2025-03-22 12:36:00,Tennis Shoes,1,537.13,590.843,53.713
7052,SAN DIEGO,California,4185,2025-03-24 16:44:00,Tennis Shoes,1,497.13,546.843,49.713
5645,LOUISVILLE,Kentucky,4465,2025-03-23 13:37:00,Tennis Shoes,1,595.93,655.523,59.593
6218,OKLAHOMA CITY,Oklahoma,2080,2025-03-23 23:44:00,Tennis Shoes,1,527.13,579.843,52.713
4898,SAN ANTONIO,Texas,1248,2025-03-22 16:56:00,Tennis Shoes,1,485.53,534.083,48.553
7212,JACKSONVILLE,Florida,4296,2025-03-24 19:23:00,Tennis Shoes,1,497.13,546.843,49.713
4163,TUCSON,Arizona,4995,2025-03-22 03:33:00,Tennis Shoes,1,673.13,740.443,67.313
7185,GAINESVILLE,Florida,4004,2025-03-24 19:01:00,Tennis Shoes,1,579.93,637.923,57.993
6269,WEST PALM BEACH,Florida,2936,2025-03-24 06:17:00,Tennis Shoes,1,527.13,579.843,52.713
4514,MILWAUKEE,Wisconsin,2633,2025-03-22 11:41:00,Tennis Shoes,1,625.13,687.643,62.513
4989,DENVER,Colorado,4981,2025-03-22 18:24:00,Tennis Shoes,1,537.13,590.843,53.713
6718,MILWAUKEE,Wisconsin,1605,2025-03-24 12:29:00,Tennis Shoes,1,579.93,637.923,57.993
7261,LAS VEGAS,Nevada,3201,2025-03-24 20:12:00,Tennis Shoes,1,667.73,734.503,66.773
477,SANTA CLARA,California,519,2025-03-18 14:18:00,Tennis Shoes,1,527.13,579.843,52.713
4324,PITTSBURGH,Pennsylvania,454,2025-03-22 09:43:00,Tennis Shoes,1,517.13,568.843,51.713
4970,SAN DIEGO,California,728,2025-03-22 18:04:00,Tennis Shoes,1,537.13,590.843,53.713
6840,ATHENS,Georgia,3315,2025-03-24 13:57:00,Tennis Shoes,1,512.63,563.893,51.263
5794,CORPUS CHRISTI,Texas,5808,2025-03-23 16:03:00,Tennis Shoes,1,537.13,590.843,53.713
6481,BAKERSFIELD,California,1959,2025-03-24 10:06:00,Tennis Shoes,1,522.43,574.673,52.243
6942,SAN FRANCISCO,California,3785,2025-03-24 15:16:00,Walking Shoes,1,497.13,546.843,49.713
3281,SALT LAKE CITY,Utah,2300,2025-03-21 09:39:00,Tennis Shoes,1,527.13,579.843,52.713
3023,STERLING,Virginia,862,2025-03-20 21:05:00,Tennis Shoes,2,497.13,546.843,49.713
5622,FORT SMITH,Arkansas,6056,2025-03-23 13:16:00,Tennis Shoes,1,635.13,698.643,63.513
3483,PORTSMOUTH,New Hampshire,4270,2025-03-21 12:38:00,Tennis Shoes,1,517.53,569.283,51.753
2312,PORTLAND,Oregon,4907,2025-03-20 11:44:00,Walking Shoes,1,527.13,579.843,52.713
6772,ORLANDO,Florida,5041,2025-03-24 13:11:00,Flip-Flops,1,505.13,555.643,50.513
1819,TOPEKA,Kansas,3068,2025-03-19 19:08:00,Tennis Shoes,1,642.33,706.563,64.233
6738,SALT LAKE CITY,Utah,1078,2025-03-24 12:45:00,Tennis Shoes,1,723.13,795.443,72.313
2903,SACRAMENTO,California,3233,2025-03-20 19:18:00,Tennis Shoes,1,720.73,792.803,72.073
4700,LAKE CHARLES,Louisiana,5626,2025-03-22 14:06:00,Tennis Shoes,1,501.53,551.683,50.153
8,NEW YORK CITY,New York,5744,2025-03-18 00:22:00,Tennis Shoes,1,776.63,854.293,77.663
7281,FORT SMITH,Arkansas,2905,2025-03-24 20:23:00,Tennis Shoes,1,587.93,646.723,58.793
6419,NEWTON,Massachusetts,3587,2025-03-24 09:26:00,Tennis Shoes,1,517.13,568.843,51.713
1353,JACKSONVILLE,Florida,727,2025-03-19 13:17:00,Tennis Shoes,1,501.53,551.683,50.153
3552,PITTSBURGH,Pennsylvania,2578,2025-03-21 13:40:00,Tennis Shoes,1,610.33,671.363,61.033
5380,MINNEAPOLIS,Minnesota,1536,2025-03-23 09:09:00,Tennis Shoes,1,509.53,560.483,50.953
4516,PITTSBURGH,Pennsylvania,2248,2025-03-22 11:42:00,Tennis Shoes,1,497.63,547.393,49.763
1874,MIDLAND,Texas,2772,2025-03-19 20:02:00,Tennis Shoes,1,517.53,569.283,51.753
5016,FAYETTEVILLE,North Carolina,2880,2025-03-22 18:53:00,Tennis Shoes,1,517.53,569.283,51.753
840,DALLAS,Texas,148,2025-03-18 21:06:00,Tennis Shoes,1,517.53,569.283,51.753
5648,RENO,Nevada,6389,2025-03-23 13:42:00,Tennis Shoes,1,674.33,741.763,67.433
2186,ROCHESTER,New York,1064,2025-03-20 10:02:00,Tennis Shoes,1,613.13,674.443,61.313
641,EL PASO,Texas,821,2025-03-18 16:42:00,Tennis Shoes,1,602.33,662.563,60.233
1606,HOUSTON,Texas,3133,2025-03-19 16:33:00,Tennis Shoes,1,640.73,704.803,64.073
2111,JACKSON,Mississippi,6219,2025-03-20 08:56:00,Tennis Shoes,1,501.53,551.683,50.153
3133,BOISE,Idaho,750,2025-03-20 22:53:00,Tennis Shoes,1,517.13,568.843,51.713
6372,OAKLAND,California,5659,2025-03-24 08:57:00,Tennis Shoes,1,563.93,620.323,56.393
5267,WASHINGTON,District of Columbia,364,2025-03-22 23:23:00,Climbing Shoes,1,555.93,611.523,55.593
1879,CANTON,Ohio,3445,2025-03-19 20:06:00,Flip-Flops,1,507.13,557.843,50.713
3404,PHILADELPHIA,Pennsylvania,3803,2025-03-21 11:25:00,Flip-Flops,1,507.13,557.843,50.713
742,HOUSTON,Texas,2692,2025-03-18 19:05:00,Flip-Flops,1,703.13,773.443,70.313
7201,OKLAHOMA CITY,Oklahoma,1591,2025-03-24 19:16:00,Tennis Shoes,1,674.13,741.543,67.413
4036,LAKEWOOD,Washington,3016,2025-03-21 21:36:00,Tennis Shoes,1,579.93,637.923,57.993
2974,SILVER SPRING,Maryland,362,2025-03-20 20:24:00,Tennis Shoes,1,489.13,538.043,48.913
3961,EL PASO,Texas,3340,2025-03-21 20:07:00,Tennis Shoes,1,532.73,586.003,53.273
4801,HOUSTON,Texas,2915,2025-03-22 15:31:00,Tennis Shoes,1,537.53,591.283,53.753
5374,MACON,Georgia,4336,2025-03-23 09:01:00,Tennis Shoes,1,857.13,942.843,85.713
4791,LINCOLN,Nebraska,5394,2025-03-22 15:22:00,Tennis Shoes,1,703.13,773.443,70.313
3434,COLUMBUS,Ohio,5757,2025-03-21 11:52:00,Tennis Shoes,1,549.03,603.933,54.903
6777,LIMA,Ohio,5326,2025-03-24 13:14:00,Tennis Shoes,1,485.53,534.083,48.553
1291,WASHINGTON,District of Columbia,6214,2025-03-19 12:28:00,Tennis Shoes,1,635.13,698.643,63.513
1784,NASHVILLE,Tennessee,729,2025-03-19 18:46:00,Tennis Shoes,1,531.93,585.123,53.193
1211,RENO,Nevada,533,2025-03-19 11:35:00,Tennis Shoes,1,555.13,610.643,55.513
961,FRESNO,California,501,2025-03-19 01:11:00,Tennis Shoes,1,493.53,542.883,49.353
7222,CHARLESTON,South Carolina,4605,2025-03-24 19:30:00,Tennis Shoes,1,537.13,590.843,53.713
841,DAYTON,Ohio,1039,2025-03-18 21:06:00,Tennis Shoes,1,625.13,687.643,62.513
634,COLUMBIA,South Carolina,6447,2025-03-18 16:36:00,Tennis Shoes,1,720.73,792.803,72.073
6035,PHILADELPHIA,Pennsylvania,3196,2025-03-23 20:24:00,Tennis Shoes,1,635.13,698.643,63.513
720,HOUSTON,Texas,6001,2025-03-18 18:23:00,Tennis Shoes,1,704.73,775.203,70.473
7090,NEW ORLEANS,Louisiana,4762,2025-03-24 17:20:00,Tennis Shoes,1,563.93,620.323,56.393
5478,EL PASO,Texas,127,2025-03-23 11:04:00,Tennis Shoes,1,635.13,698.643,63.513
1991,LOS ANGELES,California,3933,2025-03-19 22:26:00,Tennis Shoes,1,497.13,546.843,49.713
1049,STAMFORD,Connecticut,3691,2025-03-19 09:25:00,Tennis Shoes,1,517.53,569.283,51.753
4423,MIDLAND,Texas,3060,2025-03-22 10:41:00,Tennis Shoes,1,595.13,654.643,59.513
969,BIRMINGHAM,Alabama,3853,2025-03-19 02:03:00,Tennis Shoes,1,555.13,610.643,55.513
7062,OKLAHOMA CITY,Oklahoma,5649,2025-03-24 16:51:00,Tennis Shoes,1,671.13,738.243,67.113
3521,SEATTLE,Washington,5783,2025-03-21 13:16:00,Tennis Shoes,1,497.13,546.843,49.713
5452,SALINAS,California,4770,2025-03-23 10:18:00,Tennis Shoes,1,555.13,610.643,55.513
256,CHESAPEAKE,Virginia,5403,2025-03-18 11:23:00,Tennis Shoes,1,509.53,560.483,50.953
457,LOS ANGELES,California,58,2025-03-18 14:03:00,Tennis Shoes,1,635.13,698.643,63.513
4919,EVANSVILLE,Indiana,3541,2025-03-22 17:09:00,Tennis Shoes,1,507.13,557.843,50.713
38,ROUND ROCK,Texas,4722,2025-03-18 06:22:00,Tennis Shoes,1,493.53,542.883,49.353
3239,ATLANTA,Georgia,5740,2025-03-21 08:17:00,Tennis Shoes,1,635.13,698.643,63.513
4081,DENVER,Colorado,316,2025-03-21 22:30:00,Tennis Shoes,1,507.13,557.843,50.713
4410,LITTLETON,Colorado,4433,2025-03-22 10:32:00,Tennis Shoes,1,595.93,655.523,59.593
3326,CHARLOTTE,North Carolina,2741,2025-03-21 10:23:00,Tennis Shoes,1,713.13,784.443,71.313
4043,EVANSVILLE,Indiana,5457,2025-03-21 21:43:00,Tennis Shoes,1,733.13,806.443,73.313
4168,BUFFALO,New York,190,2025-03-22 05:29:00,Tennis Shoes,1,650.33,715.363,65.033
7214,DETROIT,Michigan,251,2025-03-24 19:24:00,Tennis Shoes,1,595.93,655.523,59.593
6526,HUNTINGTON,West Virginia,6475,2025-03-24 10:30:00,Tennis Shoes,1,527.13,579.843,52.713
743,OLYMPIA,Washington,2372,2025-03-18 19:08:00,Tennis Shoes,1,875.93,963.523,87.593
1993,DENTON,Texas,4122,2025-03-19 22:29:00,Tennis Shoes,1,485.53,534.083,48.553
5727,NEWPORT BEACH,California,4069,2025-03-23 14:55:00,Tennis Shoes,1,537.13,590.843,53.713
2858,PHOENIX,Arizona,3824,2025-03-20 18:45:00,Tennis Shoes,1,509.53,560.483,50.953
4530,POMPANO BEACH,Florida,143,2025-03-22 11:51:00,Tennis Shoes,1,537.13,590.843,53.713
6129,PHILADELPHIA,Pennsylvania,2587,2025-03-23 21:43:00,Tennis Shoes,1,509.53,560.483,50.953
1258,MINNEAPOLIS,Minnesota,1764,2025-03-19 12:06:00,Tennis Shoes,1,507.13,557.843,50.713
5957,EL PASO,Texas,1806,2025-03-23 19:00:00,Tennis Shoes,1,497.13,546.843,49.713
1963,MILWAUKEE,Wisconsin,4996,2025-03-19 21:55:00,Tennis Shoes,1,531.93,585.123,53.193
3369,WARREN,Ohio,5233,2025-03-21 10:53:00,Tennis Shoes,1,571.93,629.123,57.193
6318,SEATTLE,Washington,3215,2025-03-24 08:15:00,Tennis Shoes,1,517.53,569.283,51.753
30,PEORIA,Illinois,4726,2025-03-18 02:25:00,Tennis Shoes,1,527.13,579.843,52.713
4003,LAWRENCEVILLE,Georgia,181,2025-03-21 20:50:00,Tennis Shoes,1,485.53,534.083,48.553
6073,HARTFORD,Connecticut,48,2025-03-23 20:57:00,Tennis Shoes,1,517.53,569.283,51.753
1105,CLEVELAND,Ohio,500,2025-03-19 10:15:00,Tennis Shoes,1,527.13,579.843,52.713
3938,PUEBLO,Colorado,704,2025-03-21 19:41:00,Tennis Shoes,1,517.53,569.283,51.753
3592,NEW YORK CITY,New York,488,2025-03-21 14:11:00,Tennis Shoes,1,485.53,534.083,48.553
3594,MC KEESPORT,Pennsylvania,978,2025-03-21 14:12:00,Tennis Shoes,1,733.13,806.443,73.313
1250,GLENDALE,California,224,2025-03-19 12:02:00,Tennis Shoes,1,517.53,569.283,51.753
4957,APPLETON,Wisconsin,4284,2025-03-22 17:50:00,Tennis Shoes,1,635.13,698.643,63.513
4248,CHICAGO,Illinois,2808,2025-03-22 08:44:00,Tennis Shoes,1,537.13,590.843,53.713
3424,RICHMOND,Virginia,1937,2025-03-21 11:44:00,Tennis Shoes,1,635.13,698.643,63.513
659,ORLANDO,Florida,937,2025-03-18 17:04:00,Tennis Shoes,1,537.13,590.843,53.713
654,BURBANK,California,4439,2025-03-18 17:00:00,Tennis Shoes,1,586.13,644.743,58.613
309,SANTA ANA,California,3737,2025-03-18 12:13:00,Tennis Shoes,1,595.93,655.523,59.593
1495,TULSA,Oklahoma,1051,2025-03-19 15:06:00,Tennis Shoes,1,517.53,569.283,51.753
5342,SAN DIEGO,California,2704,2025-03-23 07:51:00,Tennis Shoes,1,537.13,590.843,53.713
2487,EL PASO,Texas,40,2025-03-20 14:11:00,Tennis Shoes,1,517.53,569.283,51.753
4843,BAKERSFIELD,California,1850,2025-03-22 16:07:00,Tennis Shoes,1,625.13,687.643,62.513
3386,MOBILE,Alabama,1411,2025-03-21 11:12:00,Tennis Shoes,1,537.13,590.843,53.713
2617,SAN DIEGO,California,495,2025-03-20 15:38:00,Tennis Shoes,1,555.93,611.523,55.593
5004,DALLAS,Texas,5755,2025-03-22 18:42:00,Tennis Shoes,1,509.53,560.483,50.953
5355,MOBILE,Alabama,1098,2025-03-23 08:27:00,Tennis Shoes,1,537.13,590.843,53.713
7355,COLUMBIA,South Carolina,613,2025-03-24 22:05:00,Tennis Shoes,1,537.13,590.843,53.713
1369,SPRINGFIELD,Illinois,1774,2025-03-19 13:29:00,Tennis Shoes,1,537.13,590.843,53.713
5688,DALLAS,Texas,2105,2025-03-23 14:25:00,Tennis Shoes,1,537.13,590.843,53.713
2420,HIALEAH,Florida,6026,2025-03-20 13:10:00,Walking Shoes,1,501.53,551.683,50.153
3946,KANSAS CITY,Missouri,1416,2025-03-21 19:53:00,Walking Shoes,1,501.53,551.683,50.153
3942,TAMPA,Florida,1525,2025-03-21 19:49:00,Tennis Shoes,1,535.13,588.643,53.513
5581,WASHINGTON,District of Columbia,4390,2025-03-23 12:40:00,Tennis Shoes,2,771.13,848.243,77.113
3563,SAVANNAH,Georgia,1638,2025-03-21 13:47:00,Tennis Shoes,2,635.13,698.643,63.513
3871,RIVERSIDE,California,4896,2025-03-21 18:43:00,Tennis Shoes,1,537.13,590.843,53.713
4554,ATLANTA,Georgia,3531,2025-03-22 12:10:00,Tennis Shoes,1,537.13,590.843,53.713
4772,SEATTLE,Washington,6136,2025-03-22 15:07:00,Tennis Shoes,1,625.13,687.643,62.513
7001,BIRMINGHAM,Alabama,3793,2025-03-24 16:09:00,Tennis Shoes,1,615.13,676.643,61.513
6785,ALBANY,Georgia,5297,2025-03-24 13:21:00,Tennis Shoes,1,517.53,569.283,51.753
4073,NEWPORT NEWS,Virginia,1114,2025-03-21 22:24:00,Tennis Shoes,1,587.93,646.723,58.793
1850,CHARLOTTE,North Carolina,4563,2025-03-19 19:33:00,Tennis Shoes,1,540.73,594.803,54.073
5566,NORCROSS,Georgia,2968,2025-03-23 12:29:00,Flip-Flops,1,897.13,986.843,89.713
5998,AUSTIN,Texas,5547,2025-03-23 19:47:00,Flip-Flops,1,571.93,629.123,57.193
349,BIRMINGHAM,Alabama,6122,2025-03-18 12:49:00,Tennis Shoes,1,585.13,643.643,58.513
4642,SANTA BARBARA,California,110,2025-03-22 13:13:00,Tennis Shoes,1,653.13,718.443,65.313
7142,PORTLAND,Oregon,5010,2025-03-24 18:13:00,Sandals,1,485.53,534.083,48.553
4670,MINNEAPOLIS,Minnesota,2151,2025-03-22 13:39:00,Tennis Shoes,1,625.13,687.643,62.513
3161,PHILADELPHIA,Pennsylvania,2136,2025-03-20 23:36:00,Tennis Shoes,1,485.53,534.083,48.553
7024,EL PASO,Texas,2675,2025-03-24 16:25:00,Tennis Shoes,1,594.33,653.763,59.433
2983,FLORENCE,South Carolina,4134,2025-03-20 20:32:00,Tennis Shoes,1,595.93,655.523,59.593
1043,SAINT PAUL,Minnesota,1865,2025-03-19 09:20:00,Tennis Shoes,1,509.53,560.483,50.953
2279,NEW YORK CITY,New York,1332,2025-03-20 11:26:00,Tennis Shoes,1,587.93,646.723,58.793
5402,FORT SMITH,Arkansas,3174,2025-03-23 09:34:00,Tennis Shoes,1,531.93,585.123,53.193
4507,CHICAGO,Illinois,4429,2025-03-22 11:37:00,Tennis Shoes,1,703.13,773.443,70.313
5446,FORT LAUDERDALE,Florida,2540,2025-03-23 10:12:00,Tennis Shoes,1,537.13,590.843,53.713
5394,NEWARK,New Jersey,6272,2025-03-23 09:28:00,Tennis Shoes,1,537.13,590.843,53.713
3509,WARREN,Michigan,3715,2025-03-21 13:03:00,Running Shoes,1,597.23,656.953,59.723
6048,OAKLAND,California,3263,2025-03-23 20:41:00,Running Shoes,1,571.93,629.123,57.193
4133,TAMPA,Florida,932,2025-03-21 23:54:00,Running Shoes,1,537.13,590.843,53.713
4116,NEW YORK CITY,New York,1256,2025-03-21 23:22:00,Running Shoes,1,563.93,620.323,56.393
1503,SAN DIEGO,California,3251,2025-03-19 15:11:00,Running Shoes,1,611.93,673.123,61.193
4409,EL PASO,Texas,3491,2025-03-22 10:32:00,Running Shoes,1,509.53,560.483,50.953
5743,NASHVILLE,Tennessee,1273,2025-03-23 15:14:00,Running Shoes,1,537.13,590.843,53.713
4710,WICHITA FALLS,Texas,4168,2025-03-22 14:13:00,Running Shoes,1,527.13,579.843,52.713
4032,OKLAHOMA CITY,Oklahoma,5494,2025-03-21 21:31:00,Running Shoes,1,527.13,579.843,52.713
4148,AKRON,Ohio,2782,2025-03-22 00:39:00,Running Shoes,1,595.93,655.523,59.593
2898,BOSTON,Massachusetts,1724,2025-03-20 19:13:00,Water Shoes,1,497.13,546.843,49.713
3127,HOUSTON,Texas,860,2025-03-20 22:48:00,Running Shoes,1,911.13,1002.243,91.113
6456,CINCINNATI,Ohio,3938,2025-03-24 09:49:00,Running Shoes,1,733.13,806.443,73.313
1159,ATLANTA,Georgia,489,2025-03-19 11:00:00,Running Shoes,1,735.13,808.643,73.513
4259,LONG BEACH,California,1664,2025-03-22 08:54:00,Flip-Flops,1,547.13,601.843,54.713
6446,DAYTON,Ohio,4997,2025-03-24 09:44:00,Flip-Flops,1,537.13,590.843,53.713
4477,INDIANAPOLIS,Indiana,879,2025-03-22 11:17:00,Jackets,1,643.93,708.323,64.393
2407,DENTON,Texas,1339,2025-03-20 13:01:00,Running Shoes,1,625.13,687.643,62.513
1757,LOS ANGELES,California,2531,2025-03-19 18:29:00,Running Shoes,1,658.33,724.163,65.833
5793,LAS VEGAS,Nevada,2247,2025-03-23 16:03:00,Running Shoes,1,517.53,569.283,51.753
4853,TALLAHASSEE,Florida,572,2025-03-22 16:16:00,Running Shoes,1,517.13,568.843,51.713
1017,ORLANDO,Florida,1435,2025-03-19 08:45:00,Running Shoes,1,733.13,806.443,73.313
4151,RENO,Nevada,5750,2025-03-22 01:05:00,Running Shoes,1,615.13,676.643,61.513
4245,CUMMING,Georgia,1862,2025-03-22 08:42:00,Running Shoes,1,517.53,569.283,51.753
5150,LINCOLN,Nebraska,2424,2025-03-22 20:44:00,Running Shoes,1,615.13,676.643,61.513
1693,SPRINGFIELD,Illinois,5727,2025-03-19 17:35:00,Running Shoes,1,517.13,568.843,51.713
1449,ORANGE,California,4753,2025-03-19 14:30:00,Running Shoes,1,693.13,762.443,69.313
3348,MONTGOMERY,Alabama,5503,2025-03-21 10:41:00,Running Shoes,1,565.13,621.643,56.513
4216,DEARBORN,Michigan,3052,2025-03-22 08:21:00,Running Shoes,1,537.13,590.843,53.713
2810,DES MOINES,Iowa,172,2025-03-20 18:08:00,Running Shoes,1,595.93,655.523,59.593
4819,PORTLAND,Maine,844,2025-03-22 15:50:00,Running Shoes,1,595.93,655.523,59.593
6366,GULFPORT,Mississippi,1655,2025-03-24 08:50:00,Running Shoes,1,517.53,569.283,51.753
6157,LONDON,Kentucky,6028,2025-03-23 22:06:00,Running Shoes,1,625.13,687.643,62.513
2123,HOUSTON,Texas,5189,2025-03-20 09:08:00,Running Shoes,2,563.93,620.323,56.393
5591,PATERSON,New Jersey,2308,2025-03-23 12:48:00,Running Shoes,1,517.13,568.843,51.713
4483,DETROIT,Michigan,3028,2025-03-22 11:21:00,Running Shoes,1,527.13,579.843,52.713
7386,GREAT NECK,New York,3248,2025-03-24 22:43:00,Running Shoes,1,507.13,557.843,50.713
1558,MIAMI,Florida,2343,2025-03-19 16:01:00,Running Shoes,1,841.13,925.243,84.113
5660,COLUMBIA,South Carolina,5851,2025-03-23 13:51:00,Running Shoes,1,690.33,759.363,69.033
2121,SILVER SPRING,Maryland,2843,2025-03-20 09:07:00,Running Shoes,1,663.13,729.443,66.313
3550,SIMI VALLEY,California,5713,2025-03-21 13:39:00,Running Shoes,1,831.13,914.243,83.113
3433,PHOENIX,Arizona,4569,2025-03-21 11:52:00,Running Shoes,1,587.93,646.723,58.793
3182,GASTONIA,North Carolina,107,2025-03-21 00:35:00,Running Shoes,1,517.13,568.843,51.713
5646,SAINT PAUL,Minnesota,767,2025-03-23 13:38:00,Sandals,1,517.13,568.843,51.713
6136,HOUSTON,Texas,3010,2025-03-23 21:48:00,Running Shoes,1,605.13,665.643,60.513
6602,HUNTSVILLE,Texas,5804,2025-03-24 11:19:00,Running Shoes,1,801.13,881.243,80.113
2133,MONTGOMERY,Alabama,3982,2025-03-20 09:21:00,Running Shoes,1,517.53,569.283,51.753
4192,BOSTON,Massachusetts,57,2025-03-22 07:53:00,Running Shoes,1,665.13,731.643,66.513
6221,BALTIMORE,Maryland,6024,2025-03-23 23:49:00,Running Shoes,1,555.13,610.643,55.513
4162,TULSA,Oklahoma,3510,2025-03-22 03:15:00,Running Shoes,1,605.13,665.643,60.513
5905,SAN DIEGO,California,461,2025-03-23 17:51:00,Running Shoes,1,537.13,590.843,53.713
347,AMARILLO,Texas,1323,2025-03-18 12:47:00,Running Shoes,1,587.93,646.723,58.793
5262,NEW ORLEANS,Louisiana,1185,2025-03-22 23:13:00,Running Shoes,1,501.53,551.683,50.153
3425,FLINT,Michigan,3164,2025-03-21 11:44:00,Running Shoes,1,537.13,590.843,53.713
6985,NORTH LITTLE ROCK,Arkansas,1765,2025-03-24 15:51:00,Running Shoes,1,751.13,826.243,75.113
7026,ORLANDO,Florida,2818,2025-03-24 16:25:00,Running Shoes,1,635.13,698.643,63.513
228,CHICAGO,Illinois,1722,2025-03-18 11:08:00,Running Shoes,1,517.13,568.843,51.713
1217,PHILADELPHIA,Pennsylvania,1330,2025-03-19 11:38:00,Running Shoes,1,703.13,773.443,70.313
5559,HYATTSVILLE,Maryland,2028,2025-03-23 12:25:00,Running Shoes,1,634.33,697.763,63.433
5020,CHARLOTTESVILLE,Virginia,203,2025-03-22 18:56:00,Running Shoes,1,635.13,698.643,63.513
5748,MIAMI,Florida,3360,2025-03-23 15:19:00,Running Shoes,1,575.13,632.643,57.513
779,HUNTINGTON,West Virginia,3470,2025-03-18 19:51:00,Running Shoes,1,537.13,590.843,53.713
3355,JACKSON,Tennessee,201,2025-03-21 10:44:00,Running Shoes,1,509.53,560.483,50.953
5522,DECATUR,Illinois,4693,2025-03-23 11:51:00,Running Shoes,1,674.33,741.763,67.433
6256,EL PASO,Texas,2838,2025-03-24 03:06:00,Running Shoes,1,527.13,579.843,52.713
3115,EL PASO,Texas,6463,2025-03-20 22:30:00,Running Shoes,1,527.13,579.843,52.713
5292,ALBUQUERQUE,New Mexico,885,2025-03-23 00:24:00,Running Shoes,1,635.13,698.643,63.513
3602,ERIE,Pennsylvania,1585,2025-03-21 14:18:00,Walking Shoes,1,595.13,654.643,59.513
3308,SAN ANTONIO,Texas,987,2025-03-21 10:03:00,Running Shoes,3,613.13,674.443,61.313
1642,EL PASO,Texas,251,2025-03-19 16:49:00,Running Shoes,1,635.13,698.643,63.513
4041,TAMPA,Florida,702,2025-03-21 21:42:00,Sandals,1,575.13,632.643,57.513
4948,MILWAUKEE,Wisconsin,5816,2025-03-22 17:32:00,Running Shoes,1,634.33,697.763,63.433
6145,AMARILLO,Texas,4786,2025-03-23 21:58:00,Running Shoes,1,537.13,590.843,53.713
3502,SIOUX FALLS,South Dakota,4540,2025-03-21 12:55:00,Running Shoes,1,735.13,808.643,73.513
5788,SIMI VALLEY,California,2984,2025-03-23 16:00:00,Running Shoes,1,800.73,880.803,80.073
4771,SANTA MONICA,California,5514,2025-03-22 15:07:00,Running Shoes,1,635.13,698.643,63.513
2919,DECATUR,Illinois,1086,2025-03-20 19:27:00,Accessories,1,812.13,893.343,81.213
2962,BILOXI,Mississippi,806,2025-03-20 20:10:00,Walking Shoes,1,751.13,826.243,75.113
2501,HOMESTEAD,Florida,904,2025-03-20 14:19:00,Running Shoes,1,658.33,724.163,65.833
7056,BROOKLYN,New York,1457,2025-03-24 16:47:00,Running Shoes,1,752.73,828.003,75.273
4121,SALT LAKE CITY,Utah,6395,2025-03-21 23:28:00,Running Shoes,1,642.33,706.563,64.233
2675,KANSAS CITY,Missouri,2141,2025-03-20 16:27:00,Running Shoes,1,625.13,687.643,62.513
4553,TACOMA,Washington,3685,2025-03-22 12:08:00,Sandals,1,701.13,771.243,70.113
3899,TOPEKA,Kansas,1395,2025-03-21 19:08:00,Running Shoes,1,537.13,590.843,53.713
953,PORTLAND,Oregon,3634,2025-03-19 00:24:00,Running Shoes,1,537.13,590.843,53.713
1960,SAN FRANCISCO,California,1746,2025-03-19 21:53:00,Running Shoes,1,635.13,698.643,63.513
5798,GASTONIA,North Carolina,1526,2025-03-23 16:07:00,Running Shoes,1,587.93,646.723,58.793
2359,ALEXANDRIA,Virginia,6216,2025-03-20 12:20:00,Walking Shoes,1,719.13,791.043,71.913
4729,BATON ROUGE,Louisiana,4525,2025-03-22 14:24:00,Walking Shoes,1,688.73,757.603,68.873
3043,PORTLAND,Oregon,5701,2025-03-20 21:16:00,Running Shoes,1,744.73,819.203,74.473
1601,EDMOND,Oklahoma,4322,2025-03-19 16:30:00,Running Shoes,1,753.13,828.443,75.313
1366,MEMPHIS,Tennessee,692,2025-03-19 13:27:00,Running Shoes,1,869.53,956.483,86.953
2092,FORT WORTH,Texas,3682,2025-03-20 08:31:00,Running Shoes,1,713.13,784.443,71.313
1095,PASADENA,California,1450,2025-03-19 10:09:00,Running Shoes,1,626.33,688.963,62.633
6900,NEWARK,New Jersey,2754,2025-03-24 14:39:00,Flip-Flops,1,517.53,569.283,51.753
7313,VIRGINIA BEACH,Virginia,3121,2025-03-24 21:02:00,Running Shoes,1,537.13,590.843,53.713
5303,CORONA,California,5855,2025-03-23 01:09:00,Running Shoes,1,517.13,568.843,51.713
4990,TALLAHASSEE,Florida,5731,2025-03-22 18:26:00,Running Shoes,1,889.13,978.043,88.913
611,CANTON,Ohio,6077,2025-03-18 16:21:00,Running Shoes,1,543.53,597.883,54.353
6368,BOULDER,Colorado,4886,2025-03-24 08:52:00,Running Shoes,1,723.13,795.443,72.313
5256,NEW ORLEANS,Louisiana,194,2025-03-22 23:05:00,Running Shoes,1,605.13,665.643,60.513
5206,GREENVILLE,South Carolina,836,2025-03-22 21:48:00,Running Shoes,1,585.13,643.643,58.513
6072,HICKSVILLE,New York,2581,2025-03-23 20:56:00,Boots,1,537.13,590.843,53.713
4038,WALTHAM,Massachusetts,5448,2025-03-21 21:38:00,Jackets,1,567.13,623.843,56.713
1759,SACRAMENTO,California,2402,2025-03-19 18:29:00,Sandals,1,493.53,542.883,49.353
5340,MORGANTOWN,West Virginia,3334,2025-03-23 07:38:00,Running Shoes,1,527.13,579.843,52.713
7032,NEW YORK CITY,New York,6045,2025-03-24 16:32:00,Running Shoes,1,517.13,568.843,51.713
4563,MODESTO,California,658,2025-03-22 12:17:00,Running Shoes,1,555.93,611.523,55.593
7383,ENGLEWOOD,Colorado,3843,2025-03-24 22:36:00,Running Shoes,1,615.13,676.643,61.513
4412,JOLIET,Illinois,4905,2025-03-22 10:32:00,Running Shoes,1,563.93,620.323,56.393
7111,NEW ORLEANS,Louisiana,6371,2025-03-24 17:50:00,Sandals,1,523.93,576.323,52.393
2172,PHOENIX,Arizona,577,2025-03-20 09:51:00,Running Shoes,1,947.93,1042.723,94.793
934,FRESNO,California,1239,2025-03-18 23:33:00,Running Shoes,1,615.13,676.643,61.513
6205,DECATUR,Georgia,5743,2025-03-23 23:22:00,Running Shoes,1,575.13,632.643,57.513
4475,MIAMI,Florida,6170,2025-03-22 11:17:00,Running Shoes,1,587.93,646.723,58.793
2126,COLORADO SPRINGS,Colorado,1123,2025-03-20 09:13:00,Running Shoes,1,719.13,791.043,71.913
85,GARLAND,Texas,2135,2025-03-18 08:45:00,Running Shoes,1,605.13,665.643,60.513
3268,GAINESVILLE,Florida,1607,2025-03-21 09:09:00,Running Shoes,1,625.13,687.643,62.513
4452,SPRINGFIELD,Missouri,3095,2025-03-22 11:02:00,Running Shoes,1,658.33,724.163,65.833
3166,ORLANDO,Florida,6257,2025-03-20 23:45:00,Boots,1,849.13,934.043,84.913
2525,TACOMA,Washington,4213,2025-03-20 14:38:00,Running Shoes,1,563.93,620.323,56.393
6192,DES MOINES,Iowa,623,2025-03-23 22:59:00,Running Shoes,1,517.53,569.283,51.753
26,BISMARCK,North Dakota,2006,2025-03-18 01:46:00,Running Shoes,1,615.13,676.643,61.513
2302,FORT WAYNE,Indiana,671,2025-03-20 11:38:00,Running Shoes,1,595.93,655.523,59.593
4234,DENVER,Colorado,5627,2025-03-22 08:36:00,Walking Shoes,1,501.53,551.683,50.153
5275,VAN NUYS,California,4267,2025-03-22 23:43:00,Boots,1,658.33,724.163,65.833
7248,BALTIMORE,Maryland,5171,2025-03-24 19:57:00,Flip-Flops,1,527.13,579.843,52.713
2406,DAYTONA BEACH,Florida,6105,2025-03-20 13:00:00,Running Shoes,1,1159.13,1275.043,115.913
3917,BLOOMINGTON,Indiana,2025,2025-03-21 19:26:00,Running Shoes,1,527.13,579.843,52.713
630,KANSAS CITY,Missouri,4879,2025-03-18 16:33:00,Running Shoes,1,605.73,666.303,60.573
2317,TALLAHASSEE,Florida,4552,2025-03-20 11:45:00,Running Shoes,1,537.13,590.843,53.713
4142,EL PASO,Texas,4093,2025-03-22 00:24:00,Running Shoes,1,642.33,706.563,64.233
6991,VAN NUYS,California,4035,2025-03-24 15:57:00,Running Shoes,1,698.33,768.163,69.833
3307,BETHLEHEM,Pennsylvania,4750,2025-03-21 10:03:00,Running Shoes,1,527.13,579.843,52.713
6050,DETROIT,Michigan,3530,2025-03-23 20:45:00,Running Shoes,1,760.73,836.803,76.073
4087,FARGO,North Dakota,1889,2025-03-21 22:42:00,Running Shoes,1,1525.13,1677.643,152.513
7179,EL PASO,Texas,5888,2025-03-24 18:53:00,Running Shoes,1,991.13,1090.243,99.113
967,RALEIGH,North Carolina,2635,2025-03-19 01:50:00,Running Shoes,1,783.13,861.443,78.313
6652,TOLEDO,Ohio,1235,2025-03-24 11:47:00,Running Shoes,1,666.33,732.963,66.633
4580,COLUMBUS,Ohio,492,2025-03-22 12:30:00,Running Shoes,1,635.13,698.643,63.513
452,ROCHESTER,New York,4865,2025-03-18 14:00:00,Running Shoes,1,563.63,619.993,56.363
29,WASHINGTON,District of Columbia,4469,2025-03-18 01:56:00,Flip-Flops,1,507.13,557.843,50.713
5988,SAN DIEGO,California,1460,2025-03-23 19:34:00,Flip-Flops,1,547.13,601.843,54.713
5999,CHARLOTTE,North Carolina,4240,2025-03-23 19:47:00,Jackets,1,597.13,656.843,59.713
582,EL PASO,Texas,1644,2025-03-18 16:00:00,Running Shoes,1,752.13,827.343,75.213
4870,COLUMBUS,Ohio,2995,2025-03-22 16:35:00,Running Shoes,1,586.13,644.743,58.613
3796,CORONA,California,4386,2025-03-21 17:22:00,Running Shoes,1,673.53,740.883,67.353
1969,MIAMI,Florida,4647,2025-03-19 22:06:00,Running Shoes,1,578.63,636.493,57.863
3080,KANSAS CITY,Missouri,1820,2025-03-20 21:47:00,Running Shoes,1,815.13,896.643,81.513
6260,GREENVILLE,South Carolina,5392,2025-03-24 03:42:00,Running Shoes,1,537.13,590.843,53.713
6195,LOS ANGELES,California,1483,2025-03-23 23:03:00,Running Shoes,1,650.33,715.363,65.033
6726,AURORA,Illinois,4866,2025-03-24 12:36:00,Running Shoes,1,831.13,914.243,83.113
5815,ERIE,Pennsylvania,3687,2025-03-23 16:21:00,Running Shoes,1,1281.13,1409.243,128.113
3270,ORLANDO,Florida,689,2025-03-21 09:10:00,Running Shoes,1,723.13,795.443,72.313
543,ATLANTA,Georgia,0,2025-03-18 15:19:00,Running Shoes,1,527.13,579.843,52.713
6889,NEW YORK CITY,New York,6290,2025-03-24 14:25:00,Running Shoes,1,919.13,1011.043,91.913
4278,GREENVILLE,South Carolina,4165,2025-03-22 09:07:00,Running Shoes,1,635.13,698.643,63.513
622,ESCONDIDO,California,2606,2025-03-18 16:29:00,Running Shoes,1,642.33,706.563,64.233
1748,VAN NUYS,California,4785,2025-03-19 18:23:00,Running Shoes,1,664.73,731.203,66.473
1592,LARGO,Florida,3580,2025-03-19 16:22:00,Running Shoes,1,674.33,741.763,67.433
6052,HOUSTON,Texas,3552,2025-03-23 20:47:00,Running Shoes,1,733.13,806.443,73.313
6094,PITTSBURGH,Pennsylvania,4637,2025-03-23 21:14:00,Running Shoes,1,635.13,698.643,63.513
17,RICHMOND,Virginia,1366,2025-03-18 01:07:00,Running Shoes,1,635.13,698.643,63.513
6541,NEW HAVEN,Connecticut,5950,2025-03-24 10:39:00,Running Shoes,1,666.33,732.963,66.633
3104,NEW BEDFORD,Massachusetts,4274,2025-03-20 22:17:00,Running Shoes,1,1037.13,1140.843,103.713
4744,OGDEN,Utah,6148,2025-03-22 14:39:00,Running Shoes,1,555.93,611.523,55.593
4873,HUNTSVILLE,Alabama,5792,2025-03-22 16:39:00,Running Shoes,1,595.93,655.523,59.593
802,VAN NUYS,California,228,2025-03-18 20:21:00,Running Shoes,1,650.33,715.363,65.033
4219,SANTA CRUZ,California,1704,2025-03-22 08:23:00,Running Shoes,1,703.13,773.443,70.313
549,MAPLE PLAIN,Minnesota,438,2025-03-18 15:23:00,Running Shoes,1,537.13,590.843,53.713
3985,ALBANY,New York,1937,2025-03-21 20:35:00,Running Shoes,1,517.13,568.843,51.713
3945,MONTGOMERY,Alabama,5382,2025-03-21 19:50:00,Running Shoes,1,595.93,655.523,59.593
7030,SPRINGFIELD,Missouri,4155,2025-03-24 16:30:00,Running Shoes,1,527.13,579.843,52.713
2388,HAMPTON,Virginia,2939,2025-03-20 12:46:00,Running Shoes,1,615.13,676.643,61.513
7069,SAN BERNARDINO,California,4044,2025-03-24 16:55:00,Running Shoes,1,537.13,590.843,53.713
1743,NEW HAVEN,Connecticut,3804,2025-03-19 18:15:00,Running Shoes,1,555.13,610.643,55.513
5164,JAMAICA,New York,3451,2025-03-22 21:04:00,Running Shoes,1,595.93,655.523,59.593
7076,IRVINE,California,5692,2025-03-24 17:03:00,Running Shoes,1,485.53,534.083,48.553
2366,RICHMOND,Virginia,1647,2025-03-20 12:24:00,Running Shoes,1,625.13,687.643,62.513
6084,MYRTLE BEACH,South Carolina,1188,2025-03-23 21:05:00,Running Shoes,1,625.13,687.643,62.513
4338,LOUISVILLE,Kentucky,2942,2025-03-22 09:49:00,Running Shoes,1,587.93,646.723,58.793
6313,COLUMBUS,Ohio,5543,2025-03-24 08:06:00,Running Shoes,1,579.93,637.923,57.993
599,WASHINGTON,District of Columbia,3448,2025-03-18 16:14:00,Running Shoes,1,595.13,654.643,59.513
3346,NORFOLK,Virginia,2843,2025-03-21 10:40:00,Running Shoes,1,527.13,579.843,52.713
3156,DAYTON,Ohio,4039,2025-03-20 23:26:00,Running Shoes,1,537.13,590.843,53.713
3240,WATERBURY,Connecticut,927,2025-03-21 08:18:00,Running Shoes,1,507.13,557.843,50.713
2304,PROVIDENCE,Rhode Island,4891,2025-03-20 11:41:00,Running Shoes,1,571.93,629.123,57.193
4405,LOS ANGELES,California,5664,2025-03-22 10:30:00,Running Shoes,1,527.13,579.843,52.713
4999,AUSTIN,Texas,2923,2025-03-22 18:35:00,Running Shoes,1,537.13,590.843,53.713
3323,ROCHESTER,New York,2800,2025-03-21 10:21:00,Running Shoes,1,537.13,590.843,53.713
3024,LAKE WORTH,Florida,5900,2025-03-20 21:06:00,Walking Shoes,1,626.33,688.963,62.633
4687,MACON,Georgia,3374,2025-03-22 13:48:00,Walking Shoes,1,547.93,602.723,54.793
5720,SHAWNEE MISSION,Kansas,6183,2025-03-23 14:49:00,Walking Shoes,1,537.13,590.843,53.713
6170,ROCKFORD,Illinois,4566,2025-03-23 22:22:00,Running Shoes,2,635.13,698.643,63.513
4394,HARTFORD,Connecticut,5027,2025-03-22 10:22:00,Running Shoes,1,625.13,687.643,62.513
792,NEW CASTLE,Pennsylvania,1846,2025-03-18 20:09:00,Running Shoes,1,595.93,655.523,59.593
7400,TAMPA,Florida,5051,2025-03-24 23:14:00,Running Shoes,1,916.73,1008.403,91.673
5221,EL PASO,Texas,4717,2025-03-22 22:12:00,Running Shoes,1,635.13,698.643,63.513
4711,ALBUQUERQUE,New Mexico,4371,2025-03-22 14:13:00,Running Shoes,1,595.13,654.643,59.513
6232,SAINT PAUL,Minnesota,4498,2025-03-24 00:12:00,Jackets,1,617.13,678.843,61.713
2162,PHOENIX,Arizona,4007,2025-03-20 09:44:00,Jackets,1,833.13,916.443,83.313
1490,LINCOLN,Nebraska,6418,2025-03-19 15:05:00,Jackets,1,706.33,776.963,70.633
2159,CHARLOTTE,North Carolina,4941,2025-03-20 09:41:00,Sandals,1,517.13,568.843,51.713
5636,SPARTANBURG,South Carolina,1777,2025-03-23 13:29:00,Running Shoes,1,703.13,773.443,70.313
5731,CHICAGO,Illinois,1741,2025-03-23 15:03:00,Running Shoes,1,713.13,784.443,71.313
3630,AUSTIN,Texas,2294,2025-03-21 14:51:00,Running Shoes,1,811.13,892.243,81.113
733,NORTH LITTLE ROCK,Arkansas,4373,2025-03-18 18:49:00,Running Shoes,1,929.13,1022.043,92.913
2596,DENVER,Colorado,6280,2025-03-20 15:23:00,Running Shoes,1,507.13,557.843,50.713
1434,CHARLESTON,West Virginia,3306,2025-03-19 14:12:00,Running Shoes,1,625.13,687.643,62.513
5470,CHICAGO,Illinois,2678,2025-03-23 10:50:00,Running Shoes,1,674.33,741.763,67.433
6934,ROANOKE,Virginia,3071,2025-03-24 15:11:00,Running Shoes,1,587.93,646.723,58.793
5378,PHOENIX,Arizona,363,2025-03-23 09:08:00,Running Shoes,1,507.13,557.843,50.713
5148,BUFFALO,New York,6295,2025-03-22 20:42:00,Jackets,1,557.53,613.283,55.753
2844,KANSAS CITY,Missouri,4347,2025-03-20 18:35:00,Running Shoes,1,517.53,569.283,51.753
1714,NORCROSS,Georgia,2570,2025-03-19 17:50:00,Running Shoes,1,674.33,741.763,67.433
3584,EL PASO,Texas,512,2025-03-21 14:06:00,Running Shoes,1,869.13,956.043,86.913
5721,INDIANAPOLIS,Indiana,4578,2025-03-23 14:50:00,Running Shoes,1,1075.13,1182.643,107.513
6802,PENSACOLA,Florida,3236,2025-03-24 13:32:00,Jackets,1,557.53,613.283,55.753
4978,WARREN,Ohio,6034,2025-03-22 18:13:00,Running Shoes,1,929.13,1022.043,92.913
5913,LOS ANGELES,California,1801,2025-03-23 18:02:00,Running Shoes,1,595.13,654.643,59.513
3253,BAKERSFIELD,California,4193,2025-03-21 08:54:00,Running Shoes,1,595.93,655.523,59.593
2534,BOULDER,Colorado,2804,2025-03-20 14:47:00,Running Shoes,1,869.13,956.043,86.913
5082,SAN JOSE,California,624,2025-03-22 19:44:00,Running Shoes,1,509.53,560.483,50.953
5205,PUNTA GORDA,Florida,6165,2025-03-22 21:47:00,Running Shoes,1,634.33,697.763,63.433
6933,MINNEAPOLIS,Minnesota,2065,2025-03-24 15:11:00,Running Shoes,1,635.13,698.643,63.513
3094,IDAHO FALLS,Idaho,2334,2025-03-20 22:02:00,Running Shoes,1,537.13,590.843,53.713
7419,NEW YORK CITY,New York,2669,2025-03-24 23:34:00,Running Shoes,1,744.73,819.203,74.473
562,MIAMI,Florida,5711,2025-03-18 15:38:00,Running Shoes,1,493.53,542.883,49.353
2197,ASHEVILLE,North Carolina,5582,2025-03-20 10:12:00,Running Shoes,1,733.13,806.443,73.313
5251,NEW HAVEN,Connecticut,2025,2025-03-22 22:56:00,Sandals,1,536.13,589.743,53.613
4040,NEW YORK CITY,New York,5814,2025-03-21 21:40:00,Running Shoes,1,517.53,569.283,51.753
3110,FAYETTEVILLE,North Carolina,4365,2025-03-20 22:21:00,Running Shoes,1,527.13,579.843,52.713
5571,BRONX,New York,5316,2025-03-23 12:34:00,Running Shoes,1,634.33,697.763,63.433
5640,ATLANTA,Georgia,6007,2025-03-23 13:32:00,Running Shoes,1,485.53,534.083,48.553
6605,ORLANDO,Florida,106,2025-03-24 11:20:00,Running Shoes,1,517.53,569.283,51.753
2956,VERO BEACH,Florida,4375,2025-03-20 20:02:00,Running Shoes,1,650.33,715.363,65.033
2007,COLUMBUS,Ohio,2304,2025-03-19 22:57:00,Running Shoes,1,537.13,590.843,53.713
2763,TAMPA,Florida,351,2025-03-20 17:36:00,Running Shoes,1,527.13,579.843,52.713
7297,RICHMOND,Virginia,3058,2025-03-24 20:40:00,Running Shoes,1,517.53,569.283,51.753
5900,SPOKANE,Washington,2680,2025-03-23 17:48:00,Running Shoes,1,527.13,579.843,52.713
3458,CHARLOTTE,North Carolina,6168,2025-03-21 12:19:00,Running Shoes,1,537.13,590.843,53.713
3947,SAINT PETERSBURG,Florida,3079,2025-03-21 19:54:00,Jackets,1,565.53,622.083,56.553
6759,AUSTIN,Texas,3781,2025-03-24 12:57:00,Running Shoes,1,501.53,551.683,50.153
5044,EUGENE,Oregon,5940,2025-03-22 19:20:00,Running Shoes,1,595.93,655.523,59.593
4124,COLORADO SPRINGS,Colorado,1380,2025-03-21 23:32:00,Running Shoes,1,509.53,560.483,50.953
1318,EL PASO,Texas,728,2025-03-19 12:52:00,Running Shoes,1,517.53,569.283,51.753
3467,LEXINGTON,Kentucky,2604,2025-03-21 12:24:00,Running Shoes,1,501.53,551.683,50.153
2588,SHREVEPORT,Louisiana,2011,2025-03-20 15:18:00,Running Shoes,1,527.13,579.843,52.713
2174,READING,Pennsylvania,3273,2025-03-20 09:53:00,Running Shoes,1,517.13,568.843,51.713
6288,IRVINE,California,5491,2025-03-24 07:26:00,Running Shoes,1,658.33,724.163,65.833
2206,LEXINGTON,Kentucky,710,2025-03-20 10:20:00,Running Shoes,1,537.13,590.843,53.713
4695,MONTGOMERY,Alabama,4369,2025-03-22 13:57:00,Running Shoes,1,505.13,555.643,50.513
768,SAN DIEGO,California,2325,2025-03-18 19:38:00,Running Shoes,1,537.13,590.843,53.713
1744,BROOKLYN,New York,3039,2025-03-19 18:17:00,Running Shoes,1,642.33,706.563,64.233
6809,OKLAHOMA CITY,Oklahoma,1743,2025-03-24 13:38:00,Running Shoes,1,507.13,557.843,50.713
6992,PENSACOLA,Florida,3521,2025-03-24 15:59:00,Running Shoes,1,537.13,590.843,53.713
2745,SAN FRANCISCO,California,2453,2025-03-20 17:23:00,Running Shoes,1,613.13,674.443,61.313
2258,NEWTON,Massachusetts,492,2025-03-20 11:09:00,Running Shoes,1,537.13,590.843,53.713
7015,CEDAR RAPIDS,Iowa,3170,2025-03-24 16:19:00,Running Shoes,1,485.53,534.083,48.553
4289,CHARLOTTESVILLE,Virginia,137,2025-03-22 09:22:00,Running Shoes,1,509.53,560.483,50.953
4288,MIAMI,Florida,2501,2025-03-22 09:21:00,Running Shoes,1,501.53,551.683,50.153
5938,KENT,Washington,2187,2025-03-23 18:29:00,Running Shoes,1,683.13,751.443,68.313
3642,CAMDEN,New Jersey,5519,2025-03-21 15:03:00,Boots,1,615.13,676.643,61.513
2648,LAFAYETTE,Louisiana,3025,2025-03-20 15:57:00,Running Shoes,1,517.53,569.283,51.753
3930,MILWAUKEE,Wisconsin,6494,2025-03-21 19:36:00,Running Shoes,1,517.13,568.843,51.713
5458,ORLANDO,Florida,2603,2025-03-23 10:25:00,Running Shoes,1,635.13,698.643,63.513
6346,KANSAS CITY,Missouri,3563,2025-03-24 08:37:00,Boots,1,537.13,590.843,53.713
2371,PUNTA GORDA,Florida,2652,2025-03-20 12:28:00,Boots,1,517.53,569.283,51.753
6417,SAN MATEO,California,4472,2025-03-24 09:23:00,Flip-Flops,1,537.13,590.843,53.713
2855,ROUND ROCK,Texas,3501,2025-03-20 18:42:00,Flip-Flops,1,507.13,557.843,50.713
5455,STERLING,Virginia,1750,2025-03-23 10:22:00,Flip-Flops,1,517.53,569.283,51.753
955,JEFFERSONVILLE,Indiana,5893,2025-03-19 00:36:00,Running Shoes,1,563.93,620.323,56.393
2817,JEFFERSON CITY,Missouri,4307,2025-03-20 18:15:00,Running Shoes,1,517.13,568.843,51.713
5219,SAN ANTONIO,Texas,4730,2025-03-22 22:11:00,Running Shoes,1,537.13,590.843,53.713
7286,ATHENS,Georgia,4259,2025-03-24 20:27:00,Running Shoes,1,517.53,569.283,51.753
3653,IRVINE,California,5522,2025-03-21 15:14:00,Running Shoes,1,517.53,569.283,51.753
3071,EL PASO,Texas,3148,2025-03-20 21:39:00,Running Shoes,1,509.53,560.483,50.953
1117,MAPLE PLAIN,Minnesota,1727,2025-03-19 10:25:00,Running Shoes,1,613.13,674.443,61.313
1032,STERLING,Virginia,1362,2025-03-19 09:05:00,Running Shoes,1,658.33,724.163,65.833
6390,TULSA,Oklahoma,3666,2025-03-24 09:10:00,Running Shoes,1,595.93,655.523,59.593
3012,MIAMI,Florida,5309,2025-03-20 21:00:00,Running Shoes,1,555.13,610.643,55.513
2770,SACRAMENTO,California,3623,2025-03-20 17:42:00,Running Shoes,1,493.53,542.883,49.353
3847,SANTA MONICA,California,5377,2025-03-21 18:25:00,Running Shoes,1,635.13,698.643,63.513
3666,CORPUS CHRISTI,Texas,1011,2025-03-21 15:26:00,Running Shoes,1,563.93,620.323,56.393
6348,MIAMI,Florida,3191,2025-03-24 08:37:00,Running Shoes,1,537.13,590.843,53.713
366,SAN ANTONIO,Texas,2975,2025-03-18 13:03:00,Running Shoes,1,635.13,698.643,63.513
4161,SAN ANTONIO,Texas,2932,2025-03-22 03:14:00,Running Shoes,1,517.13,568.843,51.713
3618,FORT LAUDERDALE,Florida,2847,2025-03-21 14:38:00,Running Shoes,1,625.13,687.643,62.513
2249,JAMAICA,New York,6229,2025-03-20 11:02:00,Running Shoes,1,761.13,837.243,76.113
238,LEXINGTON,Kentucky,1164,2025-03-18 11:16:00,Running Shoes,1,595.93,655.523,59.593
5667,NEW YORK CITY,New York,1519,2025-03-23 13:58:00,Running Shoes,1,493.53,542.883,49.353
2663,LOUISVILLE,Kentucky,6404,2025-03-20 16:15:00,Running Shoes,1,650.33,715.363,65.033
3817,SALT LAKE CITY,Utah,4925,2025-03-21 17:53:00,Running Shoes,1,674.33,741.763,67.433
2122,HOUSTON,Texas,5370,2025-03-20 09:08:00,Running Shoes,1,537.13,590.843,53.713
6551,LYNN,Massachusetts,1261,2025-03-24 10:44:00,Running Shoes,1,527.13,579.843,52.713
4795,SAN JOSE,California,4001,2025-03-22 15:26:00,Running Shoes,1,595.93,655.523,59.593
372,TACOMA,Washington,4582,2025-03-18 13:06:00,Running Shoes,1,537.13,590.843,53.713
3074,LANSING,Michigan,1855,2025-03-20 21:42:00,Running Shoes,1,587.93,646.723,58.793
2268,FRANKFORT,Kentucky,66,2025-03-20 11:16:00,Running Shoes,1,517.53,569.283,51.753
3967,RICHMOND,Virginia,1874,2025-03-21 20:10:00,Running Shoes,1,517.13,568.843,51.713
3226,SALT LAKE CITY,Utah,6077,2025-03-21 07:41:00,Running Shoes,1,507.13,557.843,50.713
7372,ATLANTA,Georgia,4407,2025-03-24 22:20:00,Running Shoes,1,507.13,557.843,50.713
6829,LAS VEGAS,Nevada,1348,2025-03-24 13:53:00,Running Shoes,1,527.13,579.843,52.713
1133,AMARILLO,Texas,4359,2025-03-19 10:38:00,Running Shoes,1,501.53,551.683,50.153
3741,SACRAMENTO,California,711,2025-03-21 16:31:00,Running Shoes,1,517.53,569.283,51.753
3406,SEATTLE,Washington,5948,2025-03-21 11:26:00,Walking Shoes,1,501.53,551.683,50.153
296,KNOXVILLE,Tennessee,3981,2025-03-18 11:59:00,Walking Shoes,1,720.73,792.803,72.073
1572,KANSAS CITY,Kansas,1278,2025-03-19 16:11:00,Walking Shoes,1,485.53,534.083,48.553
952,APPLETON,Wisconsin,868,2025-03-19 00:20:00,Walking Shoes,1,517.53,569.283,51.753
5810,ARLINGTON,Texas,379,2025-03-23 16:19:00,Walking Shoes,1,517.53,569.283,51.753
2315,CINCINNATI,Ohio,1588,2025-03-20 11:44:00,Walking Shoes,1,537.13,590.843,53.713
5982,CHARLESTON,West Virginia,2685,2025-03-23 19:29:00,Running Shoes,2,635.13,698.643,63.513
456,WASHINGTON,District of Columbia,4304,2025-03-18 14:02:00,Running Shoes,1,571.93,629.123,57.193
5117,KANSAS CITY,Missouri,2935,2025-03-22 20:20:00,Walking Shoes,1,497.13,546.843,49.713
2800,UTICA,New York,5278,2025-03-20 18:02:00,Running Shoes,1,537.13,590.843,53.713
1830,FRESNO,California,4546,2025-03-19 19:18:00,Running Shoes,1,537.13,590.843,53.713
1785,NORTH LAS VEGAS,Nevada,6396,2025-03-19 18:47:00,Running Shoes,1,537.13,590.843,53.713
227,TOLEDO,Ohio,4858,2025-03-18 11:06:00,Running Shoes,1,563.93,620.323,56.393
1103,GARY,Indiana,2280,2025-03-19 10:14:00,Running Shoes,1,507.13,557.843,50.713
3219,KANSAS CITY,Missouri,3064,2025-03-21 07:06:00,Running Shoes,1,501.53,551.683,50.153
736,SACRAMENTO,California,6056,2025-03-18 18:55:00,Running Shoes,1,504.13,554.543,50.413
3220,MIAMI,Florida,3277,2025-03-21 07:07:00,Running Shoes,1,625.13,687.643,62.513
3585,KILLEEN,Texas,1786,2025-03-21 14:07:00,Running Shoes,1,509.53,560.483,50.953
1469,LONG BEACH,California,1806,2025-03-19 14:50:00,Running Shoes,1,504.13,554.543,50.413
822,ARLINGTON,Texas,3535,2025-03-18 20:51:00,Running Shoes,1,527.13,579.843,52.713
533,SALT LAKE CITY,Utah,748,2025-03-18 15:11:00,Running Shoes,1,509.53,560.483,50.953
6598,FORT WORTH,Texas,5883,2025-03-24 11:18:00,Running Shoes,1,527.13,579.843,52.713
6897,CARLSBAD,California,6066,2025-03-24 14:33:00,Running Shoes,1,655.13,720.643,65.513
1889,STOCKTON,California,2234,2025-03-19 20:16:00,Jackets,1,541.53,595.683,54.153
3696,SAINT PAUL,Minnesota,3337,2025-03-21 15:54:00,Running Shoes,1,508.13,558.943,50.813
4682,SALT LAKE CITY,Utah,6248,2025-03-22 13:46:00,Running Shoes,1,517.53,569.283,51.753
4824,CHAMPAIGN,Illinois,2391,2025-03-22 15:52:00,Running Shoes,1,595.93,655.523,59.593
234,ROANOKE,Virginia,741,2025-03-18 11:12:00,Running Shoes,1,537.13,590.843,53.713
3477,SPRINGFIELD,Illinois,4180,2025-03-21 12:33:00,Running Shoes,1,728.73,801.603,72.873
2722,SAINT LOUIS,Missouri,5417,2025-03-20 17:13:00,Running Shoes,1,595.93,655.523,59.593
1271,NEW HAVEN,Connecticut,622,2025-03-19 12:18:00,Running Shoes,1,501.53,551.683,50.153
2346,BIRMINGHAM,Alabama,3561,2025-03-20 12:10:00,Running Shoes,1,537.13,590.843,53.713
5579,NEW YORK CITY,New York,6206,2025-03-23 12:40:00,Running Shoes,1,587.93,646.723,58.793
6472,TUCSON,Arizona,2522,2025-03-24 09:59:00,Running Shoes,1,811.13,892.243,81.113
4230,JACKSONVILLE,Florida,5277,2025-03-22 08:32:00,Running Shoes,1,493.53,542.883,49.353
1563,FLUSHING,New York,5721,2025-03-19 16:03:00,Running Shoes,1,507.13,557.843,50.713
871,RICHMOND,California,4171,2025-03-18 21:47:00,Running Shoes,1,493.53,542.883,49.353
7134,SAINT PAUL,Minnesota,4943,2025-03-24 18:07:00,Running Shoes,1,595.13,654.643,59.513
1783,TRENTON,New Jersey,2978,2025-03-19 18:45:00,Running Shoes,1,635.13,698.643,63.513
6740,SAGINAW,Michigan,2937,2025-03-24 12:46:00,Running Shoes,1,537.13,590.843,53.713
673,BOSTON,Massachusetts,4627,2025-03-18 17:22:00,Walking Shoes,1,563.93,620.323,56.393
4762,LAS VEGAS,Nevada,4331,2025-03-22 14:57:00,Walking Shoes,1,501.53,551.683,50.153
7138,NEW YORK CITY,New York,857,2025-03-24 18:10:00,Running Shoes,1,504.13,554.543,50.413
5514,MARIETTA,Georgia,4913,2025-03-23 11:42:00,Running Shoes,1,439.13,483.043,43.913
6161,INDIANAPOLIS,Indiana,5014,2025-03-23 22:14:00,Boots,1,517.53,569.283,51.753
5423,EL PASO,Texas,2825,2025-03-23 09:53:00,Running Shoes,1,517.13,568.843,51.713
730,NEW ORLEANS,Louisiana,759,2025-03-18 18:47:00,Running Shoes,1,493.53,542.883,49.353
2213,SAN ANTONIO,Texas,3546,2025-03-20 10:24:00,Running Shoes,1,504.13,554.543,50.413
1726,BALTIMORE,Maryland,5098,2025-03-19 17:58:00,Running Shoes,1,615.13,676.643,61.513
3310,TUCSON,Arizona,4006,2025-03-21 10:04:00,Running Shoes,1,509.53,560.483,50.953
3944,LOS ANGELES,California,1912,2025-03-21 19:50:00,Running Shoes,1,517.13,568.843,51.713
5192,GATESVILLE,Texas,4328,2025-03-22 21:33:00,Running Shoes,1,683.13,751.443,68.313
1177,CHARLOTTE,North Carolina,449,2025-03-19 11:17:00,Running Shoes,1,595.93,655.523,59.593
1968,TACOMA,Washington,3889,2025-03-19 22:04:00,Running Shoes,1,595.93,655.523,59.593
2375,HOUSTON,Texas,1573,2025-03-20 12:31:00,Running Shoes,1,512.63,563.893,51.263
131,BOSTON,Massachusetts,3398,2025-03-18 09:49:00,Running Shoes,1,517.53,569.283,51.753
2881,SAINT LOUIS,Missouri,5201,2025-03-20 19:02:00,Running Shoes,1,517.53,569.283,51.753
6674,VALLEY FORGE,Pennsylvania,362,2025-03-24 12:00:00,Running Shoes,1,509.53,560.483,50.953
653,DALLAS,Texas,3147,2025-03-18 17:00:00,Running Shoes,1,490.13,539.143,49.013
4068,CHARLOTTE,North Carolina,5449,2025-03-21 22:21:00,Running Shoes,1,501.53,551.683,50.153
3617,DALLAS,Texas,4488,2025-03-21 14:35:00,Running Shoes,1,625.13,687.643,62.513
6463,PHILADELPHIA,Pennsylvania,6203,2025-03-24 09:53:00,Running Shoes,1,517.53,569.283,51.753
6954,NEW BEDFORD,Massachusetts,2961,2025-03-24 15:25:00,Running Shoes,1,517.13,568.843,51.713
709,TACOMA,Washington,2079,2025-03-18 18:04:00,Running Shoes,1,555.93,611.523,55.593
6615,COLUMBUS,Ohio,6005,2025-03-24 11:27:00,Running Shoes,1,571.93,629.123,57.193
1522,EDMOND,Oklahoma,4105,2025-03-19 15:29:00,Running Shoes,1,595.13,654.643,59.513
5191,SALEM,Oregon,1019,2025-03-22 21:31:00,Running Shoes,1,501.53,551.683,50.153
1099,LAS VEGAS,Nevada,3463,2025-03-19 10:12:00,Running Shoes,1,571.93,629.123,57.193
1825,POMPANO BEACH,Florida,29,2025-03-19 19:11:00,Running Shoes,1,595.93,655.523,59.593
3264,SHAWNEE MISSION,Kansas,5218,2025-03-21 09:08:00,Running Shoes,1,517.13,568.843,51.713
7029,NEWPORT BEACH,California,5020,2025-03-24 16:30:00,Running Shoes,1,509.53,560.483,50.953
368,POCATELLO,Idaho,852,2025-03-18 13:04:00,Running Shoes,1,571.93,629.123,57.193
1391,PHOENIX,Arizona,4791,2025-03-19 13:40:00,Running Shoes,1,703.13,773.443,70.313
3643,ROCHESTER,New York,3485,2025-03-21 15:04:00,Running Shoes,1,493.53,542.883,49.353
3396,OAKLAND,California,884,2025-03-21 11:20:00,Running Shoes,1,605.13,665.643,60.513
3631,PHOENIX,Arizona,1190,2025-03-21 14:51:00,Running Shoes,1,517.53,569.283,51.753
3962,ROANOKE,Virginia,3291,2025-03-21 20:07:00,Running Shoes,1,712.73,784.003,71.273
5773,MONTICELLO,Minnesota,311,2025-03-23 15:46:00,Running Shoes,1,493.53,542.883,49.353
1314,KANSAS CITY,Missouri,5025,2025-03-19 12:49:00,Running Shoes,1,563.63,619.993,56.363
5349,NASHVILLE,Tennessee,1364,2025-03-23 08:12:00,Running Shoes,1,509.53,560.483,50.953
4251,WASHINGTON,District of Columbia,1109,2025-03-22 08:45:00,Running Shoes,1,505.13,555.643,50.513
4757,LOUISVILLE,Kentucky,5273,2025-03-22 14:53:00,Running Shoes,1,509.53,560.483,50.953
1477,SAN LUIS OBISPO,California,6331,2025-03-19 14:56:00,Boots,1,635.13,698.643,63.513
6823,ROCHESTER,New York,5624,2025-03-24 13:49:00,Boots,1,512.63,563.893,51.263
5898,VIENNA,Virginia,3745,2025-03-23 17:45:00,Boots,1,576.33,633.963,57.633
5903,PHOENIX,Arizona,5000,2025-03-23 17:50:00,Boots,1,488.63,537.493,48.863
4140,SIOUX FALLS,South Dakota,4843,2025-03-22 00:21:00,Flip-Flops,1,507.13,557.843,50.713
4487,MONTICELLO,Minnesota,4304,2025-03-22 11:25:00,Flip-Flops,1,493.53,542.883,49.353
5953,ANAHEIM,California,554,2025-03-23 18:53:00,Flip-Flops,1,493.53,542.883,49.353
4387,NORFOLK,Virginia,6309,2025-03-22 10:18:00,Flip-Flops,1,490.13,539.143,49.013
5499,KANSAS CITY,Missouri,128,2025-03-23 11:26:00,Flip-Flops,1,490.13,539.143,49.013
2336,SCHENECTADY,New York,4760,2025-03-20 11:59:00,Jackets,1,567.13,623.843,56.713
3781,BUFFALO,New York,3942,2025-03-21 17:03:00,Jackets,1,541.53,595.683,54.153
5259,AUSTIN,Texas,6230,2025-03-22 23:09:00,Jackets,1,623.63,685.993,62.363
5848,CHARLESTON,South Carolina,197,2025-03-23 17:00:00,Jackets,1,617.13,678.843,61.713
4297,ODESSA,Texas,5351,2025-03-22 09:25:00,Jackets,1,597.13,656.843,59.713
2553,INGLEWOOD,California,1932,2025-03-20 14:57:00,Jackets,1,784.73,863.203,78.473
3245,MILWAUKEE,Wisconsin,2011,2025-03-21 08:35:00,Jackets,1,557.53,613.283,55.753
225,HAMPTON,Virginia,1873,2025-03-18 11:02:00,Jackets,1,557.53,613.283,55.753
3605,DALLAS,Texas,1041,2025-03-21 14:19:00,Jackets,1,542.73,597.003,54.273
5032,LOS ANGELES,California,4609,2025-03-22 19:06:00,Jackets,1,737.13,810.843,73.713
4047,ALBANY,New York,1882,2025-03-21 21:48:00,Running Shoes,1,548.73,603.603,54.873
2875,PITTSBURGH,Pennsylvania,703,2025-03-20 18:57:00,Running Shoes,1,494.63,544.093,49.463
1164,INDIANAPOLIS,Indiana,5561,2025-03-19 11:04:00,Running Shoes,1,478.33,526.163,47.833
5270,JACKSON,Mississippi,2475,2025-03-22 23:30:00,Running Shoes,1,517.13,568.843,51.713
1498,POMPANO BEACH,Florida,4789,2025-03-19 15:07:00,Running Shoes,1,501.53,551.683,50.153
333,SALT LAKE CITY,Utah,5343,2025-03-18 12:32:00,Running Shoes,1,501.53,551.683,50.153
985,MONTGOMERY,Alabama,4233,2025-03-19 07:10:00,Sandals,1,487.13,535.843,48.713
4613,LANSING,Michigan,2298,2025-03-22 12:52:00,Sandals,1,485.53,534.083,48.553
601,DENVER,Colorado,6004,2025-03-18 16:15:00,Running Shoes,1,517.53,569.283,51.753
5050,CHARLESTON,West Virginia,4923,2025-03-22 19:23:00,Running Shoes,1,490.13,539.143,49.013
186,HUNTSVILLE,Alabama,3566,2025-03-18 10:35:00,Running Shoes,1,537.13,590.843,53.713
2837,CINCINNATI,Ohio,258,2025-03-20 18:31:00,Running Shoes,1,512.63,563.893,51.263
5131,WINSTON SALEM,North Carolina,1361,2025-03-22 20:30:00,Running Shoes,1,500.73,550.803,50.073
1092,PASADENA,California,199,2025-03-19 10:07:00,Running Shoes,1,493.53,542.883,49.353
3888,FORT MYERS,Florida,1151,2025-03-21 18:59:00,Running Shoes,1,497.63,547.393,49.763
5551,AUSTIN,Texas,5531,2025-03-23 12:21:00,Running Shoes,1,493.53,542.883,49.353
3775,DES MOINES,Iowa,2625,2025-03-21 16:58:00,Running Shoes,1,537.13,590.843,53.713
4548,PHOENIX,Arizona,348,2025-03-22 12:02:00,Running Shoes,1,619.93,681.923,61.993
110,PALMDALE,California,4342,2025-03-18 09:28:00,Running Shoes,1,625.13,687.643,62.513
4459,WASHINGTON,District of Columbia,2134,2025-03-22 11:04:00,Running Shoes,1,537.13,590.843,53.713
5992,LOUISVILLE,Kentucky,1584,2025-03-23 19:39:00,Running Shoes,1,725.63,798.193,72.563
4763,CHARLOTTE,North Carolina,1475,2025-03-22 14:58:00,Running Shoes,1,578.63,636.493,57.863
3276,RENO,Nevada,4744,2025-03-21 09:29:00,Running Shoes,1,595.93,655.523,59.593
5346,LITTLE ROCK,Arkansas,1516,2025-03-23 08:02:00,Running Shoes,1,517.53,569.283,51.753
352,LANSING,Michigan,3678,2025-03-18 12:52:00,Running Shoes,1,537.13,590.843,53.713
4097,SACRAMENTO,California,873,2025-03-21 22:55:00,Running Shoes,1,517.53,569.283,51.753
2143,LAREDO,Texas,2667,2025-03-20 09:32:00,Running Shoes,1,509.53,560.483,50.953
3274,GRAND RAPIDS,Michigan,5577,2025-03-21 09:27:00,Running Shoes,1,509.53,560.483,50.953
3058,CHARLOTTE,North Carolina,2176,2025-03-20 21:31:00,Running Shoes,1,586.13,644.743,58.613
6947,ROCKVILLE,Maryland,1171,2025-03-24 15:19:00,Running Shoes,1,512.63,563.893,51.263
2639,WACO,Texas,5428,2025-03-20 15:53:00,Running Shoes,1,586.13,644.743,58.613
2957,WASHINGTON,District of Columbia,3565,2025-03-20 20:03:00,Running Shoes,1,586.13,644.743,58.613
4868,EL PASO,Texas,1992,2025-03-22 16:34:00,Running Shoes,1,507.73,558.503,50.773
7120,CHARLOTTE,North Carolina,602,2025-03-24 17:55:00,Running Shoes,1,517.13,568.843,51.713
1404,WHITE PLAINS,New York,5800,2025-03-19 13:47:00,Running Shoes,1,517.53,569.283,51.753
5006,SAN ANTONIO,Texas,349,2025-03-22 18:44:00,Running Shoes,1,587.93,646.723,58.793
3299,MILWAUKEE,Wisconsin,6038,2025-03-21 09:56:00,Running Shoes,1,537.13,590.843,53.713
6329,EL PASO,Texas,2446,2025-03-24 08:22:00,Running Shoes,1,517.53,569.283,51.753
2632,WASHINGTON,District of Columbia,1677,2025-03-20 15:47:00,Running Shoes,1,517.53,569.283,51.753
680,EL PASO,Texas,724,2025-03-18 17:27:00,Running Shoes,1,635.13,698.643,63.513
5344,PHOENIX,Arizona,5940,2025-03-23 07:57:00,Running Shoes,1,517.53,569.283,51.753
1947,TULSA,Oklahoma,4763,2025-03-19 21:35:00,Running Shoes,1,517.53,569.283,51.753
5189,BOSTON,Massachusetts,1048,2025-03-22 21:25:00,Running Shoes,1,497.63,547.393,49.763
1464,NEW YORK CITY,New York,1432,2025-03-19 14:47:00,Running Shoes,1,579.93,637.923,57.993
3569,CHICAGO,Illinois,3761,2025-03-21 13:51:00,Running Shoes,1,509.53,560.483,50.953
5850,CAPE CORAL,Florida,2555,2025-03-23 17:01:00,Running Shoes,1,680.73,748.803,68.073
585,HARTFORD,Connecticut,4979,2025-03-18 16:04:00,Running Shoes,1,569.33,626.263,56.933
269,EAST SAINT LOUIS,Illinois,1980,2025-03-18 11:37:00,Running Shoes,1,517.53,569.283,51.753
4199,INGLEWOOD,California,1511,2025-03-22 08:06:00,Running Shoes,1,512.63,563.893,51.263
3612,MADISON,Wisconsin,6405,2025-03-21 14:27:00,Running Shoes,1,509.53,560.483,50.953
4189,MINNEAPOLIS,Minnesota,1717,2025-03-22 07:43:00,Running Shoes,1,537.13,590.843,53.713
1741,SAN JOSE,California,1838,2025-03-19 18:13:00,Running Shoes,1,490.13,539.143,49.013
5147,WILMINGTON,Delaware,6199,2025-03-22 20:42:00,Running Shoes,1,500.73,550.803,50.073
5615,AKRON,Ohio,1336,2025-03-23 13:11:00,Running Shoes,1,504.13,554.543,50.413
75,LITTLE ROCK,Arkansas,1242,2025-03-18 08:29:00,Running Shoes,1,635.13,698.643,63.513
4311,PHILADELPHIA,Pennsylvania,265,2025-03-22 09:34:00,Running Shoes,1,517.53,569.283,51.753
1041,HOUSTON,Texas,6321,2025-03-19 09:16:00,Running Shoes,1,517.53,569.283,51.753
3820,INDIANAPOLIS,Indiana,4318,2025-03-21 17:54:00,Running Shoes,1,512.63,563.893,51.263
6975,HARTFORD,Connecticut,269,2025-03-24 15:44:00,Running Shoes,1,595.93,655.523,59.593
292,HUNTINGTON BEACH,California,792,2025-03-18 11:53:00,Running Shoes,1,635.13,698.643,63.513
490,LOS ANGELES,California,4023,2025-03-18 14:29:00,Running Shoes,1,512.63,563.893,51.263
3146,TORRANCE,California,1253,2025-03-20 23:09:00,Running Shoes,1,509.53,560.483,50.953
3547,LOS ANGELES,California,2446,2025-03-21 13:39:00,Running Shoes,1,509.53,560.483,50.953
3603,BRONX,New York,207,2025-03-21 14:19:00,Running Shoes,1,517.53,569.283,51.753
4600,MEMPHIS,Tennessee,1311,2025-03-22 12:44:00,Running Shoes,1,587.93,646.723,58.793
2558,LOS ANGELES,California,4872,2025-03-20 15:01:00,Running Shoes,1,517.53,569.283,51.753
674,IRVINE,California,5444,2025-03-18 17:24:00,Running Shoes,1,517.13,568.843,51.713
6385,SACRAMENTO,California,4022,2025-03-24 09:06:00,Running Shoes,1,485.53,534.083,48.553
400,WASHINGTON,District of Columbia,4405,2025-03-18 13:22:00,Running Shoes,1,537.13,590.843,53.713
6482,EL PASO,Texas,4870,2025-03-24 10:07:00,Running Shoes,1,537.13,590.843,53.713
6112,SAN DIEGO,California,180,2025-03-23 21:27:00,Running Shoes,1,537.13,590.843,53.713
55,MIAMI,Florida,4902,2025-03-18 07:49:00,Running Shoes,1,493.53,542.883,49.353
591,JACKSONVILLE,Florida,4063,2025-03-18 16:08:00,Running Shoes,1,517.13,568.843,51.713
268,PORT CHARLOTTE,Florida,2576,2025-03-18 11:36:00,Running Shoes,1,571.13,628.243,57.113
4696,HOUSTON,Texas,6278,2025-03-22 13:57:00,Running Shoes,1,571.93,629.123,57.193
517,SIOUX FALLS,South Dakota,2324,2025-03-18 14:54:00,Running Shoes,1,517.53,569.283,51.753
4557,WASHINGTON,District of Columbia,4215,2025-03-22 12:15:00,Running Shoes,1,527.13,579.843,52.713
1178,ANAHEIM,California,5685,2025-03-19 11:18:00,Running Shoes,1,517.53,569.283,51.753
4807,CANTON,Ohio,2828,2025-03-22 15:33:00,Running Shoes,1,522.13,574.343,52.213
2516,DAYTON,Ohio,1919,2025-03-20 14:35:00,Running Shoes,1,490.13,539.143,49.013
7359,SAN JOSE,California,1599,2025-03-24 22:07:00,Running Shoes,1,493.53,542.883,49.353
1728,TAMPA,Florida,5256,2025-03-19 17:59:00,Running Shoes,1,517.13,568.843,51.713
5487,CHICAGO,Illinois,4638,2025-03-23 11:13:00,Running Shoes,1,555.93,611.523,55.593
134,DES MOINES,Iowa,5913,2025-03-18 09:54:00,Running Shoes,1,512.63,563.893,51.263
4646,LOS ANGELES,California,4809,2025-03-22 13:17:00,Running Shoes,1,497.63,547.393,49.763
6780,GAITHERSBURG,Maryland,4366,2025-03-24 13:16:00,Running Shoes,1,497.13,546.843,49.713
105,ATLANTA,Georgia,4758,2025-03-18 09:16:00,Running Shoes,1,537.13,590.843,53.713
3444,TACOMA,Washington,3615,2025-03-21 12:08:00,Running Shoes,1,512.63,563.893,51.263
4086,HOUSTON,Texas,1049,2025-03-21 22:42:00,Running Shoes,1,512.63,563.893,51.263
3701,NEW YORK CITY,New York,35,2025-03-21 15:57:00,Running Shoes,1,509.53,560.483,50.953
6310,FORT WORTH,Texas,5780,2025-03-24 08:05:00,Running Shoes,1,537.13,590.843,53.713
281,SHREVEPORT,Louisiana,773,2025-03-18 11:48:00,Running Shoes,1,517.13,568.843,51.713
315,SAN FRANCISCO,California,6129,2025-03-18 12:17:00,Running Shoes,1,595.93,655.523,59.593
3723,MINNEAPOLIS,Minnesota,3106,2025-03-21 16:16:00,Running Shoes,1,563.93,620.323,56.393
1637,TULSA,Oklahoma,1700,2025-03-19 16:47:00,Running Shoes,1,595.93,655.523,59.593
3906,PHOENIX,Arizona,3165,2025-03-21 19:11:00,Running Shoes,1,571.93,629.123,57.193
696,EL PASO,Texas,1271,2025-03-18 17:45:00,Running Shoes,1,578.63,636.493,57.863
4430,HARRISBURG,Pennsylvania,5045,2025-03-22 10:45:00,Running Shoes,1,527.13,579.843,52.713
3472,CORPUS CHRISTI,Texas,1072,2025-03-21 12:27:00,Running Shoes,1,650.33,715.363,65.033
4356,WASHINGTON,District of Columbia,669,2025-03-22 10:02:00,Running Shoes,1,512.63,563.893,51.263
2793,DALLAS,Texas,3106,2025-03-20 17:57:00,Running Shoes,1,512.63,563.893,51.263
235,SYRACUSE,New York,1816,2025-03-18 11:13:00,Running Shoes,1,512.63,563.893,51.263
5735,WASHINGTON,District of Columbia,1136,2025-03-23 15:10:00,Running Shoes,1,509.53,560.483,50.953
221,SHREVEPORT,Louisiana,421,2025-03-18 11:01:00,Running Shoes,1,490.13,539.143,49.013
3931,SHREVEPORT,Louisiana,1196,2025-03-21 19:36:00,Running Shoes,1,512.63,563.893,51.263
574,MADISON,Wisconsin,5177,2025-03-18 15:49:00,Running Shoes,1,509.53,560.483,50.953
1582,CUMMING,Georgia,2863,2025-03-19 16:17:00,Running Shoes,1,509.53,560.483,50.953
5967,CORPUS CHRISTI,Texas,971,2025-03-23 19:07:00,Running Shoes,1,509.53,560.483,50.953
5412,FRESNO,California,1443,2025-03-23 09:44:00,Running Shoes,1,605.13,665.643,60.513
3267,DAYTON,Ohio,2653,2025-03-21 09:08:00,Running Shoes,1,493.53,542.883,49.353
5766,BIRMINGHAM,Alabama,1212,2025-03-23 15:36:00,Running Shoes,1,626.33,688.963,62.633
1770,CHARLESTON,West Virginia,1507,2025-03-19 18:37:00,Running Shoes,1,507.13,557.843,50.713
6792,YONKERS,New York,3341,2025-03-24 13:24:00,Running Shoes,1,507.13,557.843,50.713
6208,NEW YORK CITY,New York,3940,2025-03-23 23:24:00,Running Shoes,1,537.13,590.843,53.713
381,SCOTTSDALE,Arizona,4362,2025-03-18 13:10:00,Running Shoes,1,505.13,555.643,50.513
4689,OKLAHOMA CITY,Oklahoma,5369,2025-03-22 13:50:00,Running Shoes,1,493.53,542.883,49.353
3908,SAN RAFAEL,California,3499,2025-03-21 19:14:00,Running Shoes,1,501.53,551.683,50.153
2405,PHILADELPHIA,Pennsylvania,3132,2025-03-20 12:59:00,Running Shoes,1,504.13,554.543,50.413
6835,SAN FRANCISCO,California,5482,2025-03-24 13:55:00,Running Shoes,1,497.13,546.843,49.713
5414,NEWARK,New Jersey,6110,2025-03-23 09:44:00,Running Shoes,1,537.13,590.843,53.713
6872,AUSTIN,Texas,6408,2025-03-24 14:17:00,Running Shoes,1,571.93,629.123,57.193
3712,SPRINGFIELD,Missouri,3744,2025-03-21 16:07:00,Running Shoes,1,565.13,621.643,56.513
2647,PORTLAND,Oregon,329,2025-03-20 15:57:00,Running Shoes,1,517.53,569.283,51.753
6817,ORLANDO,Florida,1336,2025-03-24 13:44:00,Running Shoes,1,501.53,551.683,50.153
6622,COLORADO SPRINGS,Colorado,3982,2025-03-24 11:32:00,Running Shoes,1,500.73,550.803,50.073
3794,FORT WAYNE,Indiana,530,2025-03-21 17:17:00,Running Shoes,1,493.53,542.883,49.353
4911,RENO,Nevada,1104,2025-03-22 17:04:00,Running Shoes,1,497.63,547.393,49.763
1127,SPOKANE,Washington,3984,2025-03-19 10:35:00,Running Shoes,1,517.53,569.283,51.753
179,OKLAHOMA CITY,Oklahoma,1227,2025-03-18 10:31:00,Running Shoes,1,490.13,539.143,49.013
5224,ATLANTA,Georgia,1686,2025-03-22 22:15:00,Running Shoes,1,625.13,687.643,62.513
4887,JACKSONVILLE,Florida,2049,2025-03-22 16:46:00,Running Shoes,1,490.13,539.143,49.013
4944,HOUSTON,Texas,5022,2025-03-22 17:28:00,Running Shoes,1,507.13,557.843,50.713
123,AUSTIN,Texas,1526,2025-03-18 09:40:00,Running Shoes,1,497.13,546.843,49.713
6705,SAN FRANCISCO,California,3062,2025-03-24 12:20:00,Running Shoes,1,587.93,646.723,58.793
4605,JACKSONVILLE,Florida,5787,2025-03-22 12:48:00,Running Shoes,1,615.13,676.643,61.513
1945,CINCINNATI,Ohio,3601,2025-03-19 21:34:00,Running Shoes,1,497.63,547.393,49.763
3398,MINNEAPOLIS,Minnesota,3868,2025-03-21 11:21:00,Running Shoes,1,505.13,555.643,50.513
7038,IRVINE,California,974,2025-03-24 16:36:00,Running Shoes,1,587.93,646.723,58.793
3576,OLYMPIA,Washington,516,2025-03-21 13:56:00,Running Shoes,1,563.93,620.323,56.393
1798,ROCHESTER,New York,5732,2025-03-19 18:53:00,Running Shoes,1,527.13,579.843,52.713
3510,DALLAS,Texas,4012,2025-03-21 13:03:00,Running Shoes,1,501.53,551.683,50.153
5526,SIOUX FALLS,South Dakota,5764,2025-03-23 11:57:00,Running Shoes,1,517.53,569.283,51.753
4892,SEMINOLE,Florida,1211,2025-03-22 16:51:00,Running Shoes,1,490.13,539.143,49.013
5859,TACOMA,Washington,322,2025-03-23 17:09:00,Running Shoes,1,490.13,539.143,49.013
2738,MINNEAPOLIS,Minnesota,1397,2025-03-20 17:22:00,Running Shoes,1,537.13,590.843,53.713
5415,LOS ANGELES,California,6338,2025-03-23 09:47:00,Running Shoes,1,615.53,677.083,61.553
6028,SEATTLE,Washington,819,2025-03-23 20:21:00,Running Shoes,1,512.63,563.893,51.263
358,BALTIMORE,Maryland,6151,2025-03-18 12:56:00,Running Shoes,1,512.63,563.893,51.263
7322,CAMDEN,New Jersey,3868,2025-03-24 21:17:00,Running Shoes,1,517.53,569.283,51.753
6166,SANTA CRUZ,California,1847,2025-03-23 22:20:00,Running Shoes,1,517.53,569.283,51.753
1615,PASADENA,California,2432,2025-03-19 16:38:00,Running Shoes,1,517.53,569.283,51.753
187,SHREVEPORT,Louisiana,2640,2025-03-18 10:36:00,Running Shoes,1,497.63,547.393,49.763
1129,MODESTO,California,4577,2025-03-19 10:36:00,Running Shoes,1,517.53,569.283,51.753
434,CINCINNATI,Ohio,1049,2025-03-18 13:46:00,Running Shoes,1,517.53,569.283,51.753
2751,NEW YORK CITY,New York,3250,2025-03-20 17:28:00,Running Shoes,1,490.13,539.143,49.013
6752,EL PASO,Texas,6323,2025-03-24 12:53:00,Running Shoes,1,517.13,568.843,51.713
5697,SACRAMENTO,California,3875,2025-03-23 14:35:00,Running Shoes,1,517.53,569.283,51.753
1242,CHARLESTON,South Carolina,1299,2025-03-19 11:55:00,Running Shoes,1,517.53,569.283,51.753
2988,FORT WORTH,Texas,4969,2025-03-20 20:34:00,Running Shoes,1,595.93,655.523,59.593
5431,WORCESTER,Massachusetts,5081,2025-03-23 09:59:00,Running Shoes,1,527.13,579.843,52.713
1278,HUNTINGTON,West Virginia,3666,2025-03-19 12:22:00,Running Shoes,1,501.53,551.683,50.153
4908,CINCINNATI,Ohio,394,2025-03-22 17:00:00,Running Shoes,1,509.53,560.483,50.953
4058,ERIE,Pennsylvania,1025,2025-03-21 22:06:00,Running Shoes,1,517.53,569.283,51.753
2303,ALBANY,New York,3112,2025-03-20 11:40:00,Running Shoes,1,509.53,560.483,50.953
6702,WINSTON SALEM,North Carolina,4270,2025-03-24 12:18:00,Running Shoes,1,505.13,555.643,50.513
5039,SANTA CLARA,California,2487,2025-03-22 19:15:00,Running Shoes,1,537.13,590.843,53.713
2580,SALINAS,California,835,2025-03-20 15:13:00,Running Shoes,1,497.63,547.393,49.763
5564,COLUMBIA,South Carolina,577,2025-03-23 12:27:00,Running Shoes,1,504.13,554.543,50.413
593,BROOKLYN,New York,2484,2025-03-18 16:08:00,Running Shoes,1,497.63,547.393,49.763
3613,SALT LAKE CITY,Utah,6047,2025-03-21 14:27:00,Running Shoes,1,527.13,579.843,52.713
4652,ATLANTA,Georgia,140,2025-03-22 13:23:00,Running Shoes,1,509.53,560.483,50.953
1861,RICHMOND,California,4626,2025-03-19 19:42:00,Running Shoes,1,517.53,569.283,51.753
4443,SAN JOSE,California,886,2025-03-22 10:56:00,Running Shoes,1,537.13,590.843,53.713
3092,NEWPORT NEWS,Virginia,2190,2025-03-20 22:00:00,Running Shoes,1,501.53,551.683,50.153
6656,WASHINGTON,District of Columbia,2360,2025-03-24 11:51:00,Running Shoes,1,501.53,551.683,50.153
3991,SAN DIEGO,California,278,2025-03-21 20:40:00,Running Shoes,1,497.63,547.393,49.763
1663,ORLANDO,Florida,6433,2025-03-19 17:06:00,Running Shoes,1,615.13,676.643,61.513
1676,WASHINGTON,District of Columbia,2665,2025-03-19 17:19:00,Running Shoes,1,490.13,539.143,49.013
5931,ATLANTA,Georgia,1649,2025-03-23 18:22:00,Running Shoes,1,501.53,551.683,50.153
984,IRVINE,California,5253,2025-03-19 07:06:00,Running Shoes,1,527.13,579.843,52.713
3331,LAUREL,Maryland,380,2025-03-21 10:27:00,Running Shoes,1,490.13,539.143,49.013
6914,NEW HAVEN,Connecticut,5866,2025-03-24 14:48:00,Running Shoes,1,509.53,560.483,50.953
3319,SAN JOSE,California,206,2025-03-21 10:12:00,Running Shoes,1,537.13,590.843,53.713
241,LANSING,Michigan,55,2025-03-18 11:18:00,Running Shoes,1,571.93,629.123,57.193
47,CLEVELAND,Ohio,5965,2025-03-18 07:22:00,Running Shoes,1,517.53,569.283,51.753
5915,RICHMOND,Virginia,2375,2025-03-23 18:04:00,Running Shoes,1,527.13,579.843,52.713
7272,SACRAMENTO,California,5925,2025-03-24 20:18:00,Running Shoes,1,527.13,579.843,52.713
3624,VISALIA,California,5508,2025-03-21 14:45:00,Running Shoes,1,505.13,555.643,50.513
3835,SHREVEPORT,Louisiana,5282,2025-03-21 18:07:00,Running Shoes,1,505.13,555.643,50.513
847,FRESNO,California,4392,2025-03-18 21:11:00,Running Shoes,1,537.13,590.843,53.713
3333,SYRACUSE,New York,3222,2025-03-21 10:29:00,Running Shoes,1,509.53,560.483,50.953
5939,DETROIT,Michigan,6030,2025-03-23 18:32:00,Running Shoes,1,517.53,569.283,51.753
4561,BEAUMONT,Texas,46,2025-03-22 12:17:00,Running Shoes,1,501.53,551.683,50.153
4381,FREDERICK,Maryland,508,2025-03-22 10:16:00,Running Shoes,1,493.73,543.103,49.373
1892,BOSTON,Massachusetts,814,2025-03-19 20:22:00,Tennis Shoes,1,509.53,560.483,50.953
5973,FORT WAYNE,Indiana,4435,2025-03-23 19:14:00,Tennis Shoes,1,618.33,680.163,61.833
1222,PROVIDENCE,Rhode Island,6171,2025-03-19 11:43:00,Tennis Shoes,1,517.53,569.283,51.753
6867,TUSCALOOSA,Alabama,5697,2025-03-24 14:11:00,Tennis Shoes,1,605.13,665.643,60.513
5623,SANTA ROSA,California,827,2025-03-23 13:16:00,Tennis Shoes,1,527.13,579.843,52.713
5064,LUBBOCK,Texas,3902,2025-03-22 19:30:00,Tennis Shoes,1,723.13,795.443,72.313
6217,HOUSTON,Texas,3156,2025-03-23 23:43:00,Tennis Shoes,1,509.53,560.483,50.953
414,ORLANDO,Florida,3421,2025-03-18 13:30:00,Tennis Shoes,1,509.53,560.483,50.953
5093,CHARLOTTE,North Carolina,75,2025-03-22 19:56:00,Tennis Shoes,1,587.93,646.723,58.793
5980,LEXINGTON,Kentucky,2148,2025-03-23 19:21:00,Tennis Shoes,1,509.53,560.483,50.953
4929,MINNEAPOLIS,Minnesota,4537,2025-03-22 17:18:00,Tennis Shoes,1,493.53,542.883,49.353
2961,ZEPHYRHILLS,Florida,2644,2025-03-20 20:07:00,Tennis Shoes,1,512.63,563.893,51.263
183,SACRAMENTO,California,903,2025-03-18 10:33:00,Tennis Shoes,1,509.53,560.483,50.953
7123,SARASOTA,Florida,3931,2025-03-24 17:57:00,Tennis Shoes,1,537.13,590.843,53.713
4924,OKLAHOMA CITY,Oklahoma,21,2025-03-22 17:14:00,Tennis Shoes,1,504.13,554.543,50.413
139,NEW YORK CITY,New York,4710,2025-03-18 10:02:00,Tennis Shoes,1,507.13,557.843,50.713
6291,AUSTIN,Texas,6231,2025-03-24 07:28:00,Tennis Shoes,1,595.93,655.523,59.593
2021,SACRAMENTO,California,6255,2025-03-19 23:32:00,Tennis Shoes,1,517.53,569.283,51.753
5503,PITTSBURGH,Pennsylvania,5957,2025-03-23 11:35:00,Tennis Shoes,1,509.53,560.483,50.953
1488,FORT LAUDERDALE,Florida,3515,2025-03-19 15:03:00,Tennis Shoes,1,509.53,560.483,50.953
4787,FORT WAYNE,Indiana,3630,2025-03-22 15:19:00,Tennis Shoes,1,517.53,569.283,51.753
2882,TOPEKA,Kansas,985,2025-03-20 19:02:00,Tennis Shoes,1,537.13,590.843,53.713
2706,SCRANTON,Pennsylvania,554,2025-03-20 16:55:00,Tennis Shoes,1,504.13,554.543,50.413
6736,LEES SUMMIT,Missouri,39,2025-03-24 12:43:00,Tennis Shoes,1,504.13,554.543,50.413
365,PASADENA,California,6402,2025-03-18 13:02:00,Tennis Shoes,1,527.13,579.843,52.713
1203,ZEPHYRHILLS,Florida,1542,2025-03-19 11:32:00,Tennis Shoes,1,517.13,568.843,51.713
4790,DES MOINES,Iowa,1225,2025-03-22 15:21:00,Tennis Shoes,1,497.63,547.393,49.763
2784,OMAHA,Nebraska,3825,2025-03-20 17:50:00,Tennis Shoes,1,517.53,569.283,51.753
2294,BOSTON,Massachusetts,5591,2025-03-20 11:32:00,Tennis Shoes,1,493.53,542.883,49.353
209,DAVENPORT,Iowa,1925,2025-03-18 10:53:00,Tennis Shoes,1,505.13,555.643,50.513
5477,ALBANY,New York,3560,2025-03-23 11:00:00,Tennis Shoes,1,517.53,569.283,51.753
3629,SHAWNEE MISSION,Kansas,5365,2025-03-21 14:48:00,Tennis Shoes,1,505.13,555.643,50.513
4395,LOUISVILLE,Kentucky,557,2025-03-22 10:22:00,Tennis Shoes,1,505.13,555.643,50.513
3384,LAS VEGAS,Nevada,1466,2025-03-21 11:09:00,Tennis Shoes,1,509.53,560.483,50.953
3487,AURORA,Colorado,3594,2025-03-21 12:39:00,Tennis Shoes,1,509.53,560.483,50.953
3515,WASHINGTON,District of Columbia,2384,2025-03-21 13:06:00,Tennis Shoes,1,505.13,555.643,50.513
5556,PITTSBURGH,Pennsylvania,2247,2025-03-23 12:25:00,Tennis Shoes,1,504.13,554.543,50.413
2031,ATHENS,Georgia,2743,2025-03-19 23:50:00,Tennis Shoes,1,517.53,569.283,51.753
1655,HUNTSVILLE,Texas,1628,2025-03-19 17:01:00,Tennis Shoes,1,507.13,557.843,50.713
1699,FLINT,Michigan,3576,2025-03-19 17:42:00,Tennis Shoes,1,507.13,557.843,50.713
2539,CHICAGO,Illinois,2590,2025-03-20 14:49:00,Tennis Shoes,1,507.13,557.843,50.713
1612,JAMAICA,New York,5907,2025-03-19 16:37:00,Tennis Shoes,1,473.13,520.443,47.313
5590,GLENDALE,Arizona,2974,2025-03-23 12:46:00,Tennis Shoes,1,507.13,557.843,50.713
1658,CINCINNATI,Ohio,277,2025-03-19 17:04:00,Tennis Shoes,1,490.13,539.143,49.013
3387,GREEN BAY,Wisconsin,1994,2025-03-21 11:12:00,Tennis Shoes,1,493.53,542.883,49.353
71,ARLINGTON,Virginia,5951,2025-03-18 08:17:00,Tennis Shoes,1,537.13,590.843,53.713
5511,BETHLEHEM,Pennsylvania,196,2025-03-23 11:40:00,Tennis Shoes,1,509.53,560.483,50.953
4629,PALM BAY,Florida,2816,2025-03-22 13:04:00,Tennis Shoes,1,490.13,539.143,49.013
4444,COLUMBIA,South Carolina,3436,2025-03-22 10:56:00,Tennis Shoes,1,527.13,579.843,52.713
3372,ALEXANDRIA,Virginia,2218,2025-03-21 10:57:00,Tennis Shoes,1,517.13,568.843,51.713
1336,WEST PALM BEACH,Florida,3852,2025-03-19 13:02:00,Tennis Shoes,1,517.53,569.283,51.753
4279,FORT WORTH,Texas,1051,2025-03-22 09:08:00,Tennis Shoes,1,512.63,563.893,51.263
3451,PITTSBURGH,Pennsylvania,3953,2025-03-21 12:13:00,Tennis Shoes,1,517.53,569.283,51.753
5393,CHICAGO,Illinois,852,2025-03-23 09:28:00,Tennis Shoes,1,512.63,563.893,51.263
727,BIRMINGHAM,Alabama,4015,2025-03-18 18:38:00,Tennis Shoes,1,537.13,590.843,53.713
4555,CINCINNATI,Ohio,3939,2025-03-22 12:11:00,Tennis Shoes,1,517.53,569.283,51.753
4982,GLENDALE,Arizona,221,2025-03-22 18:18:00,Tennis Shoes,1,537.13,590.843,53.713
7020,PHILADELPHIA,Pennsylvania,2034,2025-03-24 16:20:00,Tennis Shoes,1,517.53,569.283,51.753
5120,CHANDLER,Arizona,1820,2025-03-22 20:23:00,Tennis Shoes,1,541.53,595.683,54.153
1427,DAYTON,Ohio,4750,2025-03-19 14:07:00,Tennis Shoes,1,567.13,623.843,56.713
3452,NEWTON,Massachusetts,624,2025-03-21 12:15:00,Tennis Shoes,1,643.93,708.323,64.393
5368,FAIRFIELD,Connecticut,2984,2025-03-23 08:48:00,Tennis Shoes,1,541.53,595.683,54.153
354,AKRON,Ohio,5837,2025-03-18 12:53:00,Walking Shoes,1,493.73,543.103,49.373
286,VIRGINIA BEACH,Virginia,2876,2025-03-18 11:51:00,Walking Shoes,1,605.13,665.643,60.513
2398,LAFAYETTE,Louisiana,6215,2025-03-20 12:56:00,Walking Shoes,1,556.13,611.743,55.613
3380,WASHINGTON,District of Columbia,3661,2025-03-21 11:07:00,Walking Shoes,1,482.63,530.893,48.263
682,EL PASO,Texas,13,2025-03-18 17:29:00,Walking Shoes,1,548.33,603.163,54.833
5589,KNOXVILLE,Tennessee,889,2025-03-23 12:44:00,Walking Shoes,1,517.13,568.843,51.713
5157,TULSA,Oklahoma,5627,2025-03-22 20:55:00,Walking Shoes,1,517.13,568.843,51.713
6590,BERKELEY,California,4362,2025-03-24 11:13:00,Walking Shoes,1,517.13,568.843,51.713
2228,VERO BEACH,Florida,3330,2025-03-20 10:42:00,Walking Shoes,1,485.53,534.083,48.553
1428,INDEPENDENCE,Missouri,4178,2025-03-19 14:07:00,Walking Shoes,1,507.73,558.503,50.773
1433,KNOXVILLE,Tennessee,5518,2025-03-19 14:12:00,Walking Shoes,1,497.13,546.843,49.713
4983,DETROIT,Michigan,5038,2025-03-22 18:18:00,Clogs,1,487.13,535.843,48.713
4282,MC KEESPORT,Pennsylvania,3741,2025-03-22 09:15:00,Tennis Shoes,1,517.53,569.283,51.753
6850,LEVITTOWN,Pennsylvania,4114,2025-03-24 14:03:00,Boots,1,512.63,563.893,51.263
3895,FRESNO,California,6013,2025-03-21 19:02:00,Tennis Shoes,1,517.53,569.283,51.753
3676,BOISE,Idaho,7,2025-03-21 15:38:00,Tennis Shoes,1,485.53,534.083,48.553
278,ROANOKE,Virginia,5320,2025-03-18 11:45:00,Tennis Shoes,1,490.13,539.143,49.013
3067,MILWAUKEE,Wisconsin,5877,2025-03-20 21:36:00,Tennis Shoes,1,547.93,602.723,54.793
4473,PHILADELPHIA,Pennsylvania,160,2025-03-22 11:15:00,Tennis Shoes,1,586.13,644.743,58.613
2958,FORT WAYNE,Indiana,5029,2025-03-20 20:04:00,Tennis Shoes,1,493.53,542.883,49.353
2912,OGDEN,Utah,1746,2025-03-20 19:25:00,Tennis Shoes,1,569.13,626.043,56.913
7028,POMONA,California,5180,2025-03-24 16:27:00,Tennis Shoes,1,509.53,560.483,50.953
5714,WASHINGTON,District of Columbia,186,2025-03-23 14:44:00,Tennis Shoes,1,517.13,568.843,51.713
4813,CHULA VISTA,California,2414,2025-03-22 15:40:00,Tennis Shoes,1,527.13,579.843,52.713
3410,ABILENE,Texas,2056,2025-03-21 11:27:00,Tennis Shoes,1,537.13,590.843,53.713
4966,EL PASO,Texas,5287,2025-03-22 17:59:00,Clogs,1,487.13,535.843,48.713
7310,CANTON,Ohio,3271,2025-03-24 20:57:00,Tennis Shoes,1,505.13,555.643,50.513
5406,MEMPHIS,Tennessee,3036,2025-03-23 09:38:00,Tennis Shoes,1,439.13,483.043,43.913
125,DENVER,Colorado,6384,2025-03-18 09:40:00,Tennis Shoes,1,439.13,483.043,43.913
5873,TUCSON,Arizona,192,2025-03-23 17:20:00,Tennis Shoes,1,439.13,483.043,43.913
1691,GREENSBORO,North Carolina,2437,2025-03-19 17:33:00,Tennis Shoes,1,439.13,483.043,43.913
5729,ENGLEWOOD,Colorado,1002,2025-03-23 14:59:00,Tennis Shoes,1,439.13,483.043,43.913
2202,MANCHESTER,New Hampshire,244,2025-03-20 10:16:00,Accessories,1,439.13,483.043,43.913
5878,RALEIGH,North Carolina,5950,2025-03-23 17:26:00,Walking Shoes,1,439.13,483.043,43.913
162,SCHENECTADY,New York,3392,2025-03-18 10:22:00,Walking Shoes,1,439.13,483.043,43.913
551,DENVER,Colorado,3803,2025-03-18 15:29:00,Tennis Shoes,1,537.13,590.843,53.713
3277,CHICAGO,Illinois,4521,2025-03-21 09:29:00,Tennis Shoes,1,439.13,483.043,43.913
7065,EL PASO,Texas,5792,2025-03-24 16:53:00,Tennis Shoes,1,821.13,903.243,82.113
5583,SANTA CRUZ,California,5877,2025-03-23 12:42:00,Tennis Shoes,1,439.13,483.043,43.913
780,PALATINE,Illinois,6189,2025-03-18 19:52:00,Tennis Shoes,1,439.13,483.043,43.913
2287,JACKSON,Mississippi,5298,2025-03-20 11:29:00,Tennis Shoes,1,439.13,483.043,43.913
5471,LEES SUMMIT,Missouri,4424,2025-03-23 10:51:00,Tennis Shoes,1,439.13,483.043,43.913
4493,MEMPHIS,Tennessee,5794,2025-03-22 11:28:00,Boots,1,439.13,483.043,43.913
2678,SACRAMENTO,California,6114,2025-03-20 16:28:00,Climbing Shoes,1,439.13,483.043,43.913
753,ALBANY,New York,4476,2025-03-18 19:14:00,Climbing Shoes,1,439.13,483.043,43.913
5159,VALLEY FORGE,Pennsylvania,3987,2025-03-22 20:57:00,Tennis Shoes,1,439.13,483.043,43.913
3413,WHITE PLAINS,New York,381,2025-03-21 11:30:00,Tennis Shoes,1,439.13,483.043,43.913
6776,CHAMPAIGN,Illinois,549,2025-03-24 13:13:00,Tennis Shoes,1,439.13,483.043,43.913
4782,SANTA BARBARA,California,6215,2025-03-22 15:16:00,Tennis Shoes,1,439.13,483.043,43.913
161,NORWALK,Connecticut,2137,2025-03-18 10:21:00,Tennis Shoes,1,439.13,483.043,43.913
4755,HOUSTON,Texas,3814,2025-03-22 14:51:00,Tennis Shoes,1,439.13,483.043,43.913
4294,AUSTIN,Texas,3861,2025-03-22 09:24:00,Tennis Shoes,1,439.13,483.043,43.913
5441,GREENSBORO,North Carolina,4335,2025-03-23 10:06:00,Tennis Shoes,1,439.13,483.043,43.913
265,INDIANAPOLIS,Indiana,1977,2025-03-18 11:35:00,Tennis Shoes,1,439.13,483.043,43.913
1123,BILLINGS,Montana,2801,2025-03-19 10:29:00,Tennis Shoes,1,439.13,483.043,43.913
3664,MESA,Arizona,4,2025-03-21 15:25:00,Tennis Shoes,1,439.13,483.043,43.913
6424,HOUSTON,Texas,878,2025-03-24 09:30:00,Tennis Shoes,1,439.13,483.043,43.913
4918,EL PASO,Texas,4840,2025-03-22 17:09:00,Tennis Shoes,1,439.13,483.043,43.913
4273,LAKEWOOD,Washington,4411,2025-03-22 09:02:00,Tennis Shoes,1,439.13,483.043,43.913
3280,CHICAGO,Illinois,1745,2025-03-21 09:38:00,Tennis Shoes,1,439.13,483.043,43.913
4350,LAS VEGAS,Nevada,2320,2025-03-22 09:58:00,Tennis Shoes,1,439.13,483.043,43.913
1703,BRONX,New York,6344,2025-03-19 17:44:00,Tennis Shoes,1,439.13,483.043,43.913
3703,CLEARWATER,Florida,393,2025-03-21 15:59:00,Tennis Shoes,1,439.13,483.043,43.913
4980,INDIANAPOLIS,Indiana,3621,2025-03-22 18:14:00,Tennis Shoes,1,439.13,483.043,43.913
1624,SAN ANTONIO,Texas,2258,2025-03-19 16:42:00,Tennis Shoes,1,439.13,483.043,43.913
1089,MARIETTA,Georgia,1244,2025-03-19 10:04:00,Tennis Shoes,1,439.13,483.043,43.913
387,FORT LAUDERDALE,Florida,783,2025-03-18 13:15:00,Tennis Shoes,1,439.13,483.043,43.913
3261,FAIRFIELD,Connecticut,5167,2025-03-21 09:00:00,Tennis Shoes,1,439.13,483.043,43.913
5704,OMAHA,Nebraska,3342,2025-03-23 14:38:00,Tennis Shoes,1,439.13,483.043,43.913
7047,KANSAS CITY,Missouri,3895,2025-03-24 16:41:00,Tennis Shoes,1,439.13,483.043,43.913
3496,PANAMA CITY,Florida,1473,2025-03-21 12:46:00,Tennis Shoes,1,439.13,483.043,43.913
7034,WICHITA,Kansas,6440,2025-03-24 16:33:00,Tennis Shoes,1,439.13,483.043,43.913
5650,CHESAPEAKE,Virginia,6410,2025-03-23 13:43:00,Tennis Shoes,1,439.13,483.043,43.913
4981,YOUNG AMERICA,Minnesota,2819,2025-03-22 18:16:00,Walking Shoes,1,439.13,483.043,43.913
646,WICHITA,Kansas,1032,2025-03-18 16:50:00,Walking Shoes,1,439.13,483.043,43.913
5795,TOPEKA,Kansas,2259,2025-03-23 16:04:00,Walking Shoes,1,439.13,483.043,43.913
4691,NORTH LAS VEGAS,Nevada,840,2025-03-22 13:53:00,Boots,1,439.13,483.043,43.913
6393,APACHE JUNCTION,Arizona,541,2025-03-24 09:11:00,Tennis Shoes,1,439.13,483.043,43.913
3256,RIDGELY,Maryland,3263,2025-03-21 08:56:00,Tennis Shoes,1,439.13,483.043,43.913
2328,CLEVELAND,Ohio,6081,2025-03-20 11:52:00,Tennis Shoes,1,439.13,483.043,43.913
7036,EL PASO,Texas,4265,2025-03-24 16:34:00,Tennis Shoes,1,439.13,483.043,43.913
7082,CHARLESTON,South Carolina,4489,2025-03-24 17:11:00,Tennis Shoes,1,439.13,483.043,43.913
7095,WASHINGTON,District of Columbia,4339,2025-03-24 17:27:00,Tennis Shoes,1,439.13,483.043,43.913
7041,ALBUQUERQUE,New Mexico,3982,2025-03-24 16:39:00,Walking Shoes,1,439.13,483.043,43.913
5864,COLUMBIA,South Carolina,1531,2025-03-23 17:13:00,Walking Shoes,1,439.13,483.043,43.913
4556,JACKSON,Tennessee,2598,2025-03-22 12:12:00,Boots,1,439.13,483.043,43.913
7049,SACRAMENTO,California,1535,2025-03-24 16:42:00,Tennis Shoes,1,439.13,483.043,43.913
595,EL PASO,Texas,3047,2025-03-18 16:10:00,Tennis Shoes,1,615.13,676.643,61.513
348,MOUNTAIN VIEW,California,4822,2025-03-18 12:47:00,Tennis Shoes,1,537.13,590.843,53.713
3544,JACKSON,Mississippi,1432,2025-03-21 13:37:00,Boots,1,547.13,601.843,54.713
6548,FLINT,Michigan,2482,2025-03-24 10:42:00,Flip-Flops,1,547.13,601.843,54.713
3639,FORT PIERCE,Florida,1432,2025-03-21 15:01:00,Flip-Flops,1,537.13,590.843,53.713
5625,SACRAMENTO,California,4753,2025-03-23 13:17:00,Tennis Shoes,1,537.13,590.843,53.713
5510,SOUTH BEND,Indiana,2335,2025-03-23 11:40:00,Tennis Shoes,1,537.13,590.843,53.713
494,CORPUS CHRISTI,Texas,5262,2025-03-18 14:35:00,Tennis Shoes,1,537.13,590.843,53.713
3536,CHESAPEAKE,Virginia,1112,2025-03-21 13:28:00,Tennis Shoes,1,527.13,579.843,52.713
422,SPRINGFIELD,Massachusetts,2808,2025-03-18 13:36:00,Tennis Shoes,1,537.13,590.843,53.713
325,DENVER,Colorado,5301,2025-03-18 12:24:00,Tennis Shoes,1,537.13,590.843,53.713
193,ROCHESTER,New York,4057,2025-03-18 10:44:00,Tennis Shoes,1,537.13,590.843,53.713
1094,LEXINGTON,Kentucky,2704,2025-03-19 10:07:00,Tennis Shoes,1,497.13,546.843,49.713
3292,HOUSTON,Texas,6182,2025-03-21 09:48:00,Tennis Shoes,1,537.13,590.843,53.713
420,SAN DIEGO,California,2020,2025-03-18 13:34:00,Tennis Shoes,1,527.13,579.843,52.713
109,SACRAMENTO,California,3819,2025-03-18 09:28:00,Tennis Shoes,1,537.13,590.843,53.713
821,COLUMBIA,Missouri,4558,2025-03-18 20:47:00,Tennis Shoes,1,527.13,579.843,52.713
4372,SALT LAKE CITY,Utah,505,2025-03-22 10:11:00,Tennis Shoes,1,517.13,568.843,51.713
3801,LOS ANGELES,California,3368,2025-03-21 17:27:00,Tennis Shoes,1,537.13,590.843,53.713
4417,HARRISBURG,Pennsylvania,2751,2025-03-22 10:37:00,Tennis Shoes,1,527.13,579.843,52.713
418,SAINT PETERSBURG,Florida,4315,2025-03-18 13:32:00,Tennis Shoes,1,507.13,557.843,50.713
4891,WARREN,Ohio,2456,2025-03-22 16:50:00,Tennis Shoes,1,537.13,590.843,53.713
270,COLUMBUS,Ohio,747,2025-03-18 11:37:00,Tennis Shoes,1,537.13,590.843,53.713
5904,WASHINGTON,District of Columbia,1154,2025-03-23 17:51:00,Tennis Shoes,1,537.13,590.843,53.713
305,BRONX,New York,3051,2025-03-18 12:09:00,Tennis Shoes,1,507.13,557.843,50.713
7057,RIDGELY,Maryland,1750,2025-03-24 16:48:00,Tennis Shoes,1,537.13,590.843,53.713
4988,TUCSON,Arizona,5157,2025-03-22 18:24:00,Tennis Shoes,1,517.53,569.283,51.753
5865,BURBANK,California,3055,2025-03-23 17:13:00,Tennis Shoes,1,507.13,557.843,50.713
5545,NEW YORK CITY,New York,811,2025-03-23 12:13:00,Tennis Shoes,1,537.13,590.843,53.713
2255,LONGVIEW,Texas,3908,2025-03-20 11:06:00,Tennis Shoes,1,537.13,590.843,53.713
432,YOUNGSTOWN,Ohio,3899,2025-03-18 13:44:00,Tennis Shoes,1,517.13,568.843,51.713
5889,ATLANTA,Georgia,2653,2025-03-23 17:37:00,Tennis Shoes,1,537.13,590.843,53.713
4662,SAN ANGELO,Texas,1679,2025-03-22 13:31:00,Tennis Shoes,1,537.13,590.843,53.713
4542,JERSEY CITY,New Jersey,3345,2025-03-22 12:00:00,Tennis Shoes,1,537.13,590.843,53.713
5972,LEXINGTON,Kentucky,4200,2025-03-23 19:14:00,Tennis Shoes,1,497.13,546.843,49.713
159,COLORADO SPRINGS,Colorado,4553,2025-03-18 10:18:00,Tennis Shoes,2,635.13,698.643,63.513
6965,SAINT JOSEPH,Missouri,3640,2025-03-24 15:39:00,Flip-Flops,1,527.13,579.843,52.713
4660,MINNEAPOLIS,Minnesota,1195,2025-03-22 13:26:00,Tennis Shoes,1,537.13,590.843,53.713
2298,MIDLAND,Michigan,3430,2025-03-20 11:35:00,Tennis Shoes,1,537.13,590.843,53.713
1257,SACRAMENTO,California,3095,2025-03-19 12:06:00,Tennis Shoes,1,537.13,590.843,53.713
1354,CHESAPEAKE,Virginia,3591,2025-03-19 13:20:00,Tennis Shoes,1,537.13,590.843,53.713
6908,STOCKTON,California,2295,2025-03-24 14:41:00,Boots,1,537.13,590.843,53.713
5948,EL PASO,Texas,6178,2025-03-23 18:47:00,Tennis Shoes,1,625.13,687.643,62.513
5428,MANCHESTER,New Hampshire,1699,2025-03-23 09:56:00,Tennis Shoes,1,537.13,590.843,53.713
3257,NORTH LAS VEGAS,Nevada,4380,2025-03-21 08:58:00,Tennis Shoes,1,527.13,579.843,52.713
97,SAN ANTONIO,Texas,448,2025-03-18 09:07:00,Tennis Shoes,1,439.13,483.043,43.913
6098,MODESTO,California,4528,2025-03-23 21:17:00,Flip-Flops,1,585.13,643.643,58.513
182,DES MOINES,Iowa,3521,2025-03-18 10:33:00,Jackets,1,597.13,656.843,59.713
2527,FORT WAYNE,Indiana,117,2025-03-20 14:41:00,Jackets,1,597.13,656.843,59.713
4726,LUBBOCK,Texas,1745,2025-03-22 14:22:00,Running Shoes,1,439.13,483.043,43.913
1237,NEW BRUNSWICK,New Jersey,4430,2025-03-19 11:53:00,Tennis Shoes,1,537.13,590.843,53.713
619,TRENTON,New Jersey,1287,2025-03-18 16:26:00,Tennis Shoes,1,537.13,590.843,53.713
6392,KNOXVILLE,Tennessee,5381,2025-03-24 09:10:00,Tennis Shoes,1,653.13,718.443,65.313
172,NEW YORK CITY,New York,6166,2025-03-18 10:26:00,Tennis Shoes,1,537.13,590.843,53.713
6414,TAMPA,Florida,4684,2025-03-24 09:22:00,Tennis Shoes,1,439.13,483.043,43.913
5620,DES MOINES,Iowa,6400,2025-03-23 13:14:00,Tennis Shoes,1,537.13,590.843,53.713
1611,WASHINGTON,District of Columbia,42,2025-03-19 16:36:00,Tennis Shoes,1,517.13,568.843,51.713
3526,APACHE JUNCTION,Arizona,6279,2025-03-21 13:21:00,Tennis Shoes,1,527.13,579.843,52.713
5435,MIAMI,Florida,2956,2025-03-23 10:02:00,Tennis Shoes,1,635.13,698.643,63.513
4832,SANTA CLARA,California,3775,2025-03-22 16:02:00,Tennis Shoes,1,517.13,568.843,51.713
96,CUMMING,Georgia,765,2025-03-18 09:06:00,Tennis Shoes,1,537.13,590.843,53.713
761,PHILADELPHIA,Pennsylvania,4964,2025-03-18 19:25:00,Tennis Shoes,1,527.13,579.843,52.713
3839,MONTGOMERY,Alabama,1659,2025-03-21 18:13:00,Tennis Shoes,1,537.13,590.843,53.713
7075,TUCSON,Arizona,3915,2025-03-24 17:03:00,Tennis Shoes,1,497.13,546.843,49.713
3560,DALLAS,Texas,2003,2025-03-21 13:45:00,Tennis Shoes,1,537.13,590.843,53.713
5753,INDIANAPOLIS,Indiana,553,2025-03-23 15:21:00,Tennis Shoes,1,517.53,569.283,51.753
4360,VIRGINIA BEACH,Virginia,2536,2025-03-22 10:05:00,Tennis Shoes,1,537.13,590.843,53.713
90,CINCINNATI,Ohio,5658,2025-03-18 09:01:00,Tennis Shoes,1,625.13,687.643,62.513
5970,TULSA,Oklahoma,2989,2025-03-23 19:11:00,Tennis Shoes,1,537.13,590.843,53.713
6708,SALT LAKE CITY,Utah,3029,2025-03-24 12:22:00,Tennis Shoes,1,537.13,590.843,53.713
202,SALT LAKE CITY,Utah,4831,2025-03-18 10:46:00,Tennis Shoes,1,527.13,579.843,52.713
3778,WINSTON SALEM,North Carolina,1708,2025-03-21 17:00:00,Tennis Shoes,1,537.13,590.843,53.713
3283,MESA,Arizona,5445,2025-03-21 09:41:00,Tennis Shoes,1,537.13,590.843,53.713
6987,DETROIT,Michigan,1556,2025-03-24 15:52:00,Tennis Shoes,7,6319.13,6951.043,631.913
4702,CHARLOTTE,North Carolina,4437,2025-03-22 14:06:00,Tennis Shoes,1,527.13,579.843,52.713
5882,MESA,Arizona,5037,2025-03-23 17:32:00,Running Shoes,1,634.13,697.543,63.413
3628,METAIRIE,Louisiana,2128,2025-03-21 14:47:00,Flip-Flops,1,507.13,557.843,50.713
4577,WASHINGTON,District of Columbia,5049,2025-03-22 12:29:00,Tennis Shoes,1,1017.13,1118.843,101.713
3827,IOWA CITY,Iowa,333,2025-03-21 18:02:00,Tennis Shoes,1,497.13,546.843,49.713
4811,BIRMINGHAM,Alabama,4203,2025-03-22 15:37:00,Tennis Shoes,1,485.53,534.083,48.553
2334,SEATTLE,Washington,3907,2025-03-20 11:58:00,Tennis Shoes,1,555.13,610.643,55.513
